d 1 654
d 1 226
d 1 424
d 1 130
d 1 42
d 1 856
d 1 145
d 1 17663
d 1 17664
d 1 17665
d 1 41
d 1 49
d 1 399
d 1 313
d 1 556
d 1 454
d 1 828
d 1 133
d 1 284
d 1 114
d 1 48
d 1 775
d 1 177
d 1 106
d 1 589
d 1 321
d 1 377
d 1 272
d 1 742
d 1 1
d 1 203
d 1 185
d 1 78
d 1 402
d 1 718
d 1 80
d 1 158
d 1 381
d 1 789
d 1 40
d 1 335
d 1 55
d 1 206
d 1 241
d 1 344
d 1 228
d 1 213
d 1 517
d 1 442
d 1 134
d 1 857
d 1 869
d 1 503
d 1 395
d 1 484
d 1 512
d 1 103
d 1 836
d 1 778
d 1 855
d 1 81
d 1 39
d 1 797
d 1 534
d 1 3330
d 1 25
d 1 464
d 1 707
d 1 546
d 1 871
d 1 651
d 1 480
d 1 17673
d 1 316
d 1 139
d 1 401
d 1 12174
d 1 132
d 1 486
d 1 550
d 1 14
d 1 35
d 1 176
d 1 438
d 1 85
d 1 87
d 1 109
d 1 822
d 1 391
d 1 116
d 1 772
d 1 73
d 1 129
d 1 47
d 1 657
d 1 693
d 1 86
d 1 475
d 1 183
d 1 338
d 1 745
d 1 762
d 1 820
d 1 290
d 1 189
d 1 156
d 1 504
d 1 356
d 1 469
d 1 501
d 1 435
d 1 387
d 1 53
d 1 787
d 1 108
d 1 766
d 1 17
d 1 849
d 1 418
d 1 572
d 1 369
d 1 417
d 1 1637
d 1 34
d 1 767
d 1 483
d 1 350
d 1 169
d 1 140
d 1 238
d 1 135
d 1 16
d 1 121
d 1 97
d 1 455
d 1 6075
d 1 255
d 1 553
d 1 70
d 1 218
d 1 230
d 1 46
d 1 523
d 1 429
d 1 835
d 1 367
d 1 490
d 1 126
d 1 138
d 1 716
d 1 51
d 1 845
d 1 61
d 1 689
d 1 301
d 1 150
d 1 252
d 1 317
d 1 830
d 1 698
d 1 359
d 1 208
d 1 866
d 3 3937
d 1 606
d 1 201
d 1 142
d 1 95
d 1 186
d 1 119
d 1 414
d 1 807
d 1 258
d 1 122
d 1 659
d 1 232
d 1 500
d 3 308
d 1 777
d 1 96
d 1 838
d 1 540
d 1 166
d 1 5
d 1 487
d 1 100
d 1 146
d 1 171
d 1 286
d 1 346
d 1 756
d 1 56
d 1 763
d 1 773
d 1 508
d 3 8534
d 1 45
d 1 600
d 1 527
d 1 227
d 1 193
d 1 485
d 1 181
d 1 105
d 1 180
d 1 333
d 1 574
d 1 739
d 1 90
d 1 110
d 1 451
d 1 131
d 1 479
d 1 701
d 1 786
d 1 67
d 1 173
d 1 537
d 1 98
d 1 370
d 1 617
d 1 162
d 1 727
d 1 152
d 1 730
d 1 378
d 1 23152
d 1 492
d 1 254
d 1 467
d 1 547
d 1 837
d 1 21
d 1 567
d 1 588
d 1 561
d 1 774
d 1 5000
d 1 17671
d 1 711
d 1 247
d 1 670
d 1 544
d 1 104
d 1 17668
d 1 71
d 1 615
d 1 629
d 1 52
d 1 713
d 1 343
d 1 841
d 1 82
d 1 781
d 1 433
d 1 151
d 1 322
d 1 754
d 1 446
d 1 678
d 1 643
d 1 876
d 1 791
d 1 318
d 1 167
d 1 559
d 1 20
d 1 481
d 1 548
d 1 157
d 1 596
d 1 877
d 1 652
d 1 279
d 1 868
d 1 242
d 1 28
d 1 409
d 1 250
d 1 851
d 4 41
d 1 17674
d 1 13
d 1 161
d 1 457
d 1 357
d 1 694
d 1 590
d 1 352
d 1 563
d 1 229
d 1 637
d 1 239
d 1 149
d 1 746
d 1 597
d 1 366
d 1 144
d 1 347
d 1 311
d 1 466
d 1 159
d 1 522
d 1 5237
d 1 115
d 1 182
d 1 719
d 1 62
d 1 717
d 1 111
d 1 43
d 1 571
d 1 680
d 1 400
d 1 788
d 1 601
d 1 275
d 1 832
d 1 12
d 1 330
d 1 687
d 1 191
d 1 382
d 1 660
d 1 581
d 1 259
d 1 748
d 1 861
d 1 379
d 1 217
d 1 17670
d 1 91
d 1 827
d 1 65
d 1 923
d 1 405
d 1 697
d 1 365
d 1 428
d 1 309
d 1 396
d 1 453
d 1 312
d 1 408
d 1 706
d 1 10712
d 1 535
d 1 75
d 1 263
d 1 665
d 1 74
d 1 332
d 1 268
d 1 188
d 3 1868
d 1 6422
d 1 342
d 1 834
d 1 6076
d 4 8622
d 3 1
d 1 64
d 1 117
d 1 826
d 1 776
d 1 557
d 1 10811
d 1 521
d 1 297
d 1 194
d 1 579
d 1 3048
d 1 462
d 1 812
d 1 358
d 1 513
d 1 668
d 1 709
d 1 271
d 1 443
d 1 710
d 1 714
d 1 298
d 1 320
d 1 810
d 1 798
d 1 802
d 1 219
d 1 240
d 1 22
d 1 448
d 1 818
d 1 99
d 1 4
d 1 36
d 1 614
d 1 22539
d 1 432
d 1 879
d 1 327
d 1 276
d 1 587
d 1 3331
d 1 568
d 1 1515
d 1 264
d 1 385
d 1 348
d 1 15
d 1 821
d 1 780
d 1 543
d 1 790
d 1 24806
d 1 89
d 1 57
d 1 248
d 1 125
d 1 280
d 1 24
d 1 257
d 1 5876
d 1 69
d 1 388
d 1 421
d 1 741
d 1 460
d 1 147
d 1 212
d 1 491
d 1 638
d 1 1635
d 1 192
d 1 32
d 1 195
d 1 363
d 1 88
d 1 468
d 1 569
d 1 598
d 1 734
d 1 677
d 1 796
d 1 695
d 4 13846
d 1 11983
d 1 863
d 1 31
d 1 562
d 1 853
d 1 667
d 1 72
d 1 858
d 1 449
d 1 880
d 1 224
d 1 29
d 1 204
d 1 1636
d 1 54
d 1 175
d 1 328
d 1 11637
d 1 413
d 1 386
d 1 862
d 1 430
d 1 354
d 1 274
d 1 295
d 1 60
d 3 619
d 1 307
d 1 79
d 4 506
d 1 3
d 1 215
d 1 497
d 1 6107
d 3 17948
d 1 551
d 1 143
d 1 584
d 1 10
d 1 220
d 1 364
d 1 12505
d 1 618
d 1 415
d 1 505
d 1 575
d 3 3645
d 3 3646
d 3 3705
d 1 743
d 1 380
d 1 599
d 1 245
d 1 431
d 1 277
d 1 178
d 3 24766
d 1 474
d 1 190
d 1 647
d 1 782
d 1 803
d 1 112
d 1 329
d 1 685
d 1 11
d 1 625
d 1 515
d 1 549
d 1 44
d 1 679
d 1 93
d 1 681
d 3 8535
d 1 392
d 1 8
d 1 676
d 1 650
d 1 3201
d 1 758
d 1 246
d 1 675
d 1 744
d 1 179
d 1 124
d 1 128
d 1 92
d 1 761
d 1 811
d 1 489
d 1 233
d 1 17667
d 1 30
d 1 345
d 4 2147
d 1 7828
d 1 59
d 1 120
d 3 4621
d 1 420
d 1 38
d 1 859
d 1 6106
d 1 875
d 1 339
d 4 2436
d 1 27
d 1 267
d 1 511
d 1 696
d 1 722
d 1 102
d 1 184
d 1 187
d 1 18
d 1 315
d 1 11762
d 1 656
d 1 261
d 1 434
d 3 311
d 3 310
d 1 609
d 1 2
d 1 794
d 1 123
d 1 539
d 1 361
d 1 735
d 1 3869
d 4 2930
d 1 231
d 1 459
d 1 303
d 1 473
d 1 237
d 1 536
d 1 616
d 1 168
d 3 4
d 1 300
d 1 805
d 1 641
d 1 768
d 1 84
d 5 344
d 1 222
d 1 874
d 1 174
d 1 7747
d 1 256
d 1 165
d 3 342
d 1 644
d 1 463
d 1 724
d 1 1470
d 1 740
d 1 17675
d 1 608
d 1 199
d 1 526
d 1 799
d 1 411
d 1 519
d 1 632
d 1 661
d 1 341
d 1 398
d 1 611
d 1 331
d 1 210
d 1 154
d 1 324
d 1 7
d 1 764
d 1 870
d 1 170
d 1 314
d 1 340
d 1 17618
d 1 751
d 1 621
d 1 528
d 1 825
d 1 555
d 1 520
d 1 542
d 1 5175
d 1 525
d 1 16273
d 1 107
d 1 585
d 4 4092
d 1 573
d 1 441
d 1 10713
d 1 17676
d 3 14
d 1 83
d 1 688
d 1 633
d 1 860
d 1 723
d 1 576
d 1 823
d 1 642
d 1 63
d 1 12330
d 3 4687
d 1 514
d 1 566
d 1 752
d 1 759
d 1 3925
d 1 663
d 1 6074
d 5 7297
d 1 24812
d 1 394
d 1 136
d 1 753
d 1 662
d 1 291
d 1 471
d 3 3525
d 1 15470
d 3 10523
d 1 684
d 1 404
d 1 21095
d 3 1874
d 1 605
d 1 447
d 1 17672
d 3 3
d 1 7264
d 1 9560
d 1 24429
d 4 5201
d 1 800
d 1 476
d 1 11080
d 3 438
d 1 4933
d 1 393
d 3 12751
d 1 37
d 1 672
d 1 592
d 1 8814
d 1 376
d 1 12142
d 1 137
d 4 529
d 1 692
d 1 737
d 3 6896
d 1 155
d 1 287
d 1 649
d 1 17177
d 1 8585
d 1 202
d 3 1485
d 1 118
d 1 13704
d 1 844
d 1 77
d 3 7179
d 3 7180
d 1 558
d 3 2271
d 1 289
d 1 416
d 1 8327
d 1 141
d 5 6
d 1 843
d 1 436
d 4 6112
d 1 673
d 1 11594
d 1 3049
d 1 68
d 1 554
d 1 482
d 1 578
d 4 2438
d 1 509
d 1 813
d 4 98
d 1 278
d 3 24971
d 1 636
d 1 686
d 1 757
d 1 842
d 3 826
d 1 795
d 3 2702
d 1 806
d 1 664
d 1 769
d 1 6559
d 1 50
d 1 699
d 1 507
d 1 864
d 5 17448
d 5 8
d 5 20518
d 5 20519
d 4 4988
d 1 113
d 1 770
d 1 243
d 1 269
d 5 2549
d 3 7868
d 3 1275
d 1 674
d 1 2640
d 1 7263
d 1 127
d 1 817
d 4 1001
d 1 205
d 4 6
d 1 733
d 1 101
d 1 253
d 1 669
d 4 14211
d 1 422
d 1 19
d 1 452
d 1 645
d 1 197
d 5 399
d 1 458
d 1 17494
d 1 624
d 1 477
d 4 63
d 1 410
d 1 784
d 3 8641
d 1 450
d 1 437
d 1 833
d 3 9064
d 1 323
d 1 33
d 1 712
d 1 172
d 1 223
d 1 872
d 1 700
d 1 620
d 1 19709
d 1 658
d 1 779
d 1 353
d 1 783
d 1 2915
d 1 565
d 1 304
d 1 831
d 1 299
d 1 5003
d 3 4582
d 1 848
d 1 628
d 4 7984
d 1 755
d 1 419
d 3 732
d 1 270
d 1 403
d 1 865
d 1 604
d 1 23153
d 1 854
d 1 570
d 3 378
d 3 2217
d 4 3819
d 1 683
d 1 819
d 1 708
d 3 309
d 1 288
d 3 7340
d 1 148
d 1 389
d 4 599
d 1 499
d 1 5002
d 1 847
d 1 14070
d 4 7279
d 4 7280
d 1 878
d 1 19286
d 1 721
d 4 19773
d 1 495
d 1 15405
d 1 17617
d 5 13127
d 3 11423
d 1 58
d 1 518
d 1 373
d 1 747
d 4 2536
d 1 478
d 1 785
d 1 10812
d 4 15599
d 3 22945
d 3 3647
d 1 23271
d 5 17636
d 1 7029
d 1 506
d 1 10261
d 1 804
d 5 17638
d 1 390
d 1 690
d 1 3542
d 1 9
d 1 24495
d 3 439
d 1 682
d 4 10806
d 3 3227
d 1 12655
d 1 221
d 1 26
d 3 13989
d 3 24014
d 1 824
d 1 516
d 1 336
d 3 6428
d 1 14069
d 4 11061
d 1 372
d 1 5918
d 5 2351
d 1 12854
d 1 15399
d 4 24236
d 1 816
d 3 7539
d 4 1051
d 1 10808
d 3 7618
d 1 13086
d 1 244
d 4 1562
d 1 293
d 1 423
d 1 524
d 1 1514
d 1 612
d 1 10305
d 1 626
d 1 198
d 1 17091
d 4 11608
d 3 5143
d 1 15894
d 1 619
d 1 648
d 1 14732
d 5 414
d 3 3706
d 1 355
d 4 13848
d 5 19095
d 1 586
d 1 846
d 1 4885
d 4 6591
d 3 9017
d 3 5109
d 3 91
d 1 640
d 1 17666
d 4 875
d 3 4171
d 3 3733
d 1 666
d 4 10269
d 1 22538
d 5 11265
d 1 792
d 1 728
d 1 635
d 1 21199
d 5 8148
d 1 465
d 3 6357
d 4 12785
d 3 9860
d 1 627
d 1 12057
d 3 24603
d 3 17949
d 1 11768
d 4 5693
d 3 9367
d 1 691
d 1 266
d 3 4627
d 1 6
d 1 646
d 5 11405
d 1 545
d 4 2439
d 4 5695
d 1 613
d 1 7133
d 3 10015
d 1 8330
d 1 771
d 1 302
d 3 15413
d 5 1286
d 5 21458
d 5 2161
d 1 738
d 1 852
d 3 9126
d 5 5196
d 4 2188
d 3 10493
d 4 22341
d 1 671
d 4 22342
d 3 14837
d 5 7298
d 3 4622
d 1 235
d 3 15982
d 3 15983
d 1 9967
d 3 15838
d 1 3172
d 1 216
d 1 6108
d 1 3894
d 4 564
d 1 375
d 3 19659
d 3 3507
d 3 6898
d 4 6113
d 3 993
d 4 2272
d 3 13307
d 3 3129
d 5 1144
d 5 8184
d 1 461
d 1 281
d 4 4695
d 1 9614
d 4 943
d 3 17950
d 5 13842
d 1 383
d 3 4693
d 1 94
d 3 9869
d 3 2196
d 5 11143
d 1 653
d 3 2786
d 3 10415
d 3 2990
d 1 426
d 1 282
d 1 11871
d 4 24687
d 1 306
d 1 13493
d 3 3644
d 1 472
d 1 655
d 1 6078
d 3 7181
d 3 7021
d 1 283
d 5 4454
d 4 40
d 3 4266
d 5 3552
d 4 9501
d 1 24162
d 1 749
d 4 10864
d 5 4437
d 1 18575
d 5 9174
d 1 23
d 4 42
d 5 19
d 1 66
d 1 15818
d 3 16063
d 5 22165
d 4 7541
d 1 541
d 1 6642
d 1 7281
d 3 81
d 3 18601
d 3 19732
d 5 112
d 5 6768
d 5 11716
d 1 705
d 1 12056
d 1 24175
d 1 22577
d 1 16592
d 1 13350
d 4 20473
d 3 3386
d 1 296
d 5 53
d 4 2465
d 3 18600
d 1 18906
d 5 6241
d 5 22325
d 1 19156
d 3 8062
d 3 3229
d 3 22052
d 1 13749
d 1 2916
d 1 20748
d 4 17108
d 1 425
d 5 7123
d 4 7796
d 3 10740
d 3 16941
d 5 4396
d 3 12830
d 5 12610
d 1 17406
d 5 10242
d 4 3338
d 5 12754
d 1 10874
d 5 10641
d 3 8004
d 4 5167
d 5 6203
d 3 2455
d 3 1912
d 1 11700
d 4 108
d 3 21022
d 5 6114
d 1 10809
d 1 16274
d 1 13860
d 4 5619
d 4 14011
d 1 494
d 3 2989
d 5 4554
d 5 6368
d 3 2
d 5 265
d 5 13128
d 3 13317
d 1 6950
d 1 839
d 3 10741
d 3 21269
d 1 17118
d 1 510
d 3 6007
d 4 8132
d 4 23506
d 1 20913
d 5 10206
d 1 211
d 1 11767
d 1 12437
d 4 8784
d 3 6868
d 4 15224
d 1 22025
d 4 15973
d 4 15974
d 3 15410
d 4 19772
d 4 18653
d 3 5334
d 4 10838
d 4 21700
d 3 6897
d 1 23420
d 4 22513
d 3 8820
d 4 21041
d 4 2437
d 5 12049
d 1 1513
d 1 15080
d 5 17637
d 1 10187
d 1 21096
d 1 9324
d 1 19475
d 4 22201
d 1 15446
d 3 9299
d 4 187
d 1 17399
d 3 24795
d 1 14064
d 4 21749
d 1 7748
d 1 19287
d 5 11404
d 4 12983
d 5 6091
d 3 4694
d 1 12118
d 5 23363
d 1 15654
d 1 16275
d 1 538
d 5 24332
d 3 24148
d 3 5590
d 3 11527
d 4 68
d 4 11657
d 5 5299
d 4 15756
d 3 3677
d 1 6073
d 3 5655
d 3 9295
d 3 24558
d 1 4849
d 4 7985
d 4 19255
d 5 2637
d 1 14512
d 1 3926
d 4 11181
d 1 13900
d 1 11766
d 4 13709
d 5 19480
d 4 8854
d 3 2029
d 1 18917
d 4 20911
d 4 20913
d 4 20914
d 1 496
d 3 9642
d 5 949
d 3 4172
d 1 11984
d 1 5001
d 3 7758
d 4 21213
d 4 21214
d 3 6367
d 1 20253
d 1 1471
d 5 13246
d 3 13592
d 3 16794
d 5 2944
d 4 21042
d 4 12533
d 5 16545
d 4 21408
d 5 111
d 4 23760
d 3 9861
d 4 14473
d 3 19470
d 3 19471
d 4 1208
d 3 2857
d 1 14229
d 3 24125
d 5 1380
d 4 3386
d 1 1857
d 4 10999
d 4 4017
d 3 7068
d 1 9991
d 3 15711
d 3 10769
d 1 12331
d 3 3707
d 3 3395
d 4 23036
d 1 7609
d 5 17311
d 5 18073
d 1 12853
d 3 14031
d 5 23878
d 4 19946
d 5 3046
d 4 451
d 5 17312
d 5 17313
d 1 17825
d 3 6895
d 3 6445
d 5 14022
d 3 20122
d 4 12381
d 1 17669
d 1 21836
d 3 3205
d 3 1907
d 5 251
d 3 12428
d 4 20918
d 3 1100
d 3 11105
d 5 12710
d 1 13981
d 1 15081
d 4 20196
d 1 11385
d 5 16877
d 1 6641
d 3 7272
d 4 2260
d 4 2261
d 5 15210
d 4 737
d 3 23817
d 1 9980
d 5 20520
d 4 23820
d 3 24609
d 4 8445
d 4 17670
d 1 18176
d 5 461
d 4 18829
d 4 8624
d 4 17924
d 5 929
d 1 13195
d 5 3696
d 1 3774
d 3 21910
d 3 6070
d 4 12380
d 1 20624
d 4 14619
d 5 763
d 5 18324
d 4 8422
d 3 19813
d 3 15050
d 3 6843
d 4 2100
d 3 8640
d 3 9058
d 1 13181
d 4 4114
d 5 10829
d 5 24579
d 5 6429
d 1 19023
d 5 676
d 1 20371
d 4 2940
d 5 17513
d 5 1147
d 5 10374
d 1 10810
d 3 7530
d 1 2708
d 4 177
d 3 4317
d 4 4401
d 1 10807
d 4 70
d 4 13847
d 4 22062
d 4 20917
d 5 10687
d 3 3198
d 1 20343
d 3 7601
d 4 126
d 1 22058
d 1 19483
d 1 6960
d 1 11593
d 3 5595
d 4 15530
d 3 6614
d 1 15651
d 4 21352
d 4 7780
d 1 7827
d 3 2398
d 1 12119
d 1 16474
d 3 14840
d 3 16262
d 3 21291
d 4 24905
d 3 16138
d 5 3918
d 4 13198
d 4 2171
d 3 4293
d 4 2733
d 4 2734
d 5 5045
d 3 14396
d 3 6865
d 4 16907
d 5 3920
d 4 18353
d 4 20991
d 4 9075
d 3 20951
d 5 14076
d 5 5024
d 5 22605
d 4 5083
d 3 16173
d 3 19870
d 3 16129
d 5 17449
d 4 18166
d 5 22736
d 1 16993
d 1 14902
d 4 7964
d 5 51
d 3 12927
d 3 13187
d 4 9975
d 1 18190
d 1 19461
d 3 3516
d 5 130
d 3 15025
d 4 12256
d 3 13150
d 4 13647
d 3 6202
d 5 771
d 5 4477
d 1 21651
d 4 16463
d 1 16355
d 1 11558
d 5 393
d 5 5297
d 4 4262
d 3 14802
d 3 14083
d 4 11636
d 1 326
d 3 17202
d 5 14178
d 5 5022
d 3 17365
d 4 7218
d 1 22851
d 3 10300
d 4 8562
d 5 21525
d 3 23171
d 1 15505
d 4 20915
d 3 7113
d 3 18128
d 4 11623
d 1 17442
d 4 461
d 3 19523
d 3 19524
d 3 19525
d 3 21071
d 3 5632
d 4 16926
d 3 7080
d 1 9702
d 1 15929
d 1 1578
d 3 18255
d 4 22101
d 4 7281
d 5 16662
d 1 11699
d 5 2159
d 3 17534
d 4 18255
d 3 11473
d 4 930
d 1 14914
d 3 14871
d 4 11702
d 5 24678
d 1 7872
d 5 24802
d 3 15990
d 4 1015
d 3 16130
d 1 9666
d 3 16784
d 3 21086
d 5 18681
d 1 20776
d 5 8858
d 5 707
d 5 4577
d 3 8755
d 5 14492
d 4 18695
d 5 3159
d 5 3405
d 5 5120
d 4 16908
d 5 3660
d 4 16344
d 1 24696
d 3 24678
d 3 13739
d 1 10622
d 4 8366
d 1 17266
d 1 22367
d 3 6104
d 1 12337
d 4 16701
d 4 8988
d 1 24829
d 3 4457
d 5 8310
d 1 21686
d 5 1137
d 1 14996
d 5 18487
d 5 5100
d 5 2446
d 4 15609
d 5 23877
d 1 14864
d 4 6214
d 1 21735
d 5 13554
d 3 9576
d 3 12678
d 5 23455
d 4 12748
d 3 19861
d 3 10681
d 1 6424
d 3 7236
d 1 17766
d 4 13630
d 4 14721
d 3 13253
d 4 2779
d 5 21411
d 3 14979
d 3 12802
d 5 8692
d 4 11510
d 5 16934
d 1 9946
d 3 13283
d 5 4841
d 3 11230
d 4 2393
d 5 6460
d 3 5698
d 4 18678
d 4 17204
d 3 15411
d 1 9900
d 1 12926
d 1 12927
d 5 17030
d 3 14883
d 3 14884
d 3 7757
d 4 7723
d 4 16341
d 4 19688
d 5 16741
d 4 13197
d 1 2461
d 1 10514
d 1 18022
d 1 14031
d 3 19130
d 4 17997
d 4 2735
d 5 18774
d 4 24379
d 5 23611
d 5 23492
d 4 5229
d 4 16323
d 3 14836
d 4 24506
d 4 24505
d 3 22828
d 4 2374
d 3 19960
d 3 5627
d 1 5075
d 3 20312
d 1 13035
d 4 15146
d 1 4692
d 3 13728
d 3 20986
d 1 21247
d 5 6695
d 4 9963
d 5 14771
d 3 1319
d 1 20848
d 5 19263
d 1 14765
d 5 23668
d 4 18785
d 4 12534
d 3 24015
d 5 8185
d 1 23010
d 5 13607
d 3 17745
d 4 4023
d 5 5298
d 4 10918
d 1 23223
d 3 8323
d 5 23757
d 1 4699
d 5 11259
d 1 7934
d 5 4310
d 5 6547
d 4 14618
d 4 12780
d 1 24669
d 5 23602
d 1 9587
d 4 13458
d 1 3266
d 5 1447
d 1 16021
d 5 1139
d 5 18250
d 4 223
d 4 14696
d 5 17040
d 3 11401
d 5 324
d 5 6868
d 1 17251
d 3 10225
d 4 22260
d 1 2734
d 4 13236
d 4 19200
d 3 4269
d 5 8289
d 4 3181
d 3 3021
d 3 7705
d 5 23880
d 1 1880
d 3 13070
d 3 13254
d 3 12831
d 3 20503
d 5 23879
d 5 11280
d 4 13321
d 3 21856
d 5 19150
d 5 4807
d 3 12741
d 4 19061
d 5 8570
d 3 6192
d 5 9024
d 5 10142
d 1 10648
d 4 14770
d 3 20850
d 3 7392
d 3 2239
d 4 20733
d 4 21438
d 3 5813
d 1 3656
d 5 17414
d 3 11922
d 4 21640
d 5 8149
d 4 5305
d 5 1429
d 5 13313
d 4 21031
d 4 1468
d 3 18339
d 4 14394
d 1 24593
d 4 23905
d 4 13398
d 3 152
d 3 14841
d 1 22747
d 1 18819
d 3 8349
d 4 18840
d 1 2539
d 3 67
d 5 18753
d 4 3221
d 4 2513
d 1 969
d 3 17179
d 3 14212
d 4 15485
d 3 11619
d 5 10141
d 3 19846
d 3 663
d 3 8892
d 5 23881
d 5 22050
d 5 8914
d 1 12117
d 1 1252
d 4 11771
d 1 6458
d 3 21246
d 1 14134
d 3 7714
d 4 24106
d 5 10289
d 5 7471
d 3 3231
d 5 1904
d 3 24561
d 1 1226
d 4 6004
d 4 1287
d 3 516
d 4 3225
d 4 3224
d 4 3226
d 1 12116
d 5 16808
d 5 12005
d 5 3513
d 4 21043
d 4 2800
d 3 16896
d 1 14806
d 1 21670
d 4 20672
d 1 20992
d 1 1751
d 3 24037
d 4 13760
d 1 9730
d 1 20775
d 1 8715
d 5 10929
d 4 18654
d 3 6024
d 3 11403
d 3 13397
d 3 11255
d 3 16907
d 1 9086
d 4 23408
d 3 5577
d 4 20912
d 5 338
d 1 4179
d 5 1160
d 3 16852
d 4 10276
d 1 5634
d 4 21561
d 3 18885
d 1 5605
d 5 10417
d 4 20916
d 3 10150
d 1 18213
d 3 13328
d 3 15390
d 1 16562
d 4 13250
d 1 6807
d 3 7704
d 4 22349
d 1 9076
d 5 6195
d 3 18594
d 1 12654
d 5 21708
d 1 20773
d 4 10677
d 1 6544
d 5 5360
d 5 6795
d 5 16680
d 4 22243
d 4 3182
d 3 11612
d 5 290
d 1 20289
d 5 16983
d 3 9862
d 1 7255
d 1 10447
d 3 21253
d 5 12238
d 1 2823
d 5 14461
d 3 23134
d 3 7988
d 3 21785
d 1 13855
d 3 20963
d 4 15975
d 4 5578
d 1 22824
d 1 20382
d 3 15249
d 1 19864
d 3 19310
d 5 3465
d 4 21023
d 3 23851
d 4 11851
d 5 22682
d 3 2464
d 3 14590
d 1 23201
d 5 21182
d 3 2435
d 5 14319
d 4 11380
d 3 10444
d 4 7935
d 3 5854
d 4 10201
d 5 22737
d 3 18310
d 4 4149
d 4 13910
d 3 21653
d 4 417
d 5 19817
d 5 13000
d 5 3183
d 4 14668
d 1 18033
d 4 13305
d 1 9607
d 3 20380
d 4 4274
d 1 17156
d 1 6466
d 1 10292
d 1 5843
d 3 20701
d 1 8290
d 3 24668
d 4 11464
d 4 21215
d 5 20395
d 4 9922
d 1 8149
d 5 15523
d 4 9102
d 1 22205
d 4 22840
d 3 16573
d 1 22765
d 4 19608
d 1 8675
d 1 12514
d 1 6116
d 3 13642
d 3 23203
d 4 8368
d 3 8350
d 1 3655
d 1 15394
d 1 20914
d 3 20957
d 1 21274
d 4 13231
d 1 17575
d 3 83
d 5 3684
d 1 10107
d 1 23603
d 3 796
d 5 12104
d 4 5787
d 1 18096
d 1 18097
d 1 18098
d 1 18099
d 4 8842
d 1 14300
d 3 20495
d 4 24646
d 1 4171
d 4 24083
d 3 16482
d 4 242
d 1 3221
d 5 11854
d 5 8960
d 4 24228
d 3 1162
d 4 22810
d 1 15506
d 1 7930
d 3 17375
d 5 9827
d 1 3228
d 4 24056
d 5 1668
d 1 24714
d 4 20327
d 4 23560
d 1 4764
d 3 23971
d 3 12626
d 3 1432
d 1 18607
d 3 21691
d 3 19304
d 4 20559
d 4 36
d 1 11201
d 4 21078
d 5 17251
d 5 1582
d 3 22291
d 5 17678
d 1 7461
d 3 12333
d 3 2207
d 1 12161
d 1 13311
d 1 22370
d 4 23479
d 5 4842
d 4 10728
d 1 22766
d 4 574
d 4 8281
d 4 24906
d 1 21104
d 3 18889
d 1 20010
d 4 6077
d 1 23485
d 1 1973
d 4 5059
d 5 19423
d 4 13156
d 5 15804
d 1 14966
d 5 10415
d 4 19199
d 1 21732
d 5 20537
d 1 11333
d 3 9235
d 5 16753
d 1 8716
d 1 19424
d 5 18465
d 1 7959
d 5 126
d 4 19060
d 5 7763
d 5 19047
d 3 15121
d 3 18337
d 3 7421
d 4 2067
d 5 5110
d 3 8390
d 4 16282
d 4 1984
d 5 3505
d 5 5367
d 3 14839
d 3 8746
d 1 9989
d 1 11839
d 4 15668
d 1 20774
d 1 21455
d 1 4401
d 1 23754
d 1 19927
d 1 6818
d 4 22352
d 5 3995
d 5 13621
d 5 19624
d 4 22548
d 4 23379
d 4 11584
d 1 22443
d 5 16642
d 4 19742
d 3 9940
d 1 13006
d 3 6107
d 5 16764
d 3 2652
d 1 22482
d 5 16183
d 1 10717
d 1 21146
d 3 13996
d 1 13243
d 5 449
d 3 14835
d 3 2618
d 1 4984
d 5 7247
d 4 16684
d 3 6788
d 4 1452
d 1 19147
d 5 10754
d 3 24625
d 3 9610
d 1 19091
d 1 17313
d 5 15717
d 3 23113
d 3 22158
d 1 21268
d 5 12231
d 5 1312
d 1 20919
d 5 22718
d 5 20733
d 4 6819
d 4 6241
d 4 8204
d 1 19769
d 1 22223
d 3 2392
d 1 24947
d 1 6715
d 1 20668
d 1 10715
d 1 13822
d 4 23011
d 4 3781
d 4 10870
d 5 19023
d 5 19024
d 5 8478
d 5 20869
d 1 1790
d 5 11801
d 3 24218
d 5 23364
d 5 13983
d 5 12636
d 5 20894
d 4 16881
d 4 10853
d 4 4670
d 4 12100
d 3 11590
d 1 11279
d 5 3341
d 5 3342
d 5 3343
d 5 19434
d 3 24232
d 3 7470
d 1 18696
d 4 16704
d 5 8870
d 3 7521
d 4 2711
d 3 4871
d 4 5611
d 1 6878
d 3 3330
d 4 22322
d 3 19526
d 5 12579
d 4 20134
d 4 14894
d 3 14025
d 3 19966
d 3 2157
d 4 8365
d 5 17805
d 1 19436
d 1 17225
d 5 17062
d 3 10421
d 3 24586
d 4 11755
d 3 12900
d 3 6446
d 4 12437
d 5 7430
d 4 15637
d 4 293
d 5 20742
d 4 17088
d 1 22192
d 3 1323
d 3 4133
d 3 15819
d 4 21005
d 5 11780
d 3 6288
d 4 21841
d 3 22122
d 1 11188
d 4 20114
d 3 8444
d 3 8443
d 3 19015
d 5 24169
d 1 8894
d 4 9206
d 4 18404
d 1 11194
d 1 20782
d 4 1422
d 1 23508
d 1 4537
d 5 23706
d 4 16909
d 3 2712
d 3 19473
d 4 11939
d 1 5607
d 3 7919
d 5 18473
d 5 8209
d 5 1318
d 4 17752
d 4 11607
d 4 10078
d 3 11877
d 1 1408
d 3 12362
d 1 11307
d 1 14969
d 3 12829
d 1 11019
d 4 8353
d 5 10852
d 1 6443
d 5 18181
d 4 7860
d 1 6660
d 1 11120
d 1 21824
d 1 14984
d 3 23242
d 4 4697
d 4 7575
d 3 22056
d 1 5186
d 5 1915
d 4 20700
d 3 5446
d 5 19653
d 5 10820
d 3 19726
d 3 24313
d 3 6306
d 3 7194
d 1 19851
d 3 21106
d 4 8306
d 5 6171
d 3 2158
d 3 2159
d 1 7618
d 1 18828
d 5 15667
d 5 5909
d 5 17560
d 1 14995
d 5 17482
d 1 21797
d 4 24655
d 3 14838
d 1 9251
d 3 20713
d 1 9391
d 5 21045
d 3 10498
d 4 18845
d 4 21643
d 4 16879
d 3 20822
d 5 19094
d 5 14794
d 3 233
d 3 11675
d 5 10538
d 5 7431
d 3 8645
d 4 17000
d 4 10973
d 5 23301
d 5 11519
d 3 8589
d 1 17097
d 1 4616
d 3 8587
d 5 11598
d 4 13811
d 3 9595
d 5 24692
d 5 12705
d 5 6859
d 4 5679
d 5 20089
d 1 7458
d 3 21605
d 1 12301
d 3 7121
d 3 5759
d 1 8993
d 3 8836
d 5 6511
d 3 11920
d 3 11664
d 3 16249
d 5 22670
d 5 14059
d 3 14021
d 3 10888
d 5 19736
d 1 7430
d 1 10850
d 4 19490
d 5 22786
d 5 14334
d 5 18081
d 5 3728
d 1 10647
d 3 24680
d 1 7676
d 3 20674
d 5 18251
d 1 19780
d 4 5211
d 4 1848
d 5 19998
d 4 14192
d 5 15865
d 3 17913
d 1 16454
d 5 1932
d 4 22730
d 4 8279
d 5 20363
d 5 4738
d 5 10389
d 3 6423
d 5 15134
d 4 7113
d 4 24824
d 1 15056
d 3 20800
d 3 14193
d 3 13943
d 3 15268
d 4 14474
d 4 14620
d 1 11887
d 1 4596
d 3 5650
d 3 11035
d 5 17572
d 4 1049
d 3 10941
d 4 6881
d 5 5462
d 4 22016
d 5 11855
d 1 9217
d 4 15225
d 4 21185
d 5 20867
d 3 8304
d 4 1497
d 3 22460
d 1 6017
d 3 14133
d 3 8071
d 3 24790
d 4 1919
d 1 13036
d 4 10840
d 3 6644
d 4 3805
d 3 17640
d 3 2847
d 5 14075
d 3 12072
d 1 17845
d 3 19637
d 1 24243
d 3 14028
d 5 2819
d 3 1018
d 4 21928
d 5 6774
d 5 19264
d 5 8621
d 5 2034
d 1 12812
d 3 11995
d 3 1454
d 1 6668
d 3 1644
d 4 23574
d 1 9803
d 1 17295
d 4 1510
d 1 19871
d 1 9711
d 5 13882
d 4 4442
d 1 12162
d 3 23623
d 5 4988
d 3 23635
d 3 9592
d 5 17253
d 3 2613
d 3 11118
d 5 11373
d 3 12389
d 3 12390
d 4 2963
d 3 4638
d 4 20328
d 3 20438
d 4 23751
d 4 23752
d 4 2262
d 5 24201
d 4 4762
d 5 23965
d 4 20868
d 1 24090
d 4 4885
d 5 10850
d 1 19109
d 3 24233
d 1 12008
d 4 4406
d 3 5237
d 1 3942
d 1 22000
d 5 14026
d 4 5474
d 3 24453
d 4 20227
d 1 996
d 5 10293
d 5 23435
d 1 24918
d 1 24176
d 3 18257
d 1 6413
d 1 7867
d 1 7868
d 4 24366
d 5 5416
d 3 4044
d 1 13837
d 5 9988
d 5 3479
d 3 8624
d 3 21088
d 4 17473
d 4 15576
d 1 15976
d 5 5452
d 1 16164
d 1 4066
d 5 10288
d 3 5458
d 1 17226
d 1 5251
d 1 13247
d 1 14244
d 1 10299
d 1 4607
d 4 20977
d 3 17832
d 3 24081
d 4 2489
d 4 10090
d 5 12463
d 5 19039
d 3 18301
d 3 10777
d 5 8055
d 1 24086
d 4 15672
d 5 22783
d 1 9383
d 3 15409
d 1 15191
d 5 8114
d 4 20514
d 4 10903
d 5 7582
d 1 23822
d 5 1669
d 1 3103
d 5 10828
d 5 19228
d 1 23870
d 3 20493
d 3 20420
d 3 20421
d 3 20422
d 3 20423
d 1 22463
d 1 19943
d 4 15462
d 5 4835
d 4 2981
d 5 7055
d 4 10441
d 3 14203
d 5 21756
d 4 24510
d 4 6512
d 4 4275
d 1 21677
d 3 9464
d 1 7648
d 1 9286
d 5 6164
d 3 6263
d 3 7465
d 5 2364
d 1 5242
d 4 7582
d 1 17273
d 3 20452
d 1 1919
d 1 1181
d 1 1390
d 3 21792
d 1 2484
d 1 3775
d 4 24086
d 5 291
d 4 4399
d 4 3227
d 5 17828
d 3 19323
d 3 15412
d 1 20047
d 4 23828
d 4 1782
d 4 10046
d 1 19334
d 5 15439
d 5 9421
d 5 24759
d 4 4709
d 4 23994
d 1 21375
d 3 21726
d 3 890
d 4 23077
d 5 15328
d 3 7957
d 5 6613
d 1 12971
d 5 9905
d 3 8910
d 1 22044
d 3 5035
d 3 2355
d 4 21217
d 1 23291
d 5 18758
d 3 17038
d 3 4324
d 5 24392
d 3 1704
d 3 22014
d 5 4989
d 3 20703
d 5 12788
d 3 19864
d 1 9994
d 1 9995
d 3 15506
d 4 833
d 4 11870
d 1 3286
d 1 22136
d 3 470
d 1 14133
d 1 22390
d 1 5047
d 1 308
d 1 19227
d 1 24946
d 4 810
d 3 17331
d 4 4904
d 4 4389
d 5 23764
d 3 12952
d 4 20641
d 5 14865
d 3 20600
d 5 19191
d 3 10074
d 4 9986
d 4 13892
d 5 11
d 4 6921
d 3 4227
d 1 22419
d 3 19680
d 5 24337
d 1 17317
d 5 6515
d 5 13219
d 5 4913
d 1 10404
d 5 24228
d 5 14199
d 4 17057
d 1 9297
d 1 3459
d 1 22742
d 3 23833
d 1 22501
d 4 7673
d 1 10427
d 3 12711
d 5 6715
d 1 18106
d 3 24214
d 3 17416
d 3 7227
d 3 5183
d 5 24026
d 4 20811
d 4 12644
d 5 1768
d 1 23088
d 1 8759
d 1 23195
d 1 21437
d 5 24017
d 5 23690
d 1 16045
d 5 1802
d 1 16685
d 3 6417
d 4 11919
d 5 8596
d 1 17429
d 1 5560
d 3 18172
d 1 24400
d 4 13538
d 5 7882
d 4 21703
d 1 16677
d 3 806
d 1 8112
d 4 21160
d 1 1356
d 5 22474
d 3 21331
d 3 8711
d 5 7580
d 5 17825
d 3 11366
d 5 16375
d 4 13714
d 3 8817
d 1 1603
d 3 180
d 4 1321
d 3 13671
d 4 24274
d 1 2186
d 1 2187
d 3 13495
d 1 11832
d 4 21187
d 5 24245
d 3 23992
d 1 14144
d 1 4261
d 1 6117
d 1 14375
d 3 457
d 1 15996
d 5 22772
d 3 264
d 3 10537
d 5 23500
d 1 9042
d 3 5273
d 5 14566
d 1 5994
d 1 18689
d 5 12431
d 1 1364
d 4 24618
d 4 6472
d 5 21861
d 4 23686
d 5 23190
d 1 21573
d 3 10020
d 4 8367
d 5 5295
d 1 4402
d 3 20994
d 3 10849
d 4 2823
d 5 24397
d 4 9781
d 5 3665
d 3 9118
d 4 4622
d 3 14488
d 3 18844
d 5 17441
d 1 2534
d 3 12997
d 1 8381
d 5 9294
d 1 18520
d 1 23253
d 1 20044
d 1 4006
d 5 6697
d 1 16843
d 3 9390
d 1 6891
d 4 22231
d 3 10270
d 1 8819
d 3 19609
d 1 5917
d 1 16977
d 1 8593
d 1 24478
d 4 11599
d 1 5964
d 5 14282
d 1 19103
d 3 3280
d 3 16339
d 3 10709
d 3 21337
d 1 21197
d 4 10008
d 1 12928
d 1 12438
d 3 14645
d 3 4836
d 3 18451
d 5 3426
d 3 5880
d 4 16478
d 3 15474
d 1 11534
d 1 5265
d 4 14055
d 1 3945
d 5 2521
d 1 15619
d 1 2017
d 1 10804
d 4 14097
d 3 8783
d 3 15831
d 1 2612
d 4 10648
d 3 4564
d 1 20156
d 4 23169
d 1 1391
d 1 16968
d 4 2036
d 4 24116
d 3 23518
d 4 12257
d 4 11501
d 1 1801
d 5 15069
d 1 18179
d 3 2560
d 3 15070
d 1 7742
d 1 11234
d 1 9996
d 3 24439
d 1 21481
d 1 9323
d 1 22226
d 4 21312
d 3 17804
d 3 21756
d 1 18620
d 4 24751
d 4 15445
d 3 10494
d 3 18181
d 5 14329
d 4 5969
d 4 24487
d 3 19538
d 3 14662
d 5 19793
d 4 23586
d 1 12497
d 3 2160
d 1 3708
d 1 16023
d 3 13890
d 1 8465
d 5 24052
d 4 9110
d 1 20581
d 3 3167
d 1 3560
d 3 21522
d 1 18374
d 5 12929
d 1 8167
d 1 1089
d 1 2451
d 3 14363
d 1 8260
d 1 6393
d 4 9776
d 5 23514
d 5 13259
d 1 20192
d 4 1435
d 1 18981
d 1 8601
d 4 1653
d 1 11427
d 3 17268
d 5 20534
d 3 8837
d 1 2801
d 1 22498
d 4 15486
d 1 23748
d 1 22758
d 1 7474
d 1 20276
d 1 20597
d 5 21887
d 1 16199
d 5 10792
d 1 6054
d 3 18367
d 1 11715
d 1 23235
d 3 6981
d 5 21037
d 5 23680
d 4 7724
d 3 11986
d 1 7539
d 3 4456
d 3 19857
d 1 10013
d 3 22201
d 1 19468
d 3 11075
d 4 1039
d 1 7869
d 5 11960
d 4 23146
d 3 819
d 4 24593
d 1 4697
d 5 189
d 1 2387
d 1 7847
d 3 16141
d 3 1122
d 4 13570
d 3 12598
d 3 9152
d 4 7116
d 3 12462
d 5 22488
d 1 3163
d 4 57
d 5 16163
d 4 3249
d 1 6589
d 5 15206
d 4 20008
d 1 21755
d 1 7623
d 1 24222
d 1 10152
d 3 5027
d 1 22507
d 4 12749
d 4 5154
d 5 14796
d 4 12701
d 1 17560
d 4 14090
d 4 872
d 3 1089
d 4 22244
d 5 1307
d 4 7585
d 1 19215
d 3 9286
d 3 8130
d 1 16736
d 1 10111
d 3 17344
d 1 20096
d 1 18614
d 1 24389
d 4 8215
d 1 17886
d 4 22783
d 5 1905
d 1 21966
d 1 16297
d 3 6324
d 5 15588
d 3 8266
d 1 18738
d 1 20059
d 1 20060
d 1 20061
d 4 8111
d 1 16149
d 4 20910
d 1 2453
d 4 8708
d 3 23408
d 1 4202
d 3 4706
d 4 22686
d 1 10353
d 4 516
d 1 16727
d 3 4794
d 5 4975
d 1 10789
d 3 4539
d 5 18248
d 1 902
d 5 3105
d 4 17933
d 5 24750
d 3 15237
d 1 4107
d 1 1331
d 3 14220
d 3 21323
d 1 9641
d 3 15143
d 1 11451
d 1 9376
d 1 4265
d 1 15024
d 4 18926
d 1 12582
d 3 8735
d 3 18147
d 3 5189
d 5 5624
d 4 8746
d 1 15858
d 3 23708
d 3 23709
d 4 21675
d 3 12313
d 3 14397
d 1 9507
d 1 18100
d 4 14065
d 1 2285
d 3 21223
d 1 4625
d 4 3735
d 1 10660
d 5 21259
d 1 3782
d 3 13868
d 3 5384
d 1 17738
d 1 1740
d 1 2399
d 3 16150
d 1 3939
d 4 7926
d 5 10350
d 3 15607
d 3 12391
d 4 1652
d 5 11532
d 4 4582
d 1 7066
d 1 9298
d 5 1169
d 1 7228
d 1 24756
d 5 2626
d 5 16559
d 3 13997
d 3 10975
d 1 19800
d 4 2712
d 3 14885
d 3 18146
d 4 10095
d 4 13143
d 3 22703
d 4 21199
d 3 10221
d 5 4323
d 1 20985
d 1 18845
d 3 2474
d 3 3294
d 1 19045
d 1 3345
d 1 20019
d 4 4033
d 5 20706
d 4 1862
d 1 2173
d 1 22180
d 3 1179
d 1 23292
d 1 1326
d 3 13954
d 1 15071
d 5 6938
d 4 5603
d 3 17031
d 3 15266
d 3 17282
d 4 832
d 1 9938
d 1 19025
d 1 12297
d 1 12298
d 4 12076
d 3 23441
d 1 8268
d 1 4136
d 1 337
d 3 18325
d 1 6647
d 1 7065
d 1 14707
d 1 17758
d 1 18644
d 1 13562
d 5 1319
d 1 18236
d 5 12870
d 4 9688
d 1 9799
d 3 13071
d 1 7892
d 3 23972
d 3 4954
d 4 12738
d 1 14390
d 1 22094
d 3 14247
d 5 22059
d 4 1007
d 1 22010
d 3 670
d 1 22452
d 1 24911
d 3 22681
d 1 5126
d 1 5127
d 3 6431
d 3 8648
d 5 621
d 1 24025
d 3 7424
d 4 7464
d 1 9987
d 3 14414
d 3 22214
d 1 22504
d 3 4353
d 1 17522
d 5 20793
d 1 15930
d 4 14766
d 5 23801
d 3 97
d 1 11542
d 3 18333
d 1 11419
d 3 13336
d 3 19563
d 1 20678
d 1 1346
d 3 19022
d 3 5937
d 5 7707
d 3 14694
d 1 16985
d 3 17180
d 4 6227
d 1 16240
d 4 24477
d 1 4801
d 1 970
d 3 1067
d 3 18728
d 3 20181
d 1 1157
d 3 7626
d 5 13261
d 1 21495
d 1 9849
d 1 4985
d 5 22961
d 5 21826
d 3 4831
d 3 9998
d 4 24157
d 3 17277
d 3 24213
d 1 16165
d 4 23006
d 1 18843
d 3 3056
d 3 6264
d 3 5162
d 3 19447
d 1 8050
d 4 21339
d 4 23557
d 5 20574
d 1 20205
d 3 10908
d 4 20817
d 4 20300
d 1 11769
d 1 5670
d 3 18259
d 3 1044
d 1 1758
d 3 4807
d 5 14677
d 1 17280
d 1 3636
d 3 17644
d 3 10322
d 5 19618
d 3 10255
d 5 21183
d 4 2533
d 5 18620
d 1 5315
d 1 17013
d 3 24515
d 4 20434
d 1 3862
d 4 15648
d 3 24256
d 1 6431
d 1 15784
d 1 24520
d 1 19610
d 1 13149
d 3 21091
d 5 9354
d 3 16101
d 3 57
d 1 8788
d 1 8789
d 1 18842
d 3 21872
d 3 11563
d 3 15601
d 5 17507
d 4 19305
d 3 14077
d 1 5107
d 5 24979
d 3 13559
d 4 23367
d 1 6208
d 5 15900
d 3 2097
d 1 22588
d 3 16429
d 1 3351
d 4 8714
d 1 8564
d 1 3640
d 5 13652
d 3 13523
d 3 23221
d 5 3316
d 3 14385
d 3 12237
d 1 13307
d 3 12331
d 1 997
d 3 15267
d 4 10515
d 3 22369
d 1 17780
d 1 6206
d 4 24992
d 4 13791
d 3 8585
d 3 21933
d 1 16616
d 1 19267
d 1 10952
d 3 15736
d 4 16431
d 3 21858
d 1 4189
d 3 19252
d 1 11391
d 5 13360
d 3 6550
d 1 4292
d 3 4303
d 4 15122
d 1 15642
d 3 5882
d 1 11760
d 5 5862
d 3 1135
d 3 6814
d 5 4551
d 5 2935
d 1 17750
d 3 4977
d 5 22074
d 3 7963
d 1 2498
d 4 17955
d 3 19975
d 5 3344
d 3 17389
d 1 1027
d 1 1295
d 1 14531
d 3 11564
d 3 6030
d 3 19251
d 5 19025
d 3 20673
d 5 6388
d 1 1431
d 3 4697
d 4 21313
d 5 7161
d 1 2493
d 3 22172
d 5 5820
d 3 17307
d 3 18267
d 3 18268
d 3 20031
d 5 15675
d 4 850
d 1 18250
d 1 10645
d 1 17443
d 1 11014
d 1 17838
d 1 19663
d 3 9410
d 3 15767
d 4 16124
d 1 19515
d 3 19537
d 4 22489
d 1 10014
d 3 11665
d 3 15350
d 3 19602
d 1 10605
d 3 12444
d 3 3854
d 1 18597
d 3 20424
d 3 4487
d 5 1959
d 3 4793
d 3 21210
d 1 5959
d 3 8112
d 1 4797
d 4 9460
d 3 5596
d 3 2188
d 3 15405
d 1 19485
d 3 1997
d 5 8718
d 1 10775
d 3 19759
d 5 12131
d 3 18898
d 3 11499
d 3 12327
d 1 2972
d 5 16659
d 3 12241
d 3 18369
d 4 4174
d 1 16942
d 3 4953
d 3 13635
d 4 6333
d 3 1761
d 3 9571
d 3 15414
d 1 22688
d 1 11138
d 3 11406
d 5 6347
d 3 13708
d 1 12127
d 1 7727
d 1 7245
d 1 22238
d 4 3192
d 3 11263
d 4 7025
d 1 11655
d 4 24500
d 5 15519
d 3 620
d 3 13867
d 3 11273
d 3 16427
d 1 3806
d 1 9277
d 3 17063
d 3 16146
d 1 18043
d 4 24778
d 3 1893
d 3 24279
d 5 2568
d 5 6534
d 1 8532
d 1 21150
d 3 7488
d 1 10888
d 1 15087
d 5 6248
d 5 14892
d 5 18541
d 3 3022
d 1 10089
d 3 4798
d 5 4969
d 1 5932
d 3 7651
d 5 2348
d 3 24787
d 5 21825
d 3 20381
d 3 10401
d 1 17844
d 1 23136
d 1 6255
d 3 15859
d 5 10390
d 1 4341
d 1 6490
d 3 23710
d 1 15184
d 1 24977
d 1 18969
d 3 107
d 3 3944
d 1 14823
d 5 7595
d 3 13686
d 1 21678
d 3 7261
d 4 17493
d 3 14215
d 3 15450
d 3 7968
d 3 20746
d 1 12017
d 3 2391
d 3 21194
d 5 10490
d 3 825
d 1 5105
d 3 20419
d 1 5409
d 1 11617
d 1 24084
d 4 7005
d 1 18529
d 3 11395
d 5 21766
d 1 5662
d 3 19246
d 3 7122
d 4 19598
d 1 4594
d 3 14194
d 3 20415
d 3 5714
d 4 24727
d 5 15978
d 3 2040
d 5 23648
d 1 20846
d 1 21891
d 3 12334
d 3 9213
d 5 21503
d 3 11654
d 3 740
d 3 2438
d 3 11120
d 1 1366
d 3 6346
d 1 17521
d 1 3491
d 1 19131
d 3 13652
d 3 3451
d 3 10791
d 3 10790
d 3 10792
d 3 19431
d 4 12674
d 1 20130
d 1 20131
d 3 10757
d 1 10765
d 4 19198
d 1 18412
d 1 10445
d 3 4754
d 5 8531
d 1 22915
d 4 15775
d 4 7842
d 4 24028
d 3 7615
d 3 11107
d 1 1998
d 1 9919
d 4 13251
d 4 9276
d 3 1645
d 1 1079
d 3 22065
d 3 6982
d 3 807
d 3 23656
d 1 20750
d 3 1455
d 1 18586
d 3 15477
d 3 9479
d 1 19464
d 3 1589
d 3 3958
d 3 1327
d 3 21672
d 4 6727
d 5 6053
d 3 14195
d 1 15269
d 1 6918
d 4 16520
d 3 8819
d 3 6940
d 1 11942
d 1 15697
d 1 14302
d 1 4493
d 1 23971
d 5 15769
d 1 24521
d 1 1953
d 4 23585
d 1 16049
d 1 15025
d 1 13319
d 1 20013
d 1 18572
d 1 15568
d 5 24794
d 1 7185
d 5 2611
d 4 17304
d 1 14623
d 3 16028
d 3 19070
d 4 22653
d 3 4565
d 1 23302
d 4 18201
d 3 15903
d 1 4397
d 3 23163
d 3 23164
d 3 8057
d 3 22844
d 5 23991
d 5 6129
d 3 4134
d 3 5973
d 3 2543
d 1 2838
d 3 3196
d 3 18329
d 1 20062
d 1 10110
d 3 10637
d 3 18990
d 5 7510
d 3 19594
d 3 24044
d 1 24618
d 3 4802
d 3 21182
d 3 15269
d 1 15210
d 3 9119
d 3 7890
d 3 24743
d 1 17495
d 4 8804
d 3 19788
d 5 7408
d 5 21084
d 3 2742
d 1 22461
d 3 1904
d 1 9937
d 1 5808
d 5 21638
d 3 14591
d 1 10121
d 3 11825
d 3 20642
d 3 24846
d 3 7349
d 1 23312
d 3 1372
d 3 7932
d 1 22300
d 5 22054
d 1 11145
d 1 8104
d 3 3367
d 1 6996
d 1 6997
d 3 24530
d 3 22353
d 1 2572
d 1 17445
d 1 20031
d 1 12814
d 3 13496
d 3 13255
d 3 14700
d 1 11849
d 3 11507
d 1 3319
d 4 11844
d 1 8546
d 3 10132
d 3 2342
d 3 426
d 1 2188
d 3 14364
d 1 18768
d 1 20955
d 4 15592
d 5 20935
d 1 24211
d 1 16498
d 1 3733
d 5 7195
d 3 14260
d 5 16787
d 5 5256
d 3 4323
d 1 24126
d 3 1248
d 3 10257
d 3 10258
d 3 6813
d 3 12113
d 4 18265
d 3 14983
d 3 19676
d 1 6029
d 3 12842
d 3 21952
d 3 5176
d 4 19485
d 3 13604
d 1 13730
d 1 23853
d 3 10830
d 1 8790
d 5 9719
d 5 11106
d 3 19717
d 5 12374
d 5 19707
d 1 24610
d 1 10450
d 3 16791
d 3 14502
d 1 22524
d 3 10341
d 1 18206
d 1 12246
d 1 18468
d 3 21133
d 3 3324
d 4 13413
d 5 15341
d 3 23265
d 3 891
d 1 19068
d 1 11813
d 5 12461
d 1 17396
d 5 24314
d 1 11429
d 5 24906
d 1 9061
d 4 2433
d 3 12437
d 1 21874
d 5 20242
d 1 9566
d 3 21934
d 1 14785
d 1 14000
d 3 1492
d 3 19051
d 3 1050
d 1 11413
d 1 2676
d 3 21280
d 3 3768
d 1 4074
d 3 21287
d 1 10112
d 3 22796
d 1 21225
d 1 7415
d 3 10778
d 1 6817
d 3 6087
d 4 13837
d 1 16215
d 1 18237
d 1 12263
d 1 3776
d 1 10476
d 5 19048
d 1 9907
d 3 2440
d 3 23798
d 5 11324
d 3 24043
d 3 471
d 3 10275
d 4 24685
d 3 1145
d 5 5706
d 1 24906
d 1 12101
d 1 18243
d 1 7741
d 1 21251
d 3 19595
d 3 22297
d 3 6968
d 1 15977
d 1 4952
d 1 2251
d 3 15146
d 1 5293
d 3 1440
d 3 8033
d 3 3759
d 1 18587
d 3 8911
d 3 10820
d 1 13743
d 1 18829
d 1 20543
d 1 9939
d 1 22738
d 1 18686
d 1 18357
d 5 18231
d 3 16502
d 4 19904
d 1 17444
d 3 1324
d 3 17356
d 3 4790
d 1 5235
d 1 24092
d 1 10010
d 1 10348
d 1 12281
d 3 2069
d 4 22699
d 5 8024
d 3 4298
d 3 15263
d 5 15265
d 4 12811
d 1 9235
d 1 19290
d 5 24730
d 3 3352
d 3 17353
d 3 14335
d 3 6694
d 5 443
d 1 18045
d 3 726
d 1 20152
d 4 5816
d 1 5375
d 3 19889
d 1 21432
d 3 8034
d 4 15833
d 1 11100
d 1 18926
d 1 12074
d 1 14027
d 3 8613
d 4 12081
d 3 1125
d 1 7802
d 3 20237
d 1 21284
d 1 1502
d 3 16934
d 1 13176
d 4 7072
d 1 9502
d 5 6507
d 3 10206
d 3 16764
d 3 756
d 3 21948
d 3 9793
d 5 12945
d 1 6908
d 3 18914
d 3 15175
d 3 17101
d 1 23198
d 1 22451
d 4 2871
d 3 18578
d 3 9454
d 3 24519
d 3 10099
d 1 580
d 1 10220
d 1 2761
d 5 3687
d 3 15393
d 1 23621
d 1 16303
d 3 13821
d 3 19214
d 3 20150
d 3 21766
d 4 2334
d 3 9943
d 5 16462
d 1 7138
d 3 18906
d 3 5020
d 1 10478
d 1 15254
d 3 3816
d 1 9390
d 3 23761
d 5 19004
d 3 1426
d 1 4234
d 1 15268
d 3 16215
d 4 6168
d 3 1487
d 5 16157
d 3 15153
d 1 13656
d 1 1393
d 3 3081
d 1 13163
d 3 5860
d 1 14582
d 3 9417
d 1 1182
d 4 18269
d 3 18481
d 5 16660
d 3 4290
d 1 23246
d 5 3484
d 3 6056
d 3 20675
d 1 2278
d 1 18389
d 1 23663
d 1 17683
d 3 11759
d 1 2562
d 1 8051
d 1 17714
d 1 10787
d 3 23903
d 1 17816
d 3 6302
d 5 5783
d 1 12901
d 1 11716
d 1 3166
d 1 5260
d 1 3899
d 3 3140
d 1 5663
d 3 14002
d 3 23928
d 3 20789
d 3 16646
d 4 418
d 3 15207
d 1 12832
d 4 21952
d 3 23316
d 3 8967
d 1 10723
d 5 21726
d 1 20189
d 3 4829
d 3 9611
d 1 18568
d 1 3307
d 1 12066
d 1 17839
d 4 24545
d 1 23177
d 1 7254
d 1 17344
d 1 12324
d 3 22153
d 1 3608
d 1 2065
d 3 11177
d 4 12916
d 5 8108
d 3 15208
d 5 22739
d 1 18129
d 1 8698
d 1 1120
d 5 2411
d 3 537
d 3 538
d 3 539
d 5 10076
d 4 17667
d 3 8480
d 1 23938
d 5 19163
d 1 5858
d 4 7152
d 1 22317
d 5 22261
d 3 4841
d 3 24064
d 5 11114
d 3 13705
d 1 7533
d 3 16526
d 5 7564
d 1 3915
d 3 2451
d 1 4185
d 1 1645
d 3 23891
d 1 15372
d 1 22696
d 3 16142
d 3 10884
d 4 4019
d 1 3660
d 3 7360
d 4 7625
d 3 16464
d 1 18773
d 3 17775
d 3 2947
d 1 1164
d 3 6469
d 1 7976
d 1 17842
d 4 9502
d 1 21491
d 4 18605
d 1 24127
d 1 6659
d 1 1936
d 1 13485
d 3 9502
d 1 17710
d 3 20659
d 4 9481
d 1 4013
d 1 3398
d 4 24683
d 3 10072
d 3 19657
d 3 20942
d 1 2599
d 3 17930
d 3 22861
d 1 7280
d 1 4888
d 1 23313
d 4 23878
d 1 3664
d 1 7283
d 1 16433
d 3 17449
d 5 20341
d 3 7463
d 3 8766
d 4 24808
d 1 9393
d 1 8272
d 5 8871
d 1 16150
d 3 12179
d 1 19342
d 1 15067
d 1 8639
d 3 9070
d 3 20812
d 3 23500
d 3 1902
d 3 15619
d 4 14477
d 3 23995
d 3 21356
d 3 21357
d 4 19956
d 1 3222
d 3 22467
d 3 22468
d 3 22469
d 1 20828
d 1 9425
d 1 7540
d 1 15795
d 1 22733
d 1 7286
d 1 11972
d 3 24527
d 1 24198
d 1 7240
d 3 7636
d 3 490
d 5 14667
d 4 10590
d 3 20900
d 3 24972
d 1 14132
d 5 21483
d 1 6580
d 1 23089
d 1 6417
d 1 4480
d 3 15799
d 3 10408
d 3 7077
d 3 7078
d 3 7079
d 3 7081
d 1 16070
d 3 6032
d 3 255
d 1 14758
d 1 24463
d 4 24583
d 1 21618
d 3 5859
d 1 22676
d 1 13052
d 3 16316
d 1 12881
d 1 14044
d 3 1415
d 1 2788
d 4 19186
d 1 20051
d 1 22200
d 1 22201
d 1 22202
d 1 22203
d 1 22204
d 3 23646
d 5 576
d 1 20003
d 3 21270
d 1 6637
d 3 10054
d 3 11251
d 3 14716
d 3 11397
d 1 14417
d 1 5261
d 3 9467
d 1 16298
d 1 17834
d 3 10338
d 4 12347
d 1 5128
d 3 37
d 1 2665
d 1 16026
d 1 20132
d 1 1566
d 1 21081
d 1 19592
d 3 9053
d 1 16088
d 1 6505
d 1 3783
d 1 8017
d 1 18365
d 1 11540
d 3 14066
d 3 19646
d 3 19647
d 1 23986
d 5 3317
d 4 14386
d 3 6347
d 1 10226
d 4 2996
d 3 5977
d 4 5000
d 1 23993
d 1 7178
d 1 9859
d 1 1713
d 3 5707
d 1 15553
d 3 10742
d 1 4861
d 1 13230
d 3 23925
d 1 22289
d 1 22330
d 1 19917
d 5 24148
d 1 6556
d 5 566
d 1 18781
d 1 6808
d 1 15999
d 1 17073
d 3 22736
d 1 23548
d 3 1429
d 1 19090
d 1 24199
d 3 20088
d 1 18107
d 1 18553
d 1 2860
d 3 20477
d 3 20767
d 1 19119
d 1 20428
d 1 20429
d 1 20430
d 3 20773
d 1 23403
d 3 21064
d 4 3017
d 4 21735
d 1 12234
d 1 1784
d 3 17218
d 4 22257
d 1 11165
d 3 4832
d 3 3096
d 1 14463
d 1 14661
d 4 15352
d 4 12355
d 1 1374
d 1 3499
d 3 9574
d 3 21208
d 3 14449
d 3 1068
d 1 23587
d 3 10810
d 3 10038
d 1 9831
d 3 15132
d 3 21995
d 4 5522
d 5 14272
d 3 20971
d 1 6371
d 1 594
d 3 15926
d 1 12693
d 4 24616
d 5 17931
d 3 5096
d 5 18610
d 3 22514
d 3 6568
d 1 18815
d 3 3509
d 1 13113
d 3 18088
d 1 1791
d 3 84
d 5 15044
d 1 13103
d 3 6960
d 3 4442
d 1 17239
d 3 11896
d 1 23483
d 1 7990
d 1 18151
d 1 3994
d 5 11401
d 1 3566
d 3 18125
d 1 23392
d 1 23344
d 3 15339
d 1 22805
d 3 21784
d 3 1505
d 1 13958
d 1 6440
d 3 1870
d 3 11312
d 1 1034
d 1 20904
d 1 21386
d 1 1765
d 1 6998
d 4 5450
d 3 12148
d 1 8282
d 3 9751
d 1 20599
d 3 21540
d 3 1053
d 1 5273
d 1 9932
d 4 23473
d 1 12573
d 1 15304
d 4 6178
d 5 4633
d 3 6118
d 1 22597
d 1 10230
d 5 6286
d 3 16468
d 3 2250
d 3 4139
d 3 1329
d 1 8331
d 5 15489
d 3 16317
d 3 19217
d 1 3068
d 5 14425
d 1 10151
d 1 7282
d 3 16011
d 5 19517
d 5 10000
d 5 1918
d 5 1917
d 3 1667
d 1 4361
d 1 4362
d 1 4363
d 4 7755
d 4 21391
d 5 6731
d 3 514
d 1 2968
d 3 15501
d 3 6541
d 3 22806
d 3 9495
d 3 11942
d 1 20816
d 5 563
d 3 5869
d 1 19837
d 1 13751
d 3 23764
d 3 4941
d 3 4249
d 3 11111
d 1 9822
d 1 6643
d 1 9786
d 3 21879
d 3 3430
d 3 22748
d 1 3229
d 3 846
d 1 1379
d 3 21680
d 1 21373
d 1 24349
d 1 14649
d 3 7206
d 4 12323
d 3 24840
d 3 7418
d 3 21922
d 1 23280
d 3 7641
d 3 7643
d 3 17118
d 3 19242
d 3 18792
d 1 20436
d 4 10992
d 3 18335
d 3 21358
d 1 17972
d 1 17973
d 3 16538
d 1 20648
d 4 11130
d 3 10793
d 1 5410
d 1 18407
d 1 12299
d 3 13833
d 3 13835
d 3 17019
d 1 3329
d 3 20507
d 3 7095
d 3 7199
d 3 23828
d 1 21753
d 1 18384
d 3 13031
d 3 22678
d 4 21409
d 3 3896
d 1 4186
d 1 21848
d 3 12458
d 3 16462
d 4 18369
d 1 1143
d 1 10742
d 1 9954
d 3 7572
d 3 14239
d 3 13942
d 3 16223
d 5 3339
d 3 18670
d 1 11894
d 3 9993
d 1 9655
d 3 19023
d 5 12158
d 5 10059
d 1 17644
d 4 9487
d 3 3818
d 1 12429
d 5 1619
d 3 9729
d 5 613
d 1 23402
d 3 22224
d 3 4443
d 3 23165
d 5 5404
d 1 16545
d 3 13950
d 1 16109
d 3 21119
d 1 2107
d 1 9516
d 3 19190
d 1 20041
d 3 8773
d 3 13389
d 3 11757
d 3 16863
d 3 5841
d 1 22848
d 3 24103
d 5 3211
d 3 18314
d 3 20905
d 3 1286
d 3 23578
d 5 13320
d 1 14999
d 3 18880
d 1 3573
d 3 5056
d 3 24045
d 3 12813
d 3 12180
d 1 4284
d 1 5433
d 1 22571
d 3 19749
d 3 7404
d 3 17487
d 1 10158
d 3 8860
d 3 14221
d 3 11661
d 3 20672
d 3 18393
d 3 18131
d 3 2468
d 1 9717
d 3 15608
d 1 19187
d 3 17403
d 3 22036
d 1 3553
d 1 12577
d 3 10375
d 1 21208
d 1 4999
d 3 124
d 1 4835
d 1 13726
d 3 3760
d 3 577
d 4 9319
d 3 10239
d 1 24248
d 1 14468
d 3 19981
d 1 22159
d 4 24638
d 3 12527
d 3 14704
d 3 11384
d 4 8406
d 1 23541
d 3 24471
d 3 20685
d 3 19379
d 3 10463
d 3 7120
d 3 23204
d 1 17281
d 1 24277
d 3 13267
d 3 11316
d 3 6168
d 4 10219
d 1 5011
d 3 21644
d 1 11586
d 3 4348
d 3 3365
d 1 15109
d 1 20269
d 3 741
d 3 6931
d 1 13295
d 5 14223
d 3 5689
d 3 11441
d 1 22095
d 4 9188
d 3 10596
d 3 1879
d 1 4075
d 1 13909
d 4 20730
d 1 6172
d 3 15639
d 1 6491
d 3 19968
d 4 16953
d 1 14024
d 1 19137
d 1 13269
d 5 1320
d 1 6238
d 3 12673
d 3 269
d 1 14337
d 4 4775
d 5 21684
d 3 1146
d 1 9240
d 1 23124
d 5 13612
d 3 13056
d 3 12109
d 3 1082
d 3 1083
d 3 21117
d 3 15575
d 3 11009
d 1 8010
d 1 7127
d 1 12180
d 1 12181
d 1 12182
d 4 14149
d 3 11839
d 4 12404
d 1 17850
d 3 1335
d 1 10464
d 1 16810
d 3 4852
d 3 2640
d 3 13124
d 3 23325
d 1 15582
d 1 18927
d 3 3487
d 1 18532
d 3 5495
d 4 22284
d 1 2830
d 3 23934
d 3 21439
d 1 24967
d 1 23111
d 1 16819
d 3 6941
d 3 4716
d 1 6099
d 3 7644
d 3 8778
d 1 1950
d 1 1951
d 3 12025
d 3 5510
d 1 12435
d 1 8371
d 3 8402
d 1 9284
d 3 22104
d 3 12228
d 1 950
d 1 16902
d 1 21908
d 3 12552
d 1 14600
d 1 11248
d 3 8619
d 1 13025
d 3 3974
d 1 21285
d 3 5876
d 3 5877
d 3 5878
d 3 5879
d 3 5881
d 3 10237
d 1 8556
d 5 17863
d 3 15682
d 4 900
d 3 1883
d 1 10688
d 1 18591
d 3 15364
d 4 6441
d 3 10259
d 4 611
d 5 22789
d 3 23965
d 5 6629
d 4 18197
d 3 17893
d 5 18235
d 3 8925
d 3 21185
d 3 18269
d 1 18411
d 5 3767
d 1 4593
d 3 2775
d 1 21879
d 1 13294
d 3 3842
d 1 6914
d 1 3192
d 3 12766
d 4 4951
d 4 4950
d 1 21364
d 3 299
d 5 12916
d 1 21417
d 3 22618
d 3 11355
d 1 12530
d 4 21098
d 3 16846
d 3 15824
d 5 9860
d 1 22682
d 1 3886
d 3 12106
d 4 6645
d 1 16307
d 1 8420
d 1 8586
d 1 6242
d 1 21898
d 3 1334
d 3 1867
d 3 21040
d 3 16507
d 1 24006
d 3 10574
d 4 19763
d 3 22179
d 3 4179
d 1 4118
d 3 3861
d 1 13764
d 3 24781
d 1 23799
d 3 5080
d 3 9315
d 3 5983
d 4 15455
d 3 6506
d 3 19215
d 3 540
d 3 1336
d 3 14523
d 3 11313
d 1 17189
d 3 24030
d 1 3892
d 3 4650
d 4 14906
d 3 8649
d 1 18366
d 3 14917
d 1 10840
d 3 9785
d 1 12623
d 3 9418
d 3 3839
d 3 20439
d 1 11237
d 3 22142
d 1 5390
d 3 20351
d 1 20751
d 5 17993
d 3 23418
d 3 19412
d 3 20581
d 3 23257
d 1 1585
d 1 9969
d 1 18218
d 4 18821
d 1 7994
d 1 13015
d 3 955
d 4 9515
d 3 1958
d 5 3348
d 3 16824
d 3 5307
d 3 23122
d 4 5684
d 1 18029
d 1 10205
d 3 11874
d 3 7262
d 1 22184
d 1 18311
d 1 23162
d 1 23768
d 1 5649
d 3 6117
d 3 4924
d 3 3908
d 4 20731
d 4 22002
d 1 10405
d 1 13341
d 1 6361
d 3 8196
d 3 22603
d 3 22604
d 3 2453
d 1 19399
d 3 11140
d 1 20711
d 3 20177
d 1 19827
d 3 18899
d 1 23832
d 1 11837
d 1 7258
d 1 4055
d 1 8415
d 1 19136
d 4 24071
d 1 808
d 1 20781
d 3 14333
d 1 11340
d 1 1308
d 1 22381
d 1 5368
d 1 23791
d 1 23792
d 1 23793
d 3 23560
d 1 22206
d 3 21428
d 3 7253
d 1 11331
d 3 23241
d 1 19002
d 1 20724
d 1 21085
d 1 24333
d 1 3191
d 3 11036
d 1 9798
d 4 5212
d 3 8886
d 3 17295
d 1 9097
d 1 3346
d 3 15822
d 3 24424
d 4 16350
d 1 15084
d 3 19715
d 3 3589
d 3 6748
d 1 4686
d 1 10455
d 1 15113
d 4 7626
d 3 21042
d 3 2987
d 3 7738
d 1 14889
d 3 6888
d 1 18068
d 4 9163
d 5 18945
d 1 8473
d 3 19915
d 4 8343
d 1 21142
d 1 24884
d 4 16593
d 4 8331
d 1 22850
d 3 4732
d 1 16608
d 1 5938
d 3 21266
d 3 6222
d 3 4467
d 1 8273
d 1 20815
d 3 4556
d 1 24254
d 1 23525
d 3 11842
d 3 8669
d 1 15831
d 1 17211
d 3 5232
d 3 6161
d 4 4420
d 1 23520
d 1 18273
d 1 8190
d 1 8421
d 1 2913
d 3 9285
d 3 14530
d 3 19652
d 1 20431
d 3 2893
d 1 9477
d 1 9478
d 5 7903
d 1 16036
d 1 11097
d 1 11098
d 3 22470
d 3 19529
d 3 15089
d 3 14881
d 1 18508
d 4 19728
d 1 11119
d 3 3473
d 3 23917
d 3 15886
d 1 19919
d 4 19960
d 1 5321
d 3 16796
d 1 21736
d 1 6239
d 4 22294
d 1 11533
d 1 16530
d 5 20331
d 1 7400
d 3 11455
d 3 12053
d 5 4632
d 5 3647
d 1 4733
d 3 11889
d 5 24559
d 3 1719
d 1 14676
d 3 16222
d 3 2784
d 3 5050
d 3 23475
d 3 1410
d 4 19350
d 1 17847
d 1 7854
d 1 2842
d 3 4955
d 1 12045
d 3 20048
d 1 5010
d 3 7096
d 4 19618
d 1 17600
d 3 14851
d 1 3210
d 3 18094
d 1 11149
d 1 15896
d 3 8502
d 3 16785
d 1 16055
d 3 15164
d 1 9898
d 3 12149
d 1 24901
d 5 7214
d 3 4784
d 3 12593
d 3 4787
d 5 24675
d 5 13133
d 4 5297
d 3 9122
d 1 21611
d 1 12536
d 1 15319
d 3 303
d 1 1263
d 4 12138
d 1 15172
d 1 17137
d 3 17847
d 4 15886
d 3 23030
d 1 18533
d 1 18465
d 3 17165
d 3 14996
d 5 19804
d 3 2824
d 1 11216
d 3 17395
d 1 4576
d 3 22124
d 4 22262
d 3 10935
d 1 3502
d 3 8567
d 3 18529
d 3 17287
d 3 19424
d 3 12988
d 3 19359
d 3 6597
d 5 1761
d 1 5106
d 3 22329
d 1 6838
d 3 13534
d 4 21274
d 1 3916
d 1 4937
d 1 1036
d 1 22671
d 1 21472
d 3 3655
d 1 5233
d 1 16350
d 1 20786
d 5 6522
d 1 4591
d 1 22048
d 3 21663
d 1 1874
d 3 8426
d 1 1667
d 3 5802
d 4 5709
d 1 21545
d 1 13614
d 3 3764
d 3 20346
d 3 4162
d 1 5403
d 4 19256
d 1 13773
d 3 16835
d 3 1073
d 1 18641
d 3 23524
d 1 14169
d 3 20303
d 1 23896
d 3 22452
d 3 24993
d 3 22098
d 1 13869
d 1 1046
d 1 18565
d 5 12989
d 3 14577
d 3 16635
d 5 14851
d 4 14387
d 3 23073
d 3 20839
d 1 14002
d 3 3990
d 3 14909
d 3 4292
d 1 1921
d 4 3250
d 3 19281
d 3 12096
d 3 11570
d 5 10813
d 1 17090
d 3 446
d 3 7954
d 3 3093
d 1 1506
d 3 12516
d 4 8502
d 1 1911
d 5 17814
d 1 23112
d 3 20987
d 3 6207
d 4 14984
d 1 16173
d 3 7869
d 3 19517
d 1 22628
d 1 6142
d 1 20647
d 3 17043
d 1 6421
d 3 11641
d 3 702
d 1 3400
d 1 11933
d 3 8614
d 1 18493
d 4 2148
d 1 21844
d 3 22450
d 1 4709
d 3 20474
d 1 22641
d 3 21690
d 3 22371
d 4 24070
d 1 6160
d 1 888
d 1 7402
d 3 21790
d 3 20795
d 3 643
d 3 22487
d 1 6328
d 1 5337
d 1 8404
d 3 21700
d 3 10260
d 1 10953
d 1 20887
d 1 23892
d 1 11231
d 5 12159
d 3 15264
d 3 13413
d 1 10406
d 3 22305
d 3 5468
d 3 1758
d 3 1759
d 1 15057
d 3 20403
d 1 15314
d 3 14888
d 3 13980
d 1 16998
d 4 21766
d 1 14129
d 4 11428
d 3 24199
d 1 21372
d 3 21678
d 1 4670
d 3 1332
d 1 21091
d 3 12098
d 1 22042
d 3 17464
d 3 9143
d 3 11356
d 1 12905
d 1 4108
d 1 1273
d 1 4959
d 3 5984
d 1 23484
d 4 23749
d 1 13363
d 4 17149
d 5 12315
d 3 24435
d 3 24812
d 3 18183
d 1 17759
d 3 7183
d 5 12162
d 1 16336
d 3 12857
d 1 9360
d 1 3953
d 5 22750
d 1 13731
d 1 13983
d 1 18408
d 1 9650
d 1 2864
d 3 6836
d 3 17927
d 3 15099
d 3 1488
d 1 17397
d 4 20509
d 1 11099
d 1 22414
d 3 1333
d 1 6992
d 3 13939
d 4 12383
d 4 14962
d 3 10182
d 3 6559
d 3 22314
d 1 13289
d 3 5910
d 3 5911
d 3 1074
d 3 9024
d 4 20498
d 1 21508
d 3 13762
d 3 18563
d 3 9028
d 4 16880
d 3 19648
d 3 13836
d 1 18707
d 1 19288
d 4 17207
d 1 4194
d 1 19532
d 1 15355
d 1 17411
d 3 17460
d 1 14868
d 5 15045
d 3 23553
d 3 23554
d 3 23555
d 1 10024
d 1 4141
d 3 10672
d 1 1062
d 5 17096
d 4 16407
d 1 12186
d 1 21525
d 1 21384
d 3 2336
d 1 14206
d 1 2566
d 1 24194
d 3 17120
d 3 11098
d 1 6079
d 1 13450
d 1 5640
d 3 9994
d 3 926
d 1 5801
d 4 4529
d 3 868
d 1 6234
d 3 11149
d 1 8841
d 3 14058
d 1 14033
d 5 1279
d 5 1278
d 1 17688
d 1 21234
d 1 1313
d 3 12033
d 1 11718
d 5 13710
d 1 11968
d 1 23563
d 3 22878
d 3 16428
d 1 4253
d 3 4329
d 1 1952
d 3 1694
d 3 18667
d 3 7106
d 3 1944
d 3 3725
d 3 24814
d 3 19405
d 3 17610
d 1 21282
d 3 20455
d 1 9486
d 1 10083
d 3 10478
d 3 7993
d 3 15313
d 1 23924
d 1 15438
d 3 8317
d 3 14698
d 3 3260
d 3 6401
d 3 6831
d 3 17646
d 5 15606
d 1 1196
d 3 10692
d 1 4540
d 1 14340
d 3 15133
d 5 6142
d 3 6668
d 1 9219
d 3 24041
d 1 14709
d 3 9646
d 1 14779
d 1 11908
d 3 21809
d 3 168
d 5 19787
d 5 18719
d 3 23799
d 3 4093
d 1 13510
d 1 1032
d 5 13136
d 3 22149
d 3 11287
d 1 13002
d 3 16485
d 1 2450
d 3 15734
d 1 19115
d 3 9659
d 1 17030
d 1 6779
d 3 19221
d 1 16587
d 3 23367
d 1 11103
d 3 5192
d 1 2871
d 3 23944
d 1 16287
d 3 16788
d 1 1053
d 1 11860
d 1 7217
d 1 12106
d 1 12107
d 1 12108
d 1 12109
d 3 16114
d 3 7082
d 3 4682
d 3 9260
d 1 11243
d 5 660
d 4 5706
d 5 9544
d 5 17216
d 1 9479
d 1 12067
d 1 20306
d 1 11236
d 1 5512
d 1 20238
d 1 10006
d 1 22965
d 3 15688
d 1 14553
d 3 3067
d 3 5264
d 3 16013
d 1 2091
d 5 24560
d 1 19756
d 3 15663
d 3 6199
d 1 4806
d 4 15359
d 3 16803
d 1 16687
d 5 20895
d 1 5470
d 3 17896
d 1 6572
d 1 6573
d 3 1602
d 3 15901
d 5 14224
d 3 8115
d 3 8404
d 1 9955
d 1 21783
d 1 16918
d 5 9198
d 3 9439
d 3 9440
d 3 24602
d 3 10445
d 3 10447
d 4 21857
d 3 17211
d 1 7416
d 1 6341
d 1 4675
d 1 16982
d 3 14842
d 3 16439
d 3 13761
d 4 8857
d 4 14038
d 1 18952
d 3 11328
d 1 13963
d 1 24920
d 4 7171
d 1 1756
d 1 1757
d 3 22680
d 1 24253
d 5 18930
d 4 19726
d 3 23292
d 4 548
d 3 12861
d 3 14240
d 1 11651
d 1 22217
d 3 3627
d 3 14261
d 3 24466
d 3 15759
d 1 1759
d 1 19885
d 3 15720
d 3 22315
d 3 8733
d 3 10821
d 4 24348
d 1 21888
d 3 14306
d 1 2057
d 3 20558
d 1 6923
d 3 23205
d 3 16384
d 5 2186
d 3 3527
d 4 2458
d 3 1000
d 1 13142
d 3 4114
d 3 23172
d 3 12157
d 1 20456
d 3 2220
d 3 10870
d 4 6589
d 3 5693
d 3 3472
d 1 7717
d 3 10885
d 5 11922
d 1 18410
d 3 10514
d 1 5617
d 3 4381
d 5 3957
d 1 19561
d 1 4374
d 1 19051
d 1 20134
d 4 21483
d 1 24530
d 3 1570
d 3 1843
d 3 15977
d 1 3062
d 1 4694
d 3 13358
d 3 2556
d 3 2131
d 1 18316
d 3 6494
d 1 17715
d 3 6472
d 3 15906
d 1 21195
d 3 17656
d 1 11918
d 3 11282
d 3 18599
d 1 12488
d 3 24636
d 3 7104
d 1 16051
d 5 5700
d 1 15040
d 1 6320
d 1 6890
d 3 3763
d 3 20985
d 4 20163
d 1 5389
d 1 9997
d 3 22749
d 3 2601
d 1 9029
d 3 7826
d 1 4125
d 1 17264
d 3 13912
d 3 13363
d 1 21629
d 3 9796
d 3 1084
d 3 12420
d 1 9584
d 4 7938
d 3 11049
d 1 18317
d 3 9948
d 1 22011
d 3 90
d 3 7483
d 3 16650
d 1 7015
d 3 12670
d 1 21482
d 3 20279
d 1 19940
d 1 22743
d 3 823
d 3 10543
d 4 24088
d 3 5560
d 3 16167
d 3 4421
d 1 19685
d 3 19827
d 5 23661
d 1 4501
d 1 8466
d 5 5803
d 1 9723
d 1 9358
d 1 3448
d 1 11438
d 3 17321
d 4 24138
d 1 7166
d 1 8279
d 3 22262
d 3 6291
d 3 6292
d 1 22558
d 1 11855
d 3 15209
d 3 19151
d 3 6891
d 1 1586
d 3 18973
d 3 19057
d 1 4106
d 3 12583
d 3 12584
d 3 12585
d 1 10410
d 5 11767
d 3 14595
d 3 19216
d 4 24960
d 3 21479
d 3 6499
d 1 17856
d 3 24379
d 3 12950
d 3 16122
d 3 3793
d 1 13948
d 1 12157
d 3 7560
d 3 14308
d 1 16269
d 1 17974
d 1 14684
d 5 22045
d 4 10443
d 5 6740
d 1 12133
d 1 22368
d 4 24299
d 3 10620
d 3 4248
d 3 5081
d 3 16972
d 1 13763
d 4 9089
d 1 10996
d 1 17898
d 1 7466
d 3 17592
d 5 10283
d 5 7975
d 4 7565
d 1 16791
d 1 14733
d 1 20548
d 1 24013
d 3 13680
d 1 2870
d 4 10401
d 1 12754
d 1 8776
d 1 7834
d 5 889
d 5 4164
d 1 22343
d 1 7647
d 1 3611
d 1 11065
d 1 19543
d 1 12374
d 3 15284
d 1 20719
d 1 8831
d 1 6520
d 4 15389
d 3 4379
d 4 14068
d 3 1597
d 5 6807
d 4 771
d 3 20670
d 1 24373
d 1 3259
d 1 3295
d 1 3165
d 1 2223
d 3 19665
d 3 2814
d 3 3772
d 1 24938
d 5 22966
d 1 7154
d 1 10912
d 5 1241
d 1 20200
d 3 8885
d 3 15865
d 3 23340
d 3 7295
d 3 23727
d 3 9938
d 3 12720
d 1 15549
d 1 20783
d 1 9132
d 1 9133
d 3 22802
d 3 4313
d 1 24161
d 3 7184
d 3 21413
d 3 5223
d 4 18533
d 1 21737
d 1 24272
d 3 18848
d 5 18874
d 1 2105
d 3 491
d 1 814
d 3 17550
d 3 596
d 1 18958
d 1 1890
d 3 21741
d 1 24273
d 5 13653
d 1 1763
d 3 9441
d 1 11469
d 3 20912
d 1 7991
d 1 1302
d 1 955
d 1 10044
d 3 17773
d 1 6872
d 1 9622
d 1 21016
d 5 21507
d 1 10958
d 1 23180
d 3 3157
d 1 5729
d 1 6060
d 1 9141
d 3 8249
d 3 4175
d 3 250
d 3 18956
d 1 10124
d 5 17787
d 3 5852
d 3 23970
d 1 22278
d 1 3151
d 3 5902
d 3 20964
d 1 5085
d 3 4066
d 1 18400
d 1 1348
d 3 21299
d 3 3092
d 3 5703
d 1 9501
d 1 13771
d 3 18744
d 1 7619
d 1 9862
d 3 10646
d 1 4176
d 1 20596
d 3 10480
d 5 3706
d 5 13223
d 4 14829
d 1 11382
d 1 3200
d 3 4054
d 1 10426
d 3 19451
d 3 11578
d 1 1339
d 3 16663
d 1 11861
d 3 13296
d 1 22269
d 4 33
d 1 3731
d 3 18356
d 1 3998
d 3 22781
d 5 577
d 1 13452
d 3 402
d 3 18562
d 3 18564
d 3 11713
d 3 14088
d 5 24999
d 5 2800
d 3 432
d 4 10054
d 4 214
d 5 23921
d 1 18893
d 1 11439
d 1 8139
d 3 15340
d 4 12540
d 1 14314
d 5 22678
d 1 12441
d 1 8964
d 1 14165
d 1 13898
d 1 9554
d 3 2736
d 3 8824
d 3 8615
d 3 6218
d 1 18255
d 3 22599
d 1 22928
d 1 5420
d 4 2637
d 3 7656
d 1 23904
d 3 128
d 3 8989
d 3 11102
d 1 21920
d 3 22927
d 3 696
d 5 22851
d 1 20281
d 3 21102
d 1 19389
d 1 1598
d 1 24114
d 3 24904
d 4 24680
d 1 5471
d 3 5352
d 4 1369
d 3 595
d 4 4592
d 1 16788
d 1 7755
d 4 20859
d 1 24167
d 4 18828
d 1 6213
d 4 7925
d 1 10923
d 1 12768
d 4 15358
d 3 14327
d 3 18801
d 1 17139
d 3 14091
d 5 8617
d 3 8085
d 5 9463
d 1 14282
d 1 24274
d 1 7284
d 3 23542
d 4 11546
d 3 9818
d 1 2176
d 1 10875
d 3 23993
d 3 22488
d 3 21907
d 5 15046
d 3 11575
d 1 6229
d 3 3074
d 3 14342
d 3 14455
d 3 3771
d 5 9929
d 4 20307
d 1 18680
d 3 8701
d 3 14875
d 3 4890
d 3 1715
d 3 18334
d 1 13683
d 1 4644
d 5 18134
d 3 14636
d 1 17876
d 1 1237
d 3 23304
d 3 20001
d 1 10635
d 5 10572
d 1 13357
d 1 8535
d 3 17009
d 1 7043
d 3 4356
d 3 19578
d 3 24925
d 5 14402
d 4 8224
d 1 1253
d 3 23666
d 3 23519
d 3 21553
d 3 19413
d 3 3325
d 1 15757
d 3 22879
d 5 21226
d 1 10595
d 1 19102
d 4 652
d 3 22605
d 1 4945
d 3 19651
d 1 7911
d 1 22382
d 1 24720
d 4 21471
d 4 12939
d 4 23150
d 5 14489
d 1 4364
d 3 20100
d 1 21069
d 3 18551
d 3 24621
d 1 3750
d 1 24995
d 1 18596
d 3 10042
d 3 24503
d 3 6992
d 4 3355
d 3 19446
d 3 943
d 3 12978
d 1 18030
d 5 8358
d 3 7252
d 3 20563
d 3 8900
d 3 7947
d 3 13625
d 4 13363
d 1 16928
d 1 7974
d 3 1128
d 1 21549
d 1 21550
d 3 16295
d 1 23014
d 1 8982
d 1 12551
d 1 3147
d 3 17233
d 1 16260
d 5 20356
d 1 18503
d 3 2574
d 3 12962
d 1 7511
d 1 5385
d 3 21701
d 1 15123
d 3 10068
d 3 456
d 3 6542
d 1 4832
d 4 4261
d 4 10156
d 3 3919
d 1 3087
d 1 23351
d 1 3724
d 5 13395
d 3 10037
d 1 24214
d 1 22756
d 3 5580
d 1 2330
d 3 19830
d 1 20126
d 3 19743
d 5 18326
d 1 22923
d 3 7260
d 1 20731
d 3 13624
d 1 20617
d 4 11163
d 3 17940
d 1 13066
d 1 13279
d 5 12736
d 1 20236
d 1 24043
d 1 6135
d 1 23068
d 1 6080
d 1 16742
d 1 2892
d 1 4166
d 3 22413
d 5 2523
d 1 9247
d 3 19014
d 1 21849
d 1 17154
d 3 10588
d 3 15707
d 5 1123
d 1 1866
d 5 12046
d 3 14599
d 1 13592
d 3 15880
d 1 21782
d 5 20310
d 3 22032
d 1 6308
d 1 10224
d 1 4577
d 5 21837
d 3 11330
d 1 16246
d 3 8869
d 1 2075
d 5 23022
d 1 22472
d 3 5065
d 4 14722
d 5 24576
d 5 3750
d 3 23162
d 3 5537
d 3 13414
d 3 23790
d 5 735
d 3 13639
d 4 18776
d 3 8913
d 3 24079
d 5 9233
d 3 1470
d 1 11792
d 1 5012
d 1 12882
d 1 15764
d 3 22801
d 1 11036
d 1 10114
d 1 17223
d 3 11512
d 3 20901
d 3 5074
d 3 21074
d 4 4041
d 4 1802
d 3 13718
d 4 1462
d 4 17014
d 3 1137
d 1 7135
d 3 7131
d 3 6450
d 1 16138
d 4 22149
d 3 16995
d 1 23594
d 1 10109
d 5 23430
d 1 17284
d 4 15097
d 4 15098
d 4 15099
d 4 20861
d 1 13732
d 1 14591
d 5 1748
d 3 4224
d 3 9882
d 1 13818
d 3 16417
d 3 3722
d 1 2385
d 3 21229
d 1 12183
d 3 22699
d 1 17725
d 3 9909
d 1 5301
d 1 24524
d 1 6283
d 1 7725
d 1 22085
d 5 1714
d 3 11010
d 3 6507
d 3 7285
d 1 15108
d 3 24355
d 1 1156
d 3 492
d 1 20295
d 1 18826
d 5 14324
d 5 14778
d 1 18941
d 3 7193
d 3 617
d 4 21440
d 3 23395
d 5 19855
d 5 14346
d 3 13734
d 1 6161
d 3 23949
d 1 2482
d 3 6380
d 1 9426
d 4 18030
d 5 616
d 1 4252
d 1 3133
d 3 12339
d 3 16090
d 4 2
d 3 17657
d 1 21338
d 1 2615
d 4 20213
d 1 20299
d 3 10142
d 1 2874
d 1 4156
d 3 15907
d 3 23985
d 1 17660
d 5 8897
d 1 9970
d 3 18446
d 3 7994
d 4 5133
d 1 24131
d 3 17696
d 1 14393
d 1 23147
d 3 11066
d 3 21388
d 4 8551
d 3 1042
d 3 6293
d 4 24866
d 3 12181
d 1 4044
d 3 24028
d 3 3109
d 1 23186
d 3 20940
d 1 14948
d 5 24586
d 5 24587
d 1 24021
d 1 5844
d 3 22719
d 3 8688
d 5 24320
d 3 24718
d 4 23253
d 1 23921
d 3 23759
d 3 7201
d 4 9565
d 1 9140
d 5 6169
d 3 5358
d 3 15867
d 3 23085
d 4 15064
d 3 12319
d 5 2573
d 4 324
d 1 5440
d 1 12528
d 3 19888
d 3 18817
d 1 6547
d 5 14338
d 1 9870
d 1 21962
d 3 4279
d 1 4180
d 3 2750
d 1 7517
d 5 8526
d 4 12374
d 3 20861
d 5 21412
d 5 21413
d 5 21414
d 1 6191
d 1 2593
d 3 1901
d 4 13111
d 4 13110
d 3 17972
d 5 22880
d 5 22881
d 3 19191
d 1 11843
d 5 10492
d 3 15655
d 1 10328
d 3 5912
d 5 8259
d 3 11103
d 4 17350
d 4 1958
d 3 15357
d 4 6408
d 3 5012
d 3 5332
d 3 15389
d 3 10346
d 5 7428
d 1 17309
d 1 2971
d 4 3633
d 5 6852
d 3 12434
d 3 20278
d 3 23556
d 1 19922
d 3 5256
d 1 18683
d 3 24483
d 1 3390
d 3 3945
d 3 4169
d 3 1225
d 1 21821
d 1 10432
d 4 6377
d 3 18911
d 3 12969
d 1 5474
d 3 7740
d 3 23089
d 3 19181
d 1 12614
d 1 23455
d 3 23439
d 3 14048
d 3 18095
d 4 2058
d 3 17928
d 3 6105
d 5 13892
d 5 22127
d 1 9332
d 3 22962
d 3 2931
d 5 24353
d 3 10448
d 5 1954
d 3 6129
d 5 2423
d 3 12231
d 1 7028
d 1 18184
d 3 4470
d 5 8948
d 3 7921
d 3 7922
d 1 18303
d 1 19365
d 3 13302
d 4 21988
d 5 19792
d 1 16934
d 3 14073
d 4 15832
d 5 21516
d 3 11852
d 5 8663
d 5 8664
d 3 22084
d 1 15889
d 3 988
d 4 24983
d 4 24984
d 3 20127
d 4 17851
d 4 4698
d 4 23151
d 3 1760
d 3 15196
d 1 16956
d 5 20399
d 1 23192
d 5 13229
d 4 4737
d 4 626
d 1 5709
d 3 1195
d 3 21956
d 1 8185
d 5 1368
d 4 9815
d 1 15675
d 1 15256
d 1 12906
d 3 6915
d 1 12831
d 5 9093
d 3 22731
d 1 14751
d 4 14179
d 3 22381
d 3 16453
d 4 13490
d 4 1805
d 4 14431
d 3 20780
d 3 16921
d 3 17178
d 3 7577
d 3 15036
d 5 17249
d 4 23554
d 1 21850
d 3 5620
d 4 1013
d 4 13112
d 3 11974
d 3 7980
d 1 16430
d 1 18736
d 1 22684
d 1 22438
d 5 1204
d 5 10112
d 5 44
d 5 20323
d 5 21875
d 5 22115
d 3 13561
d 3 5633
d 3 5534
d 1 8247
d 3 23976
d 3 22491
d 3 22492
d 5 19447
d 5 21814
d 4 19128
d 3 1500
d 1 20959
d 3 930
d 3 18545
d 1 13738
d 1 18470
d 3 15992
d 1 10411
d 3 3542
d 3 3384
d 3 8063
d 3 16654
d 1 20759
d 5 7812
d 3 23445
d 5 14339
d 1 21156
d 3 5916
d 1 5527
d 5 24262
d 5 2223
d 3 15079
d 5 9262
d 1 24638
d 1 24221
d 5 864
d 1 22516
d 3 8476
d 4 16855
d 3 16073
d 1 17659
d 3 14811
d 3 3048
d 4 19506
d 5 6499
d 3 11717
d 5 20530
d 3 15212
d 1 24605
d 4 9269
d 4 6671
d 4 20548
d 1 6574
d 4 22990
d 4 14915
d 5 13357
d 1 23613
d 5 8576
d 1 16382
d 4 9649
d 1 7410
d 3 2561
d 5 19560
d 1 11461
d 3 241
d 1 1033
d 5 18327
d 3 24050
d 3 18561
d 1 8125
d 3 8098
d 1 13513
d 1 13907
d 4 12433
d 3 9346
d 3 9347
d 1 18382
d 5 14736
d 1 5458
d 4 15477
d 5 21227
d 3 2694
d 1 16999
d 3 5467
d 3 7619
d 4 901
d 1 24535
d 5 15743
d 5 11421
d 3 1507
d 3 20908
d 3 11750
d 5 17766
d 5 3247
d 3 22135
d 1 21855
d 3 3952
d 4 6042
d 1 19323
d 1 12014
d 5 552
d 1 7855
d 3 8158
d 1 11452
d 3 16571
d 3 3461
d 3 16342
d 4 15246
d 1 24296
d 4 18866
d 1 9337
d 3 7803
d 5 19301
d 1 12335
d 1 24477
d 5 5080
d 3 9562
d 5 9767
d 5 5675
d 4 11165
d 1 13451
d 5 8856
d 1 3880
d 3 22534
d 5 10639
d 5 14450
d 1 18559
d 1 15082
d 4 19047
d 4 19048
d 1 10659
d 3 5531
d 5 17217
d 4 2292
d 1 19704
d 1 15243
d 1 15315
d 4 5806
d 1 16345
d 1 9165
d 3 23816
d 3 4146
d 5 167
d 5 15188
d 1 3718
d 1 14388
d 4 1823
d 1 22047
d 4 1926
d 1 924
d 1 4355
d 3 19936
d 4 7760
d 1 20011
d 5 21603
d 1 15586
d 3 23414
d 3 12574
d 5 10629
d 1 13365
d 1 23114
d 3 15116
d 3 16836
d 1 17007
d 4 10083
d 3 9830
d 1 12498
d 1 16667
d 1 20467
d 5 10980
d 1 19795
d 1 8446
d 3 13040
d 4 3217
d 4 8206
d 5 9435
d 4 10296
d 5 8058
d 1 18032
d 1 11225
d 5 19644
d 3 15204
d 3 3956
d 3 13813
d 4 7441
d 3 23510
d 5 17322
d 3 5316
d 3 19618
d 5 7252
d 4 24208
d 4 14741
d 1 24913
d 4 24300
d 3 9144
d 1 12755
d 1 18498
d 3 1726
d 4 9008
d 1 18444
d 3 11278
d 1 19306
d 1 15655
d 4 22293
d 5 17444
d 3 10201
d 1 10859
d 5 1541
d 5 11705
d 4 3457
d 3 12292
d 4 6465
d 1 5226
d 1 8479
d 1 2627
d 3 23120
d 1 3153
d 1 10218
d 5 17723
d 4 16756
d 1 11552
d 1 3379
d 1 6903
d 5 13698
d 1 18256
d 3 12079
d 1 21754
d 1 16743
d 5 18183
d 5 14403
d 5 18320
d 3 23225
d 3 8175
d 3 14145
d 1 3021
d 3 19882
d 3 15563
d 1 11782
d 5 16495
d 1 20320
d 3 13651
d 3 18361
d 1 3130
d 1 24047
d 1 15085
d 1 12442
d 1 18163
d 3 8438
d 1 14427
d 3 5760
d 3 9164
d 3 9757
d 5 12177
d 1 21927
d 4 18802
d 4 18801
d 4 5293
d 4 19766
d 3 21384
d 3 20919
d 1 14432
d 1 7265
d 5 18807
d 3 21906
d 5 5808
d 3 1869
d 1 24185
d 3 10524
d 1 21183
d 3 6869
d 1 18830
d 5 18848
d 4 23218
d 4 3100
d 1 20446
d 5 14700
d 5 24593
d 3 23749
d 1 2150
d 3 14770
d 1 3321
d 1 20980
d 4 3346
d 5 17665
d 1 3250
d 4 19514
d 5 8147
d 3 4270
d 3 20991
d 4 13154
d 3 10653
d 3 11188
d 1 10855
d 3 21737
d 1 14474
d 3 16071
d 1 22502
d 3 3467
d 3 15119
d 5 821
d 5 2187
d 4 18433
d 3 16362
d 4 5310
d 4 21908
d 3 11002
d 3 20242
d 1 3267
d 1 7606
d 5 22821
d 5 8800
d 5 23579
d 5 23580
d 4 16538
d 1 2149
d 5 23632
d 3 24768
d 3 10158
d 1 8760
d 3 16476
d 1 23794
d 3 3104
d 1 18349
d 5 7081
d 1 9305
d 4 10920
d 3 21261
d 1 4264
d 3 21213
d 1 8467
d 5 8906
d 4 11767
d 1 14113
d 3 23943
d 4 2788
d 3 19535
d 3 16
d 5 108
d 4 1634
d 3 11864
d 4 3251
d 1 12400
d 5 4864
d 3 3961
d 5 7000
d 5 14306
d 1 11906
d 1 4354
d 1 14439
d 5 9869
d 4 4656
d 3 7671
d 5 15509
d 1 15066
d 1 17012
d 5 24354
d 5 1772
d 1 1173
d 4 3594
d 4 17962
d 1 17881
d 1 16833
d 1 12110
d 3 5311
d 3 5483
d 1 22141
d 1 8045
d 5 12144
d 4 13986
d 1 13481
d 5 19124
d 4 3290
d 3 17556
d 4 17351
d 5 22301
d 5 22302
d 3 4380
d 5 22303
d 5 22304
d 5 22305
d 5 22306
d 5 22307
d 5 22308
d 5 22309
d 5 15307
d 3 10507
d 3 15560
d 1 200
d 4 7662
d 5 4706
d 4 2918
d 5 5585
d 1 16995
d 1 17106
d 4 10289
d 4 6925
d 4 6926
d 1 15555
d 5 21146
d 1 16559
d 3 20576
d 3 12780
d 4 16874
d 5 10819
d 3 7039
d 1 15351
d 5 24588
d 4 133
d 1 18576
d 5 12102
d 5 17288
d 1 5757
d 3 11085
d 5 13396
d 1 17724
d 5 6093
d 1 23978
d 5 5601
d 3 8159
d 5 22882
d 3 3562
d 3 13951
d 4 6143
d 3 6416
d 3 4136
d 4 21989
d 4 6703
d 4 2714
d 4 18499
d 5 10080
d 3 15246
d 4 11102
d 5 22546
d 1 10944
d 5 3483
d 3 723
d 5 20864
d 3 23601
d 5 7782
d 3 24660
d 5 14252
d 3 12275
d 4 24471
d 5 15005
d 5 4304
d 1 2554
d 3 19325
d 4 22140
d 4 15100
d 4 22072
d 5 19451
d 5 8661
d 4 2877
d 5 6853
d 4 11547
d 1 18372
d 1 3051
d 4 22611
d 4 19072
d 1 6179
d 5 6204
d 4 24380
d 1 12408
d 5 12284
d 4 20312
d 1 9739
d 4 15162
d 4 15979
d 3 11338
d 1 3306
d 1 24849
d 5 14345
d 1 3045
d 1 13332
d 5 13093
d 4 17353
d 3 14596
d 3 7829
d 5 2724
d 5 23588
d 3 13753
d 3 9448
d 4 16460
d 5 18639
d 1 24921
d 3 19081
d 1 17628
d 3 16137
d 4 18365
d 1 2144
d 3 6686
d 4 13338
d 5 19883
d 3 19697
d 5 12291
d 3 11659
d 3 3907
d 4 18759
d 4 14363
d 3 8612
d 1 15475
d 5 4635
d 4 18905
d 5 11956
d 5 19448
d 3 18407
d 4 10841
d 1 2249
d 4 23917
d 4 16071
d 4 7433
d 3 20911
d 1 21961
d 3 17210
d 5 10831
d 1 22474
d 1 23132
d 1 6441
d 3 13802
d 1 8102
d 3 5753
d 1 3683
d 5 12135
d 5 10896
d 4 3993
d 1 15343
d 4 18902
d 4 10653
d 1 18230
d 4 18199
d 1 12685
d 3 3719
d 4 19404
d 1 11446
d 4 11613
d 1 1990
d 5 22986
d 1 9300
d 4 3842
d 3 23450
d 5 22000
d 4 20860
d 5 2052
d 4 9228
d 5 9053
d 4 2457
d 3 16228
d 1 19373
d 3 21965
d 1 20455
d 3 325
d 3 22675
d 5 4801
d 1 16206
d 5 24404
d 4 10735
d 5 4647
d 5 13739
d 4 23158
d 3 4049
d 4 17313
d 5 18833
d 4 21292
d 1 22099
d 1 21399
d 1 15299
d 1 1599
d 5 10423
d 5 16762
d 3 10085
d 5 21527
d 5 24577
d 5 5544
d 4 24363
d 3 18777
d 5 17574
d 5 2605
d 5 6397
d 1 18258
d 5 24431
d 5 24432
d 3 9127
d 1 10824
d 5 8391
d 4 1037
d 5 3001
d 3 18565
d 1 21128
d 1 1498
d 5 6028
d 1 13553
d 5 12297
d 5 18678
d 5 5089
d 1 7928
d 1 20659
d 5 11768
d 4 870
d 1 944
d 5 3878
d 1 24405
d 1 16719
d 3 12650
d 4 15866
d 1 6862
d 1 18994
d 4 9846
d 5 19077
d 5 9863
d 5 17865
d 4 11894
d 3 3387
d 3 6136
d 5 21375
d 3 14638
d 4 11777
d 5 8898
d 4 17579
d 3 14265
d 4 16483
d 4 17915
d 4 21760
d 4 9995
d 1 2114
d 1 2113
d 5 1509
d 4 20214
d 3 2375
d 1 15354
d 5 16771
d 5 10565
d 4 9009
d 4 2487
d 1 7585
d 1 5547
d 4 21151
d 1 12709
d 4 20252
d 4 17076
d 1 20454
d 3 16840
d 4 24985
d 5 14195
d 4 11740
d 1 7467
d 4 4190
d 5 13562
d 4 23082
d 4 4527
d 5 9130
d 4 17908
d 1 14704
d 3 8186
d 5 22231
d 1 20075
d 5 23892
d 4 23610
d 5 19415
d 5 3530
d 3 21284
d 5 7024
d 4 13023
d 5 11482
d 4 11852
d 4 10136
d 4 8236
d 1 3965
d 4 20620
d 5 14325
d 4 17120
d 5 11337
d 5 11338
d 4 10321
d 5 20531
d 4 22869
d 5 13271
d 4 11349
d 4 14809
d 4 14810
d 4 14811
d 3 3159
d 4 1370
d 1 17894
d 4 5119
d 4 20076
d 5 1353
d 3 5575
d 4 2388
d 3 8454
d 3 15729
d 1 3495
d 4 22551
d 4 22552
d 3 1395
d 4 16825
d 4 23154
d 5 2491
d 5 19576
d 1 22123
d 5 21415
d 3 11706
d 3 18409
d 1 20161
d 3 3663
d 5 5725
d 5 5726
d 5 5727
d 4 5061
d 5 7028
d 3 23253
d 5 5097
d 4 12768
d 5 8945
d 5 15224
d 3 22734
d 5 19856
d 1 22412
d 5 24269
d 1 14210
d 5 2468
d 3 21740
d 4 15570
d 3 22598
d 5 14002
d 5 4626
d 3 20502
d 1 10802
d 5 9443
d 3 24185
d 3 15993
d 5 15907
d 1 7419
d 3 8388
d 3 1512
d 4 10301
d 4 1166
d 4 19720
d 4 288
d 3 9902
d 5 6011
d 1 6375
d 5 2253
d 4 8912
d 5 16673
d 5 1244
d 5 19169
d 3 4459
d 1 21366
d 4 18432
d 4 20564
d 3 4090
d 4 15414
d 5 11511
d 5 6375
d 3 22414
d 5 9962
d 4 18264
d 1 10402
d 5 24315
d 1 6966
d 4 9816
d 4 10664
d 5 5879
d 5 11762
d 4 9704
d 1 20201
d 1 15637
d 5 21357
d 4 4645
d 5 8473
d 1 18451
d 3 20341
d 5 8233
d 3 3025
d 5 1362
d 4 22015
d 4 5271
d 3 12586
d 4 9638
d 3 1673
d 4 22807
d 1 2407
d 3 1674
d 3 501
d 4 24200
d 4 16791
d 3 19409
d 4 21452
d 5 17928
d 5 15189
d 4 3293
d 5 16857
d 4 5938
d 5 14420
d 5 10106
d 3 14637
d 3 7535
d 5 2847
d 5 7531
d 1 9419
d 3 21742
d 5 14701
d 3 2070
d 3 1231
d 4 21322
d 3 15341
d 5 21838
d 1 10357
d 5 24157
d 5 21613
d 1 20606
d 5 11193
d 1 23913
d 4 24403
d 4 24504
d 5 24106
d 5 7878
d 4 13452
d 3 9146
d 1 16618
d 3 11705
d 1 20777
d 1 16189
d 3 8831
d 1 2204
d 3 13097
d 1 14726
d 4 20842
d 1 7566
d 4 21917
d 3 19112
d 4 7034
d 3 5942
d 5 3931
d 5 10315
d 3 10294
d 5 18490
d 1 11001
d 5 2332
d 1 10619
d 5 22438
d 5 22437
d 5 19303
d 5 6412
d 5 22522
d 4 209
d 1 18150
d 5 12069
d 5 1968
d 5 1111
d 5 22114
d 4 12642
d 1 5896
d 1 24625
d 5 21562
d 5 12307
d 4 19301
d 5 13440
d 1 8565
d 4 22926
d 4 23125
d 4 1429
d 5 8424
d 4 24788
d 3 3519
d 4 1259
d 5 21376
d 3 14882
d 5 6257
d 1 15947
d 1 23077
d 4 6693
d 4 23797
d 1 7907
d 5 5719
d 4 19027
d 4 4339
d 5 22764
d 4 20582
d 4 7952
d 4 4848
d 1 9338
d 1 16028
d 1 6448
d 5 9556
d 4 24219
d 4 21272
d 4 20965
d 4 16375
d 3 3121
d 4 21183
d 5 15929
d 4 15656
d 5 23110
d 5 7421
d 4 14120
d 5 7644
d 3 11467
d 4 11379
d 1 23128
d 4 10952
d 1 20836
d 3 3283
d 3 6318
d 4 20580
d 4 7528
d 3 5955
d 5 19285
d 5 12681
d 4 21045
d 4 19049
d 3 11145
d 5 23153
d 4 2119
d 4 18811
d 4 325
d 5 1026
d 1 17112
d 5 7872
d 5 5111
d 1 20125
d 5 7954
d 3 19327
d 5 21705
d 1 18642
d 4 16863
d 5 22465
d 3 22506
d 1 18209
d 3 3083
d 4 14016
d 5 15364
d 3 22459
d 4 10082
d 4 16979
d 5 4006
d 3 3462
d 3 1826
d 3 1827
d 3 1828
d 3 18648
d 1 7045
d 1 6870
d 1 15396
d 3 8685
d 3 8686
d 4 24136
d 5 18532
d 5 12694
d 1 3242
d 4 16546
d 5 23689
d 4 6901
d 1 17219
d 3 3450
d 4 1791
d 3 23875
d 5 14320
d 1 21086
d 4 17147
d 4 20073
d 1 7908
d 5 14112
d 5 1437
d 3 312
d 3 313
d 1 17570
d 5 12118
d 3 13127
d 1 7465
d 4 4476
d 1 23424
d 3 3876
d 3 5948
d 5 15741
d 5 10625
d 1 21796
d 5 2472
d 3 9996
d 5 14355
d 3 21724
d 5 11475
d 3 6619
d 1 7229
d 3 12310
d 5 11208
d 5 10454
d 1 3253
d 1 3254
d 1 3255
d 3 13202
d 3 9042
d 3 9043
d 3 9044
d 4 14417
d 4 8560
d 3 9199
d 3 23977
d 5 8638
d 5 23099
d 1 5702
d 4 22593
d 3 18859
d 5 14262
d 1 11916
d 3 7930
d 1 3136
d 3 7446
d 5 20813
d 1 6567
d 1 9888
d 5 24263
d 4 13223
d 4 12986
d 5 46
d 3 16867
d 5 22042
d 4 18109
d 3 12963
d 1 6271
d 4 17489
d 5 13039
d 1 18049
d 4 21472
d 5 579
d 5 7622
d 4 7197
d 4 2426
d 5 5826
d 3 6871
d 5 12068
d 4 21099
d 1 21031
d 5 6202
d 1 13401
d 1 5394
d 1 5897
d 1 8464
d 3 14763
d 3 14764
d 4 4271
d 3 14930
d 4 12827
d 4 5724
d 1 21681
d 5 12688
d 3 12396
d 3 3282
d 5 19445
d 1 6989
d 5 24272
d 4 20677
d 5 4119
d 1 9001
d 3 15988
d 3 23665
d 3 23667
d 3 23668
d 5 5617
d 5 617
d 4 23747
d 4 13867
d 1 14989
d 4 21772
d 4 5134
d 5 6170
d 4 20274
d 1 2078
d 1 21028
d 5 22399
d 4 4738
d 4 15271
d 5 23807
d 4 17869
d 3 16952
d 1 14954
d 4 20189
d 5 19281
d 5 10172
d 4 7416
d 5 16956
d 4 3291
d 3 9358
d 5 15767
d 1 13356
d 4 20516
d 4 4296
d 5 17208
d 5 24374
d 5 8883
d 3 1393
d 4 10232
d 1 22844
d 3 1911
d 4 19354
d 1 13677
d 4 23317
d 5 22511
d 4 17848
d 4 12127
d 1 24205
d 1 4145
d 5 8702
d 1 23550
d 5 15150
d 5 12132
d 4 19872
d 3 242
d 4 6302
d 3 1481
d 5 13193
d 5 248
d 4 20034
d 3 8466
d 3 5915
d 5 18350
d 1 14554
d 5 1955
d 4 24695
d 4 15392
d 4 14995
d 5 21459
d 1 15884
d 3 5617
d 1 14250
d 1 5220
d 5 15132
d 1 18128
d 5 15625
d 5 17680
d 1 22356
d 1 4636
d 3 14032
d 4 7887
d 1 5258
d 3 6708
d 4 11016
d 5 12704
d 5 7792
d 1 10381
d 4 7432
d 3 6592
d 1 15422
d 1 21070
d 3 18471
d 3 18472
d 5 3026
d 3 2698
d 4 19609
d 3 20608
d 3 20609
d 3 20610
d 4 14523
d 3 23674
d 5 18137
d 5 9486
d 3 1287
d 3 1288
d 3 1290
d 3 1291
d 3 1292
d 3 1293
d 3 19356
d 4 9195
d 5 8687
d 4 16162
d 4 4263
d 1 13652
d 5 6722
d 4 15839
d 5 5586
d 5 9425
d 5 17682
d 5 1975
d 5 16784
d 4 7629
d 4 23493
d 4 3811
d 5 5167
d 3 23011
d 3 13212
d 3 18735
d 4 14096
d 5 1398
d 5 9101
d 4 20552
d 5 8226
d 5 11887
d 3 21703
d 5 19302
d 4 13749
d 4 24284
d 3 8822
d 4 9847
d 3 16665
d 1 23311
d 4 4438
d 1 16700
d 3 22594
d 1 18328
d 4 18017
d 1 20447
d 3 9242
d 3 19472
d 1 3544
d 3 4573
d 5 19499
d 3 15641
d 4 5857
d 4 8734
d 3 13293
d 3 1812
d 3 1813
d 4 11207
d 4 8421
d 1 21280
d 4 20045
d 5 21821
d 4 17203
d 4 23159
d 5 17323
d 5 4638
d 3 5890
d 4 22589
d 1 7962
d 4 21658
d 4 4308
d 1 8301
d 1 8302
d 1 3183
d 4 21116
d 3 9850
d 5 13392
d 4 18511
d 5 7879
d 1 18404
d 1 20111
d 5 5974
d 5 12109
d 4 18613
d 4 3793
d 1 14795
d 5 1747
d 5 2443
d 4 21582
d 3 20936
d 3 24683
d 3 13479
d 5 6992
d 1 20481
d 3 1308
d 4 13457
d 1 19397
d 1 24538
d 1 24539
d 1 24540
d 3 20526
d 3 7923
d 5 13151
d 1 18999
d 1 24284
d 5 2319
d 3 2836
d 1 18235
d 1 2390
d 5 18455
d 3 13217
d 3 13218
d 5 580
d 5 17499
d 4 5980
d 4 824
d 1 12863
d 3 4886
d 3 5356
d 5 10081
d 5 15908
d 1 17427
d 1 17428
d 5 13202
d 5 13672
d 5 13601
d 4 11950
d 5 2211
d 4 16691
d 4 6630
d 4 15753
d 4 20653
d 5 2706
d 3 23919
d 1 1944
d 1 21829
d 1 7798
d 1 17045
d 1 24698
d 4 12130
d 4 7843
d 5 4134
d 4 5210
d 1 15478
d 4 12705
d 5 14955
d 5 8555
d 1 4293
d 5 3531
d 1 22059
d 5 8540
d 4 19377
d 3 7662
d 4 1927
d 5 6698
d 5 17790
d 5 18233
d 1 12468
d 3 24058
d 3 6477
d 4 7488
d 4 1951
d 5 5364
d 3 13975
d 3 12067
d 4 7075
d 4 1514
d 4 18716
d 1 16503
d 3 20111
d 4 8891
d 1 11695
d 4 24523
d 5 20348
d 1 18872
d 1 18873
d 1 18499
d 5 19443
d 1 21458
d 4 6927
d 1 24267
d 4 1430
d 4 22359
d 5 3497
d 5 12894
d 5 14751
d 4 14812
d 1 20868
d 4 18868
d 5 12451
d 5 20095
d 5 20397
d 1 1694
d 1 24278
d 4 15682
d 5 24447
d 4 8403
d 5 5003
d 3 3683
d 1 7338
d 4 16293
d 5 19177
d 1 23039
d 4 14258
d 4 911
d 3 18572
d 3 18685
d 5 12310
d 3 11673
d 4 23507
d 4 24009
d 4 24177
d 1 20082
d 4 22705
d 4 23087
d 1 4782
d 5 14948
d 4 10020
d 5 15711
d 3 6014
d 3 2481
d 3 14649
d 5 5657
d 4 445
d 1 19034
d 5 578
d 5 9592
d 5 4561
d 1 20956
d 1 7601
d 3 1482
d 3 22493
d 1 4617
d 1 4618
d 1 4619
d 5 16053
d 5 20111
d 3 5089
d 1 8539
d 5 3657
d 4 23434
d 5 17326
d 5 17327
d 5 11387
d 5 7041
d 4 18869
d 4 13898
d 5 24231
d 3 5456
d 4 21975
d 1 17723
d 4 22427
d 1 9134
d 1 23138
d 4 15391
d 3 19799
d 1 15524
d 5 20073
d 3 11119
d 3 12062
d 5 16557
d 4 6120
d 3 1757
d 3 8818
d 5 1161
d 5 11112
d 5 17456
d 4 3402
d 4 23704
d 4 18572
d 5 12232
d 5 2232
d 5 17697
d 3 2110
d 3 16078
d 4 13723
d 4 14763
d 4 5486
d 1 15121
d 3 8991
d 5 11758
d 4 2801
d 5 24265
d 3 15302
d 3 15303
d 5 8059
d 3 3855
d 5 4994
d 5 16679
d 5 13845
d 3 10700
d 3 14872
d 5 23176
d 4 1142
d 4 23671
d 5 11291
d 4 6134
d 1 13457
d 5 12073
d 3 24330
d 3 6285
d 5 23924
d 4 23856
d 5 11935
d 4 4203
d 5 12219
d 4 3752
d 5 22138
d 5 16999
d 4 10014
d 4 306
d 4 9957
d 3 11806
d 3 15300
d 4 21484
d 5 7683
d 1 24658
d 3 16877
d 5 8081
d 1 3653
d 4 13537
d 3 3934
d 5 10897
d 4 19591
d 1 18608
d 4 9396
d 3 17122
d 3 8795
d 5 9987
d 5 17621
d 3 22254
d 1 18945
d 4 3872
d 5 15007
d 5 18600
d 3 17658
d 5 5061
d 1 15734
d 3 3723
d 5 5149
d 5 13409
d 5 14668
d 4 22553
d 1 21032
d 4 3843
d 4 7613
d 5 11983
d 4 12828
d 5 1245
d 5 17425
d 5 19848
d 5 10259
d 4 20588
d 1 4050
d 1 7871
d 3 14422
d 5 19062
d 1 3256
d 3 13437
d 5 21522
d 4 13360
d 5 10060
d 3 14602
d 3 17613
d 1 1304
d 4 17474
d 1 11676
d 4 7514
d 5 15286
d 5 14571
d 1 4303
d 5 22142
d 5 10677
d 5 3539
d 1 24447
d 1 6256
d 4 8973
d 5 23266
d 4 12940
d 5 9725
d 4 19077
d 3 18675
d 3 18676
d 3 18677
d 4 5931
d 3 19432
d 4 7188
d 1 21724
d 4 12375
d 5 13484
d 1 23948
d 5 14003
d 3 14693
d 5 6951
d 3 14154
d 5 3877
d 4 18617
d 4 19566
d 4 9462
d 4 20944
d 3 20392
d 4 24049
d 5 17834
d 1 20817
d 1 4504
d 3 11377
d 5 14648
d 3 18167
d 3 7112
d 1 8701
d 1 13588
d 5 9963
d 4 5385
d 3 10147
d 4 3495
d 3 23513
d 3 5097
d 1 4329
d 5 24546
d 3 5181
d 1 17604
d 3 3436
d 4 13580
d 3 9350
d 5 22390
d 5 23581
d 5 4498
d 5 1112
d 5 457
d 5 16960
d 5 13190
d 5 8045
d 3 9501
d 5 13369
d 1 7311
d 1 12145
d 5 15171
d 5 7991
d 5 10485
d 3 20734
d 1 1689
d 4 13734
d 4 7434
d 5 13240
d 1 6682
d 5 12013
d 4 13705
d 5 12930
d 1 13261
d 5 20842
d 4 17537
d 5 17471
d 4 17113
d 4 538
d 4 3145
d 5 4209
d 3 15187
d 4 9806
d 5 1885
d 3 2241
d 5 8150
d 5 16111
d 4 2335
d 5 4107
d 3 17086
d 3 11162
d 1 10878
d 5 24085
d 3 7578
d 5 6123
d 3 24799
d 5 20760
d 1 17946
d 3 20632
d 5 7191
d 5 1234
d 5 8974
d 3 16539
d 4 4414
d 5 13645
d 3 22769
d 3 10161
d 5 8946
d 3 583
d 4 23775
d 1 3742
d 3 4260
d 1 23379
d 3 20848
d 3 6798
d 5 13699
d 3 10273
d 4 8487
d 4 7729
d 3 2551
d 5 21876
d 5 13840
d 3 719
d 3 20116
d 4 14633
d 3 20972
d 5 20126
d 1 2058
d 5 3879
d 3 20913
d 3 4229
d 4 2839
d 4 4008
d 5 16555
d 1 24933
d 5 7619
d 4 17191
d 1 2690
d 5 24433
d 5 3685
d 3 4508
d 1 18296
d 1 18297
d 1 18298
d 1 18299
d 5 19961
d 4 16357
d 5 20292
d 1 22589
d 3 21966
d 1 23316
d 1 23317
d 1 23318
d 5 5972
d 4 23155
d 3 13446
d 3 9653
d 1 2668
d 1 9202
d 4 15434
d 4 13275
d 4 11519
d 5 16645
d 5 13978
d 4 4325
d 5 20996
d 4 17314
d 4 5362
d 5 23023
d 1 18948
d 3 8510
d 3 19425
d 4 18803
d 1 24118
d 3 6608
d 1 2410
d 5 6020
d 5 7201
d 3 19686
d 3 19687
d 3 19688
d 4 9574
d 1 1537
d 3 9348
d 3 7108
d 3 17234
d 4 4370
d 5 12740
d 3 1337
d 4 4711
d 5 16862
d 5 15080
d 5 17299
d 4 15336
d 1 18006
d 4 7512
d 5 16268
d 5 13561
d 1 13105
d 3 8729
d 5 21967
d 3 11378
d 5 11556
d 1 21494
d 5 12773
d 3 2274
d 3 207
d 5 20554
d 3 23291
d 1 11300
d 4 10076
d 5 12396
d 1 21137
d 1 17605
d 5 2300
d 3 11295
d 5 15650
d 3 9018
d 4 18755
d 5 22188
d 1 23558
d 5 15689
d 3 24152
d 1 7789
d 5 8899
d 3 821
d 5 23716
d 4 4995
d 1 21406
d 5 17098
d 5 6125
d 4 16462
d 5 10369
d 4 21477
d 3 11865
d 5 11727
d 4 11712
d 4 1192
d 1 13781
d 5 4253
d 1 13979
d 5 7002
d 5 21374
d 1 6941
d 4 17931
d 3 2154
d 5 142
d 1 21789
d 5 7379
d 1 9043
d 1 13502
d 1 17550
d 1 1319
d 3 6317
d 4 550
d 1 15193
d 4 9381
d 5 12665
d 4 14952
d 5 11495
d 4 212
d 1 18300
d 4 6172
d 5 5474
d 3 21725
d 3 13133
d 1 22378
d 3 16136
d 5 14621
d 1 22557
d 3 8682
d 1 12274
d 3 21127
d 5 22822
d 1 10890
d 5 8040
d 3 11883
d 1 7832
d 4 16592
d 4 18760
d 5 4589
d 1 8501
d 3 8284
d 1 6210
d 5 18887
d 1 23350
d 4 21773
d 3 15544
d 1 639
d 3 24867
d 1 5374
d 3 1425
d 1 24268
d 5 3970
d 5 12393
d 5 15347
d 5 21557
d 5 15704
d 1 23366
d 5 9820
d 3 2351
d 4 22141
d 3 19912
d 3 12123
d 5 22232
d 3 10404
d 5 6029
d 3 3385
d 1 8303
d 3 7703
d 1 17325
d 3 15810
d 5 10827
d 4 10667
d 5 24547
d 4 24329
d 4 17627
d 3 14369
d 1 3121
d 5 10552
d 4 16809
d 4 17713
d 1 3198
d 1 5063
d 5 22336
d 5 3043
d 4 19214
d 3 15321
d 4 13015
d 5 13272
d 5 4098
d 5 4663
d 4 13942
d 1 14629
d 4 23307
d 4 21061
d 1 20646
d 5 24507
d 3 4778
d 3 3301
d 5 2644
d 4 17360
d 4 24729
d 3 8561
d 1 8403
d 1 18875
d 3 18137
d 3 1184
d 1 21212
d 5 12022
d 3 17869
d 1 7487
d 1 6568
d 4 17504
d 3 4877
d 3 14808
d 5 24029
d 5 11231
d 1 12513
d 3 1765
d 1 2882
d 4 14384
d 1 8526
d 1 2699
d 4 10951
d 1 14021
d 4 17555
d 3 23850
d 4 14814
d 5 21551
d 4 6422
d 3 1113
d 1 21138
d 1 16569
d 5 13759
d 5 16965
d 1 18903
d 4 14753
d 1 12916
d 4 9325
d 4 3949
d 1 15291
d 3 21231
d 3 19109
d 5 13865
d 4 24698
d 1 10267
d 1 7011
d 3 19440
d 3 23634
d 4 6714
d 3 2404
d 1 8999
d 5 8673
d 1 21321
d 3 22415
d 3 13233
d 5 12993
d 1 928
d 1 20490
d 3 12753
d 4 19679
d 1 10968
d 1 2781
d 3 3072
d 3 13994
d 1 2073
d 3 1330
d 3 1249
d 4 22967
d 4 1086
d 3 2175
d 3 22881
d 5 3863
d 1 16000
d 5 3862
d 5 2
d 3 21484
d 1 21281
d 3 24562
d 3 24563
d 5 4569
d 5 7261
d 5 1225
d 1 19195
d 5 2665
d 3 18502
d 1 15018
d 3 22993
d 4 10599
d 1 3753
d 1 20555
d 1 20556
d 1 20557
d 4 15272
d 1 13070
d 4 18751
d 5 12667
d 1 13643
d 5 20783
d 5 15377
d 3 24685
d 5 16649
d 1 10949
d 4 11037
d 5 12253
d 3 14765
d 3 1154
d 3 7066
d 4 22478
d 5 13917
d 1 1432
d 4 12242
d 4 10158
d 3 16017
d 1 12068
d 4 9767
d 1 7929
d 4 12844
d 5 13956
d 3 5586
d 1 3797
d 3 6799
d 5 7029
d 1 14034
d 4 6838
d 1 23118
d 4 2113
d 1 8686
d 5 1259
d 5 16309
d 1 11568
d 3 17853
d 1 6153
d 1 5217
d 5 5676
d 3 9072
d 3 6648
d 5 20941
d 4 9854
d 3 6231
d 1 2894
d 1 13718
d 5 10316
d 5 1792
d 1 22127
d 3 564
d 1 14283
d 3 22901
d 4 13035
d 1 11296
d 4 14186
d 4 17336
d 3 1294
d 1 4623
d 5 20162
d 4 21914
d 1 8411
d 5 22541
d 4 11863
d 3 21843
d 5 19107
d 4 2486
d 4 3612
d 5 19623
d 5 19747
d 3 2038
d 3 19735
d 4 19760
d 4 13866
d 5 15385
d 4 16187
d 3 17916
d 5 3278
d 3 565
d 3 7834
d 1 15423
d 1 10239
d 1 8781
d 3 14659
d 5 942
d 5 943
d 4 22790
d 5 22439
d 4 24202
d 1 24936
d 3 1663
d 4 18204
d 3 10485
d 5 5728
d 3 17351
d 4 5789
d 3 21520
d 4 10326
d 1 9974
d 1 7915
d 3 19705
d 1 6434
d 4 8193
d 4 15119
d 1 20620
d 1 16252
d 5 5693
d 4 6485
d 3 20117
d 3 24431
d 1 11016
d 3 11139
d 1 10180
d 4 10192
d 3 15197
d 1 10243
d 1 23141
d 1 20463
d 1 19566
d 3 17612
d 1 16822
d 4 1279
d 5 21420
d 1 8484
d 1 9828
d 1 10232
d 4 13995
d 3 4934
d 3 13447
d 3 10327
d 3 13462
d 3 24276
d 4 20212
d 3 11832
d 4 20136
d 3 7561
d 5 8141
d 3 20950
d 3 13888
d 3 16398
d 1 5465
d 4 8855
d 1 16857
d 3 22347
d 4 6504
d 5 20506
d 5 9537
d 5 3817
d 5 19339
d 3 21173
d 1 18121
d 3 5618
d 1 7768
d 3 5561
d 3 17396
d 4 11758
d 5 19739
d 3 6635
d 1 13586
d 1 11179
d 1 4950
d 1 16635
d 5 19836
d 3 4157
d 5 12833
d 3 19708
d 1 7105
d 3 15027
d 3 467
d 4 5361
d 3 3661
d 5 13222
d 1 10495
d 1 19839
d 3 9045
d 4 4915
d 3 20119
d 4 15523
d 3 20188
d 1 7572
d 3 9564
d 1 12706
d 1 5443
d 4 2415
d 4 23965
d 5 4367
d 3 1129
d 3 1130
d 1 2159
d 3 5814
d 1 24136
d 3 1190
d 3 4503
d 3 24643
d 3 17739
d 5 5121
d 4 20727
d 5 17987
d 1 13458
d 5 13197
d 3 22750
d 4 13261
d 4 1457
d 5 9571
d 1 6390
d 1 4668
d 3 15216
d 1 9399
d 1 17275
d 4 12048
d 4 20119
d 1 8843
d 4 11509
d 5 24158
d 5 4651
d 3 19450
d 1 24379
d 4 12849
d 3 16331
d 3 22899
d 1 10019
d 4 2692
d 1 20478
d 3 5891
d 1 17028
d 4 12993
d 5 20845
d 1 13619
d 1 21725
d 1 8433
d 5 22707
d 5 18529
d 3 7452
d 3 19572
d 1 4332
d 1 15673
d 3 23731
d 1 7379
d 1 1724
d 3 13818
d 5 11339
d 3 10852
d 5 17328
d 3 24359
d 3 19
d 5 9270
d 5 6233
d 5 6234
d 4 10820
d 5 9819
d 1 9411
d 3 7048
d 3 14762
d 4 3437
d 3 9249
d 1 1282
d 5 10176
d 3 14398
d 4 15820
d 1 18007
d 1 21603
d 1 4887
d 3 13089
d 1 4326
d 1 17032
d 5 8520
d 1 5101
d 3 16552
d 3 11468
d 3 18793
d 4 16663
d 3 1739
d 4 16461
d 4 24797
d 1 13264
d 1 4923
d 5 13393
d 3 5793
d 3 22531
d 3 4037
d 5 4354
d 4 24314
d 3 10144
d 3 2956
d 3 3549
d 1 4239
d 1 17638
d 4 23625
d 3 9219
d 5 6096
d 5 6175
d 5 6176
d 1 4756
d 5 6259
d 3 3259
d 1 8680
d 1 5264
d 1 1965
d 3 3588
d 4 12
d 4 24364
d 1 17053
d 3 16857
d 3 6437
d 4 17361
d 1 4071
d 5 1130
d 1 22034
d 4 9783
d 3 17177
d 3 3521
d 4 17321
d 1 14122
d 5 2766
d 4 15593
d 1 6477
d 3 7874
d 3 17417
d 4 14723
d 1 23072
d 3 23211
d 3 20198
d 1 16315
d 3 3315
d 5 16688
d 1 12563
d 5 10128
d 5 17977
d 3 6885
d 5 19238
d 3 11588
d 1 5250
d 4 23462
d 5 17289
d 4 2013
d 1 3028
d 1 15159
d 4 15016
d 3 5427
d 1 5911
d 5 2428
d 1 973
d 4 24050
d 1 12131
d 3 13438
d 3 19474
d 3 13385
d 1 13214
d 1 5863
d 1 3607
d 4 11066
d 3 15385
d 3 1401
d 4 15150
d 3 5768
d 1 4426
d 1 8226
d 1 16770
d 1 12959
d 3 8449
d 1 18091
d 3 14006
d 4 8174
d 4 13018
d 3 12141
d 3 16234
d 1 1250
d 3 13219
d 1 13913
d 1 6658
d 3 13676
d 5 5426
d 4 14197
d 5 17681
d 3 1116
d 1 9185
d 4 9761
d 3 2555
d 1 19376
d 3 11780
d 1 15980
d 5 8281
d 1 4051
d 3 13325
d 3 10078
d 3 23979
d 1 10504
d 3 23879
d 3 3378
d 1 18584
d 4 4232
d 4 7105
d 5 20120
d 1 13358
d 1 19949
d 4 20901
d 1 20464
d 4 8869
d 1 2228
d 1 24897
d 4 16425
d 3 20574
d 5 9297
d 5 9298
d 5 9299
d 4 9486
d 3 5838
d 1 17742
d 5 20997
d 5 10684
d 3 15124
d 5 23235
d 4 13244
d 5 8554
d 1 12717
d 3 4069
d 4 987
d 1 19421
d 5 23633
d 1 4956
d 3 18678
d 3 1121
d 3 24684
d 3 24482
d 4 17775
d 4 6920
d 5 4532
d 5 17495
d 1 20180
d 4 19568
d 1 17804
d 4 15814
d 4 13680
d 1 24365
d 1 11974
d 1 9225
d 3 13229
d 3 17410
d 3 15864
d 4 14961
d 3 3515
d 1 6042
d 3 6098
d 3 7117
d 1 16611
d 5 24439
d 5 22156
d 3 18191
d 1 3486
d 1 9200
d 1 21922
d 3 1796
d 5 16419
d 1 8278
d 1 20560
d 4 8465
d 1 11301
d 4 2459
d 1 1649
d 3 98
d 1 17817
d 1 23083
d 3 14505
d 5 15624
d 3 3423
d 3 15742
d 5 3190
d 3 21812
d 3 7745
d 3 21658
d 3 10440
d 1 8809
d 5 11007
d 1 9025
d 3 10459
d 4 19877
d 5 23016
d 5 13442
d 4 21310
d 3 8849
d 3 8880
d 4 10200
d 1 11400
d 5 17546
d 3 11005
d 3 17722
d 3 17602
d 5 4562
d 5 1073
d 3 5185
d 3 11967
d 1 2746
d 3 7765
d 4 17105
d 1 7312
d 3 15652
d 5 5524
d 1 1347
d 3 19069
d 4 2973
d 3 15337
d 3 18473
d 3 1784
d 4 16413
d 5 16246
d 5 6097
d 3 2918
d 1 24541
d 5 14367
d 1 5753
d 5 1540
d 4 14108
d 4 5588
d 5 21633
d 3 9791
d 3 8996
d 3 6319
d 4 24709
d 1 2917
d 1 7774
d 5 12719
d 5 13697
d 1 7679
d 3 20206
d 4 7190
d 5 16450
d 1 20558
d 3 16117
d 5 16594
d 3 24564
d 3 21536
d 4 21286
d 3 21405
d 5 10185
d 1 14960
d 3 4848
d 5 22794
d 3 3935
d 3 21788
d 4 22863
d 3 13257
d 1 9672
d 5 23615
d 1 2121
d 3 19433
d 3 8010
d 3 23514
d 3 7026
d 1 22336
d 3 18133
d 3 20765
d 1 1355
d 1 10053
d 4 10025
d 1 2331
d 4 15722
d 1 20359
d 1 24862
d 1 24861
d 1 16567
d 3 24026
d 3 10316
d 1 3244
d 1 17544
d 5 89
d 4 14414
d 1 21053
d 5 1057
d 4 8375
d 4 7526
d 1 16721
d 1 5664
d 3 11862
d 1 20052
d 4 17535
d 4 17536
d 4 23935
d 4 4745
d 3 17961
d 3 413
d 4 5363
d 3 15203
d 5 20961
d 3 17666
d 3 2108
d 5 18384
d 3 13280
d 1 15099
d 1 11422
d 4 24468
d 3 4863
d 3 1114
d 3 20814
d 1 8184
d 3 14685
d 4 11762
d 1 10325
d 3 240
d 4 7906
d 5 16337
d 1 13207
d 3 23488
d 4 10015
d 1 15052
d 3 22482
d 3 21632
d 3 7453
d 1 2574
d 3 8901
d 1 4882
d 3 314
d 3 17664
d 1 15730
d 3 3176
d 4 16661
d 1 1996
d 1 21650
d 3 18456
d 1 23091
d 1 12913
d 4 16747
d 4 16664
d 1 19263
d 1 21965
d 3 24670
d 3 1295
d 5 8959
d 3 16930
d 5 15788
d 4 13121
d 5 6235
d 3 15650
d 3 406
d 1 11026
d 3 6622
d 4 7823
d 5 2527
d 1 2703
d 3 7371
d 1 2517
d 3 4557
d 3 19700
d 5 1355
d 3 5730
d 1 4215
d 1 10081
d 1 21718
d 1 10389
d 3 6400
d 1 1946
d 1 904
d 4 15054
d 1 8264
d 4 12603
d 5 4673
d 1 11052
d 4 23443
d 1 16622
d 5 19239
d 4 8759
d 1 7602
d 3 4431
d 1 2994
d 4 16579
d 3 6363
d 3 2615
d 5 19403
d 4 21603
d 4 6675
d 5 4681
d 4 7801
d 1 7324
d 3 15696
d 1 19445
d 1 3162
d 3 17781
d 4 6960
d 1 12315
d 4 22524
d 5 12919
d 3 12381
d 4 11643
d 3 24533
d 1 7108
d 4 13549
d 3 1948
d 1 8355
d 3 20041
d 4 11486
d 4 18212
d 3 11327
d 3 18821
d 1 5877
d 4 8405
d 3 11268
d 1 11604
d 5 17877
d 1 1481
d 4 23945
d 5 23020
d 3 4867
d 3 12336
d 5 14690
d 5 6177
d 4 10873
d 5 10342
d 3 13781
d 5 12456
d 4 13977
d 4 6563
d 4 6326
d 4 4987
d 5 14538
d 5 18989
d 1 13237
d 4 15894
d 1 22989
d 3 6969
d 5 11032
d 1 14051
d 3 7327
d 3 15240
d 4 2905
d 4 11434
d 1 21772
d 1 22170
d 1 1685
d 1 9244
d 5 17091
d 4 18034
d 3 6926
d 5 8112
d 1 4367
d 5 8270
d 3 10959
d 5 5138
d 4 4907
d 1 20618
d 3 9263
d 3 12615
d 1 10193
d 3 4327
d 1 867
d 1 20093
d 3 19339
d 3 11341
d 4 21507
d 4 21508
d 4 21509
d 1 11200
d 3 2913
d 1 23319
d 1 12821
d 1 14777
d 1 11815
d 4 4405
d 1 16435
d 3 14103
d 1 14355
d 3 19783
d 3 22288
d 1 18594
d 1 21252
d 3 20376
d 5 23567
d 3 4102
d 3 19228
d 4 5891
d 3 4547
d 1 11674
d 5 17306
d 1 18775
d 1 14060
d 3 7917
d 3 4130
d 1 7483
d 5 3882
d 3 2486
d 3 2485
d 3 20152
d 5 1432
d 1 10928
d 3 8572
d 1 20039
d 5 5741
d 1 13571
d 4 24994
d 3 24266
d 3 1968
d 3 19048
d 1 7864
d 1 8146
d 1 15755
d 1 16532
d 3 7444
d 1 14656
d 3 14583
d 1 22015
d 3 21918
d 3 20691
d 1 15063
d 3 20630
d 1 4132
d 4 15176
d 5 13755
d 3 408
d 5 10387
d 1 16708
d 5 24523
d 4 12398
d 4 21418
d 3 21529
d 4 22343
d 4 16799
d 3 1453
d 1 6327
d 1 12391
d 4 9050
d 4 13230
d 3 18281
d 4 16180
d 3 4545
d 5 19113
d 5 10767
d 1 4620
d 1 18502
d 3 14980
d 5 8038
d 1 21407
d 4 512
d 4 11942
d 5 18043
d 3 7548
d 1 15237
d 1 1077
d 3 5639
d 1 7614
d 1 20245
d 3 5364
d 3 19256
d 1 13446
d 1 13447
d 1 13448
d 3 10499
d 1 12720
d 4 5863
d 4 22870
d 1 8905
d 1 6041
d 1 9470
d 1 13886
d 5 1766
d 1 16062
d 1 24770
d 5 16136
d 1 18373
d 1 4899
d 1 9325
d 3 3165
d 1 530
d 4 12855
d 4 19065
d 3 14439
d 1 13719
d 3 21145
d 1 23218
d 3 2312
d 3 10154
d 5 12017
d 1 6293
d 3 22810
d 1 9201
d 1 24498
d 5 7934
d 4 20985
d 3 9600
d 4 5720
d 5 18760
d 1 22590
d 5 1152
d 1 22612
d 5 23670
d 1 21318
d 1 9751
d 4 17459
d 3 2262
d 1 4622
d 1 4090
d 5 6663
d 5 13079
d 5 19042
d 4 9784
d 1 13092
d 3 598
d 4 10885
d 5 11942
d 1 19620
d 1 6916
d 3 8522
d 3 8730
d 5 4271
d 1 2016
d 4 2070
d 5 7813
d 4 11947
d 5 18547
d 3 22207
d 1 16301
d 3 570
d 4 21744
d 3 19689
d 4 6855
d 3 23549
d 1 2970
d 4 21714
d 1 1725
d 5 8395
d 3 893
d 3 99
d 5 11232
d 5 9979
d 3 15059
d 1 24937
d 3 9025
d 3 4204
d 3 7754
d 1 7677
d 5 16689
d 4 46
d 3 7235
d 3 22290
d 3 14848
d 3 16629
d 4 14293
d 1 24571
d 1 24572
d 1 4705
d 3 8760
d 1 14883
d 3 12740
d 5 3018
d 1 16413
d 5 279
d 1 163
d 4 16748
d 1 11064
d 1 9290
d 1 10238
d 1 10409
d 3 13153
d 1 21830
d 3 18074
d 5 10030
d 4 684
d 1 17892
d 4 19776
d 5 23434
d 3 14012
d 3 8202
d 1 6369
d 1 8604
d 5 12697
d 3 24584
d 4 15931
d 1 7700
d 3 14167
d 3 15713
d 4 5301
d 4 23592
d 3 18673
d 5 24865
d 5 23278
d 1 9186
d 4 11076
d 4 11744
d 5 9791
d 5 22068
d 1 2325
d 3 3709
d 1 7899
d 5 24255
d 1 5704
d 1 24699
d 5 400
d 4 9365
d 4 6970
d 1 12476
d 3 11224
d 4 16706
d 1 16623
d 4 18093
d 5 23557
d 1 7975
d 5 19543
d 1 19719
d 4 13775
d 3 13372
d 1 24790
d 1 24791
d 1 24792
d 1 24793
d 1 24794
d 1 1882
d 3 17303
d 3 17304
d 1 21638
d 3 10157
d 3 16050
d 4 5864
d 4 23487
d 4 10240
d 1 7722
d 4 12075
d 1 16171
d 4 22547
d 5 9807
d 3 21485
d 5 1620
d 5 6260
d 5 1061
d 1 24960
d 5 15048
d 1 16063
d 1 9062
d 3 15304
d 5 23185
d 3 14376
d 3 16152
d 3 17085
d 4 12343
d 4 6966
d 1 18555
d 3 9250
d 4 23591
d 4 19229
d 3 2804
d 4 16139
d 4 16140
d 3 8239
d 5 16725
d 4 22955
d 5 14413
d 5 17692
d 5 17693
d 4 6190
d 1 4085
d 1 2294
d 4 11959
d 1 4911
d 1 5540
d 4 20766
d 5 5575
d 3 19338
d 3 1164
d 3 6973
d 5 8193
d 4 11427
d 3 10162
d 5 7176
d 4 14207
d 5 4850
d 4 14628
d 4 18909
d 5 12866
d 4 15495
d 1 19602
d 1 9414
d 1 9953
d 4 22021
d 5 15062
d 5 16685
d 4 20876
d 4 16842
d 1 11569
d 3 24674
d 1 3421
d 3 13709
d 3 16224
d 1 13874
d 3 16474
d 1 19862
d 4 14913
d 3 4561
d 1 5928
d 5 21352
d 3 18020
d 1 3209
d 5 1542
d 1 8261
d 5 21235
d 1 12370
d 5 24492
d 5 18021
d 4 3171
d 1 20207
d 1 4621
d 5 999
d 5 23285
d 1 22143
d 3 9933
d 1 10738
d 4 10783
d 3 12847
d 3 5075
d 3 24899
d 3 14518
d 1 16711
d 4 2296
d 5 736
d 3 1677
d 5 22803
d 3 499
d 1 13754
d 3 1552
d 3 4218
d 4 14265
d 3 789
d 3 8178
d 4 236
d 4 237
d 4 10167
d 3 6258
d 1 23242
d 5 6265
d 1 20298
d 3 22997
d 5 3044
d 1 16330
d 4 20796
d 5 23533
d 1 6152
d 4 24822
d 5 20900
d 4 24775
d 5 24051
d 4 2569
d 3 2671
d 4 22461
d 4 24443
d 5 23671
d 1 11018
d 3 17854
d 4 1186
d 3 15104
d 5 21334
d 5 12441
d 4 7211
d 3 15271
d 3 6606
d 1 3564
d 3 2511
d 1 14059
d 3 2335
d 1 11376
d 4 22065
d 5 17974
d 3 13733
d 3 9879
d 4 14575
d 4 3420
d 5 11195
d 5 16747
d 3 2505
d 4 1153
d 5 7398
d 4 3578
d 1 4255
d 5 20212
d 3 23669
d 4 14562
d 4 15244
d 5 24952
d 1 11747
d 5 22862
d 4 3245
d 5 5473
d 1 12123
d 1 12903
d 1 11672
d 1 9857
d 4 21618
d 3 18858
d 3 21577
d 5 17768
d 5 16509
d 5 2518
d 1 16908
d 3 566
d 5 22487
d 3 3232
d 3 9252
d 3 16225
d 1 19720
d 1 1510
d 5 19416
d 5 642
d 5 6606
d 5 3333
d 3 17830
d 5 3377
d 4 1301
d 4 14702
d 4 10365
d 5 11456
d 4 16141
d 3 12022
d 3 19567
d 4 16873
d 5 15109
d 3 4354
d 4 14654
d 3 3396
d 3 10387
d 4 17116
d 5 13614
d 4 21682
d 3 17113
d 3 9009
d 5 18472
d 3 17397
d 4 21584
d 1 19750
d 5 13833
d 4 2808
d 4 2306
d 3 5055
d 5 5749
d 4 14378
d 1 5327
d 4 19747
d 1 10444
d 3 5899
d 1 4063
d 5 14166
d 4 5751
d 5 10177
d 5 3772
d 5 12545
d 4 6856
d 4 9361
d 5 17841
d 3 1159
d 4 18968
d 4 16811
d 4 15822
d 1 9108
d 4 19528
d 3 8656
d 5 1675
d 3 12923
d 4 3408
d 1 10950
d 5 23328
d 4 22550
d 1 2586
d 4 2026
d 4 24117
d 1 11671
d 4 19962
d 5 19676
d 4 20626
d 5 13455
d 3 20
d 5 4503
d 5 16421
d 5 23812
d 4 3957
d 5 13767
d 3 15717
d 3 24219
d 4 5605
d 3 18935
d 1 18833
d 3 15762
d 3 1895
d 4 6922
d 4 9540
d 3 12204
d 4 16380
d 3 1914
d 1 18308
d 3 22717
d 4 16662
d 3 18771
d 5 17261
d 1 10473
d 1 15195
d 5 16984
d 4 8976
d 1 2189
d 1 23949
d 5 21094
d 3 15541
d 5 2291
d 1 17122
d 4 841
d 5 23122
d 1 6622
d 1 14022
d 5 9523
d 3 22484
d 1 4645
d 3 10540
d 4 2424
d 1 21833
d 5 5809
d 4 8337
d 4 12213
d 1 15804
d 1 9159
d 1 10387
d 1 19185
d 4 1187
d 4 3679
d 3 3513
d 3 22557
d 1 19252
d 3 21083
d 3 19925
d 5 21104
d 3 11558
d 5 12525
d 5 15077
d 4 14311
d 5 16040
d 5 10954
d 5 5647
d 3 20029
d 5 13712
d 5 9692
d 4 8729
d 4 8596
d 1 22066
d 4 14314
d 5 16231
d 1 8751
d 4 15838
d 4 2607
d 3 22137
d 1 11673
d 1 15948
d 5 20700
d 3 20225
d 1 11043
d 3 24062
d 4 19355
d 1 7054
d 5 11463
d 4 23368
d 4 9408
d 1 11346
d 5 6960
d 1 24529
d 5 22708
d 3 8683
d 1 13223
d 3 19586
d 3 9662
d 4 23900
d 1 23427
d 1 7348
d 4 15655
d 4 19521
d 4 12918
d 1 8736
d 3 19227
d 3 21026
d 5 13478
d 5 7445
d 3 20914
d 5 4172
d 4 9766
d 3 11961
d 5 10837
d 3 19644
d 1 21693
d 1 23278
d 3 24948
d 4 24855
d 4 3421
d 1 4518
d 3 6962
d 3 18620
d 4 15627
d 4 23824
d 4 13456
d 4 6608
d 4 16746
d 1 23006
d 1 15671
d 1 22276
d 4 24144
d 4 3035
d 3 6574
d 4 4022
d 5 12898
d 1 5359
d 4 7948
d 4 3672
d 4 20875
d 1 5682
d 3 22251
d 3 3911
d 1 18531
d 5 8740
d 5 18629
d 4 7907
d 3 9604
d 3 15382
d 3 503
d 4 12831
d 4 19967
d 3 5787
d 4 16600
d 1 1529
d 4 18331
d 5 6495
d 3 5054
d 1 5380
d 4 16761
d 3 22831
d 1 17372
d 3 4120
d 4 7358
d 5 6213
d 1 12487
d 1 6728
d 1 3160
d 1 14404
d 1 7006
d 3 6237
d 1 22997
d 1 5600
d 4 18834
d 5 10071
d 1 5935
d 4 20059
d 3 2911
d 4 11494
d 5 24016
d 5 10849
d 4 20002
d 3 15645
d 3 19821
d 4 14082
d 3 19951
d 1 22402
d 4 23764
d 4 509
d 4 2625
d 4 23285
d 5 10204
d 4 22525
d 3 12337
d 4 10340
d 3 4453
d 4 16798
d 3 9859
d 3 14526
d 5 11416
d 4 15728
d 3 20147
d 1 11347
d 4 18364
d 3 22407
d 4 11846
d 5 15230
d 3 23390
d 3 12083
d 5 1589
d 4 13215
d 5 33
d 5 22877
d 3 22002
d 5 8966
d 4 14165
d 5 21896
d 3 16372
d 1 19938
d 5 23066
d 1 8808
d 3 9093
d 3 22186
d 3 18231
d 4 16805
d 5 22401
d 4 391
d 5 18391
d 4 5699
d 4 6301
d 1 3813
d 3 468
d 3 140
d 3 18174
d 5 262
d 4 988
d 4 21748
d 4 17518
d 4 4390
d 5 6449
d 3 18570
d 4 6477
d 4 8075
d 4 5145
d 5 18188
d 4 7132
d 4 2764
d 4 1506
d 4 22957
d 3 5124
d 3 17959
d 4 11065
d 1 18751
d 1 8737
d 1 24573
d 4 19296
d 4 18234
d 3 22553
d 4 8114
d 4 7669
d 4 18070
d 4 20723
d 4 20724
d 4 5284
d 3 19131
d 4 21601
d 4 21602
d 3 20915
d 1 3312
d 1 24724
d 3 14513
d 4 24721
d 5 19563
d 3 8081
d 3 9834
d 4 11138
d 5 18567
d 3 15732
d 4 1009
d 4 2101
d 3 21430
d 1 22893
d 1 13864
d 4 16009
d 3 2126
d 4 6549
d 1 24040
d 3 6145
d 3 8200
d 4 4429
d 3 5062
d 5 9412
d 5 847
d 3 17305
d 1 12764
d 4 15900
d 4 8848
d 5 7267
d 4 12050
d 3 478
d 3 10357
d 4 9827
d 4 7372
d 1 9864
d 4 17175
d 1 7949
d 3 22947
d 3 17614
d 1 9450
d 4 6494
d 4 12384
d 3 12904
d 5 11941
d 5 5770
d 1 13449
d 5 12281
d 4 7078
d 3 23290
d 4 23733
d 3 16119
d 3 19926
d 3 20651
d 3 7414
d 3 17447
d 4 14648
d 4 20075
d 1 13430
d 4 23373
d 5 16720
d 5 9351
d 1 14735
d 1 22967
d 3 2754
d 4 22782
d 3 13261
d 4 18510
d 4 24597
d 3 1131
d 5 641
d 3 20008
d 4 851
d 5 7977
d 3 7053
d 5 13199
d 1 20853
d 3 16496
d 4 5993
d 4 16455
d 4 16506
d 4 13809
d 4 6988
d 1 6949
d 5 1626
d 5 17547
d 3 21761
d 5 12120
d 3 5503
d 5 15099
d 4 8255
d 3 11969
d 1 24512
d 5 2324
d 5 7355
d 5 6407
d 4 17484
d 4 1157
d 1 18557
d 5 14679
d 4 4331
d 4 3604
d 3 2759
d 4 19918
d 4 10150
d 5 329
d 3 9013
d 4 20441
d 1 5376
d 4 8925
d 4 4989
d 5 17953
d 4 16414
d 4 4890
d 4 7899
d 3 15592
d 4 5262
d 5 8640
d 1 19226
d 4 17511
d 4 9013
d 3 17939
d 5 18935
d 4 18248
d 5 21106
d 4 138
d 5 6304
d 4 16256
d 3 6822
d 4 21113
d 4 22558
d 5 127
d 4 3313
d 4 12452
d 4 22200
d 1 9131
d 1 24795
d 3 9573
d 1 12510
d 1 20929
d 4 22469
d 3 1449
d 4 13383
d 5 22016
d 4 2630
d 3 6906
d 4 19548
d 4 22973
d 4 13735
d 5 12006
d 3 18227
d 4 13475
d 4 9424
d 4 16969
d 5 4147
d 5 3810
d 3 14127
d 5 1746
d 1 20875
d 1 12846
d 1 21467
d 4 24617
d 5 6840
d 5 15748
d 4 3922
d 1 17479
d 3 24803
d 1 20116
d 5 3784
d 1 2426
d 1 11650
d 1 6090
d 5 8370
d 5 22195
d 1 2418
d 4 24959
d 5 22344
d 4 6206
d 1 23644
d 5 23997
d 3 13155
d 5 4942
d 1 21105
d 4 4623
d 3 11280
d 3 11279
d 3 9012
d 1 14500
d 4 19748
d 4 18521
d 1 23439
d 5 24908
d 3 24682
d 4 12002
d 1 5092
d 3 21826
d 3 1975
d 4 22587
d 5 9942
d 3 12405
d 5 17339
d 4 15987
d 3 10370
d 4 24182
d 4 14948
d 4 14949
d 4 14950
d 4 16975
d 3 10611
d 5 16684
d 3 9690
d 4 17490
d 4 7830
d 4 17491
d 4 17492
d 4 17494
d 5 6500
d 4 3592
d 3 9287
d 1 6594
d 5 21626
d 3 3334
d 4 14191
d 3 18831
d 3 3512
d 4 20507
d 4 9176
d 4 887
d 5 16479
d 3 5059
d 5 18259
d 3 23347
d 3 16120
d 3 6821
d 3 9903
d 5 23692
d 3 9684
d 3 9685
d 5 19180
d 3 24406
d 4 16166
d 5 22942
d 1 10941
d 4 3306
d 4 8547
d 4 7313
d 1 9044
d 3 14501
d 4 18486
d 5 697
d 4 5654
d 3 14901
d 3 23969
d 4 12791
d 4 12792
d 4 12793
d 1 19753
d 5 1351
d 4 16493
d 1 22299
d 1 14638
d 4 17916
d 3 23407
d 5 3321
d 4 18777
d 4 11058
d 4 5798
d 4 9058
d 5 15594
d 4 18509
d 4 24686
d 4 21873
d 4 13908
d 1 21992
d 3 23442
d 4 21818
d 4 8588
d 3 22012
d 3 23821
d 3 22836
d 5 20944
d 4 19896
d 5 3201
d 3 843
d 5 7151
d 5 13064
d 4 16549
d 5 1682
d 4 8150
d 4 6536
d 3 9864
d 3 12862
d 4 21515
d 5 20759
d 4 1200
d 4 3609
d 4 11524
d 1 19754
d 5 5707
d 3 11728
d 4 526
d 1 18778
d 4 9558
d 5 3311
d 1 5029
d 3 6928
d 4 1217
d 4 18530
d 5 18069
d 4 2102
d 4 21377
d 3 18057
d 4 14971
d 3 1066
d 3 2307
d 4 12030
d 4 14428
d 4 4742
d 1 9547
d 3 6035
d 4 11407
d 1 16308
d 3 6111
d 1 3313
d 3 22418
d 1 16948
d 3 13432
d 5 16972
d 4 1131
d 1 11116
d 4 21604
d 3 19777
d 1 21975
d 1 3406
d 1 14020
d 1 22835
d 4 18842
d 3 9874
d 1 19774
d 5 5883
d 1 2508
d 4 17195
d 4 4482
d 5 15538
d 1 16568
d 3 581
d 4 21740
d 3 24913
d 4 16215
d 4 9991
d 3 12406
d 5 18562
d 3 14775
d 4 24700
d 5 24349
d 4 9697
d 4 16745
d 3 2338
d 3 3495
d 5 16627
d 4 8102
d 3 12407
d 1 5537
d 3 19928
d 3 10303
d 5 5399
d 3 11951
d 4 18461
d 5 10711
d 4 17381
d 4 1071
d 5 22084
d 5 15095
d 5 18106
d 4 15802
d 1 18910
d 5 12252
d 3 16253
d 4 16631
d 5 8850
d 3 7563
d 1 19813
d 5 7010
d 3 2103
d 4 12543
d 5 944
d 3 18298
d 3 17318
d 3 9972
d 3 10441
d 5 12385
d 3 7995
d 4 12923
d 4 12022
d 4 7972
d 5 2881
d 5 516
d 4 2662
d 5 16795
d 3 712
d 4 24882
d 3 12958
d 4 6609
d 4 7576
d 4 12121
d 4 23641
d 3 17495
d 3 3887
d 3 3781
d 5 1478
d 1 16040
d 3 21648
d 5 424
d 4 2875
d 4 17600
d 4 15723
d 4 10361
d 3 11677
d 3 6275
d 4 3575
d 4 15381
d 1 22899
d 1 2122
d 4 5727
d 3 19330
d 5 24178
d 3 11559
d 4 15186
d 3 13673
d 5 1458
d 3 14974
d 5 24434
d 3 22645
d 4 12730
d 5 13631
d 5 15162
d 5 7327
d 1 21941
d 1 17597
d 3 21004
d 3 17960
d 1 164
d 3 12387
d 4 13380
d 5 18501
d 3 15726
d 4 5758
d 3 22354
d 5 15829
d 5 16576
d 4 5371
d 5 12000
d 4 13286
d 3 22221
d 3 8516
d 4 2540
d 4 4313
d 1 24111
d 4 1846
d 3 19368
d 4 2600
d 1 23503
d 4 5574
d 4 1685
d 3 22635
d 3 13240
d 4 2425
d 3 24470
d 1 11944
d 3 550
d 3 18719
d 5 19050
d 1 10829
d 5 14020
d 3 12395
d 4 1327
d 4 14089
d 3 4765
d 1 11338
d 4 10433
d 1 11410
d 3 20052
d 4 11619
d 3 9686
d 4 6275
d 4 13072
d 4 22493
d 5 16782
d 3 18076
d 4 8323
d 4 22541
d 4 15790
d 4 16532
d 5 24441
d 1 8830
d 1 10307
d 3 15875
d 5 19717
d 5 6281
d 1 9163
d 4 624
d 4 16333
d 3 3255
d 4 11234
d 3 3736
d 3 3737
d 3 14991
d 4 2814
d 4 2331
d 4 1531
d 1 3247
d 4 11409
d 1 14610
d 4 1433
d 1 4247
d 5 13147
d 1 11866
d 3 7491
d 3 6923
d 3 16910
d 1 10378
d 4 22307
d 1 22889
d 4 17533
d 4 9190
d 4 19023
d 3 368
d 3 20166
d 3 13346
d 4 20521
d 4 14164
d 3 19952
d 3 15869
d 5 9300
d 3 10848
d 1 14049
d 4 15881
d 4 15661
d 5 24409
d 4 3493
d 3 16261
d 3 22934
d 3 11242
d 4 11291
d 5 9018
d 4 3858
d 4 18798
d 4 3923
d 5 13931
d 3 14020
d 3 11050
d 3 13849
d 4 9485
d 4 18492
d 3 9587
d 4 6414
d 3 3360
d 3 22204
d 1 8339
d 5 13777
d 4 11209
d 3 2837
d 5 24388
d 1 24744
d 4 14193
d 5 17411
d 1 3405
d 4 13451
d 4 22278
d 3 477
d 1 10285
d 4 8167
d 4 23329
d 3 21132
d 5 2723
d 3 22832
d 3 11043
d 5 18709
d 4 9411
d 3 18228
d 3 10674
d 1 7515
d 4 6934
d 4 12221
d 3 5318
d 4 22010
d 4 7255
d 4 8476
d 1 16693
d 4 9779
d 1 7195
d 4 9770
d 4 13135
d 4 18458
d 4 266
d 3 15800
d 4 16734
d 5 12609
d 3 9778
d 3 13241
d 4 17450
d 4 14501
d 4 14502
d 3 23713
d 5 15770
d 5 19957
d 4 10233
d 3 7494
d 4 15115
d 5 8280
d 3 17461
d 3 17462
d 3 17463
d 3 17465
d 3 10583
d 3 505
d 5 11039
d 4 24702
d 4 5704
d 3 16795
d 3 8712
d 1 20489
d 5 16810
d 5 13718
d 1 10266
d 5 19784
d 4 18286
d 1 1770
d 5 16910
d 1 8435
d 4 2713
d 3 12791
d 4 16255
d 4 24239
d 3 20838
d 4 10592
d 4 9965
d 3 8050
d 3 8051
d 4 18334
d 1 24437
d 5 24030
d 4 15295
d 3 16938
d 4 20060
d 4 21823
d 5 18936
d 3 7881
d 3 40
d 3 11996
d 3 10500
d 3 11938
d 4 14
d 3 14052
d 3 1802
d 4 5350
d 3 7499
d 4 1774
d 4 12345
d 3 14845
d 5 4905
d 5 4906
d 1 15833
d 5 4023
d 3 14436
d 5 19129
d 4 10104
d 3 17450
d 3 15844
d 5 2582
d 4 37
d 4 19491
d 3 11407
d 4 3802
d 4 18761
d 4 8601
d 4 433
d 4 532
d 5 12365
d 1 15759
d 4 14070
d 5 22948
d 4 18835
d 3 19527
d 1 18933
d 3 6750
d 4 2250
d 4 2648
d 3 18392
d 1 1194
d 3 12084
d 3 12291
d 5 12698
d 1 18133
d 4 11210
d 4 6795
d 5 2381
d 3 13601
d 5 5384
d 3 2695
d 1 2551
d 4 17034
d 3 13715
d 4 17754
d 1 14143
d 1 8669
d 4 14296
d 3 17438
d 4 3036
d 4 1496
d 3 17020
d 1 19175
d 1 23702
d 4 3379
d 3 21426
d 4 10001
d 1 17172
d 3 2137
d 4 18277
d 5 15281
d 4 7638
d 4 6251
d 3 10211
d 3 5117
d 4 1731
d 1 7848
d 3 3209
d 1 9629
d 3 21465
d 5 3070
d 5 8493
d 4 24377
d 3 11083
d 4 18656
d 1 2438
d 4 7276
d 1 12652
d 4 9807
d 4 2090
d 4 21674
d 3 1529
d 4 21436
d 3 17360
d 3 7051
d 4 18299
d 3 19929
d 3 16666
d 3 23926
d 3 877
d 3 23544
d 4 2548
d 4 20778
d 5 14607
d 3 5996
d 5 7556
d 3 3624
d 3 15379
d 5 6581
d 3 11033
d 4 3693
d 4 4905
d 4 3369
d 3 24138
d 3 3522
d 1 10827
d 4 2772
d 3 23349
d 3 20552
d 4 6237
d 4 5225
d 1 15876
d 4 23985
d 4 12832
d 3 245
d 3 17280
d 3 11370
d 3 13022
d 5 7804
d 3 12408
d 4 22814
d 3 24033
d 3 10305
d 3 12023
d 1 9072
d 3 19200
d 4 19965
d 3 4365
d 4 19914
d 3 20890
d 4 12297
d 4 4871
d 3 11511
d 3 1555
d 3 15192
d 3 10738
d 3 10739
d 4 19392
d 4 9321
d 3 8287
d 4 3335
d 1 22841
d 4 22652
d 5 23346
d 3 3277
d 3 13752
d 3 14008
d 1 7985
d 1 22999
d 4 14714
d 3 8861
d 3 17383
d 4 14683
d 4 13352
d 5 21280
d 5 13468
d 4 15835
d 4 12325
d 4 180
d 1 14925
d 4 20253
d 4 5912
d 1 17532
d 4 19442
d 3 18876
d 4 20255
d 1 22387
d 3 7010
d 1 17453
d 4 10525
d 1 15176
d 3 24585
d 4 8201
d 5 7887
d 4 10450
d 3 23306
d 4 17216
d 1 3052
d 3 18189
d 4 2088
d 1 23122
d 3 8418
d 5 11904
d 3 24163
d 5 1648
d 4 4431
d 3 1226
d 4 8675
d 3 2051
d 3 4746
d 3 17468
d 3 14727
d 4 6079
d 4 8885
d 4 4927
d 1 1170
d 4 2140
d 4 20313
d 1 8709
d 1 12455
d 5 20896
d 3 7985
d 3 5485
d 3 15404
d 3 23100
d 4 23389
d 3 23602
d 3 11
d 3 23957
d 3 3731
d 4 7141
d 4 7235
d 3 17158
d 3 13281
d 3 13282
d 4 23650
d 3 14179
d 3 7897
d 3 22357
d 5 3138
d 1 11647
d 1 23090
d 4 13216
d 3 14744
d 4 5790
d 4 5791
d 4 5792
d 4 6864
d 4 7295
d 3 1762
d 4 6574
d 4 22909
d 3 20373
d 4 5177
d 5 20876
d 5 1960
d 3 19391
d 3 18903
d 3 1964
d 4 14951
d 3 23286
d 3 24134
d 5 17496
d 1 11635
d 4 13036
d 4 9161
d 4 17623
d 4 21762
d 3 6665
d 3 22203
d 4 13055
d 3 6812
d 4 18462
d 4 3576
d 3 2197
d 1 20312
d 3 22441
d 1 24737
d 4 14382
d 4 7331
d 4 6561
d 4 4525
d 4 5555
d 4 21141
d 4 21142
d 1 10615
d 3 2727
d 3 7310
d 4 5144
d 5 21658
d 3 3625
d 1 19057
d 4 22829
d 3 4704
d 5 11730
d 5 8753
d 3 22301
d 1 6972
d 3 571
d 4 8702
d 1 2637
d 3 7406
d 1 21643
d 5 16661
d 4 18340
d 3 24771
d 4 17496
d 3 17448
d 4 10987
d 4 10937
d 4 9714
d 5 22174
d 3 14800
d 4 19922
d 3 24944
d 4 7551
d 4 17928
d 3 9721
d 4 21343
d 1 23469
d 4 10286
d 3 4073
d 4 16617
d 3 2098
d 5 677
d 3 22408
d 1 14356
d 3 10966
d 1 15027
d 4 1407
d 3 13440
d 4 15262
d 4 22392
d 4 1092
d 1 12741
d 3 22161
d 3 17387
d 4 13779
d 5 1466
d 3 20314
d 3 3580
d 3 3581
d 3 1354
d 4 19874
d 3 13782
d 3 2494
d 3 5763
d 5 7131
d 4 12385
d 1 20325
d 5 23761
d 3 24303
d 5 5481
d 3 1528
d 5 4177
d 4 6031
d 4 21510
d 3 19822
d 5 5678
d 4 16197
d 3 4510
d 3 5709
d 4 5079
d 4 13938
d 3 3333
d 3 3654
d 1 21179
d 1 18263
d 5 3293
d 3 3168
d 3 20847
d 1 8033
d 1 5546
d 4 17417
d 3 4728
d 4 10657
d 1 8087
d 4 12794
d 3 19725
d 5 15063
d 1 1116
d 3 22694
d 4 16613
d 5 12611
d 4 22638
d 3 5004
d 3 24641
d 4 10220
d 4 21831
d 1 2964
d 4 21991
d 3 12498
d 1 16257
d 4 8879
d 4 17064
d 3 23443
d 3 9113
d 4 21143
d 3 17617
d 5 16994
d 4 24249
d 4 16164
d 4 7057
d 4 10277
d 5 2503
d 4 2653
d 3 11281
d 3 15162
d 4 9821
d 3 4178
d 3 1462
d 3 18336
d 1 7936
d 4 22256
d 4 5569
d 3 1927
d 3 17183
d 4 344
d 4 142
d 4 19923
d 4 15415
d 3 4124
d 3 8059
d 4 18874
d 3 24825
d 3 479
d 3 21277
d 4 17362
d 4 12032
d 3 14230
d 4 20779
d 3 3491
d 5 18321
d 3 10055
d 4 3464
d 4 2773
d 3 182
d 3 13265
d 4 11197
d 4 7747
d 4 19527
d 4 4359
d 3 12979
d 3 18814
d 5 9734
d 5 17099
d 4 19835
d 3 10770
d 5 365
d 3 358
d 1 5758
d 4 11151
d 4 7415
d 4 9557
d 1 22327
d 3 5648
d 4 6099
d 4 17724
d 3 23675
d 4 5981
d 4 5662
d 4 2945
d 5 12188
d 1 17610
d 3 4737
d 4 10481
d 4 10062
d 3 23149
d 1 21218
d 1 9271
d 4 24620
d 4 24621
d 3 20404
d 4 1601
d 4 14166
d 3 18697
d 4 20468
d 3 6375
d 5 1936
d 5 16773
d 3 5459
d 3 13684
d 4 10942
d 4 13994
d 5 517
d 5 970
d 5 19148
d 5 19720
d 4 5642
d 3 4366
d 3 12431
d 3 7858
d 3 11934
d 3 1430
d 3 1431
d 3 1433
d 4 7529
d 3 3201
d 5 12539
d 4 1964
d 4 16804
d 3 2124
d 3 8957
d 4 7975
d 3 9876
d 4 19225
d 3 8990
d 1 11235
d 4 7824
d 5 3876
d 4 17198
d 3 18688
d 3 13552
d 3 3409
d 4 20593
d 4 18632
d 4 8020
d 3 17711
d 3 16187
d 4 17117
d 5 2474
d 3 14491
d 3 9775
d 5 13358
d 5 7050
d 3 23288
d 5 20055
d 3 23243
d 4 9843
d 4 15478
d 1 9480
d 4 12579
d 3 3708
d 4 4070
d 3 17469
d 4 8391
d 1 15866
d 5 1088
d 5 888
d 3 320
d 4 13810
d 3 13674
d 3 20047
d 3 16885
d 5 1798
d 3 546
d 5 21373
d 3 15939
d 3 3954
d 3 4771
d 3 12264
d 3 21921
d 5 12910
d 4 22499
d 4 21035
d 5 14251
d 3 9334
d 4 11507
d 3 2881
d 3 2350
d 4 9088
d 4 8926
d 4 15364
d 4 15453
d 4 10329
d 5 6336
d 3 9731
d 4 15707
d 3 876
d 3 9014
d 4 7155
d 3 14822
d 3 11625
d 5 22947
d 4 8943
d 4 9030
d 4 4371
d 3 20010
d 4 22437
d 3 2651
d 4 5283
d 5 17631
d 3 22830
d 3 11840
d 3 15854
d 3 11068
d 4 12566
d 4 5191
d 3 10922
d 3 12432
d 1 12419
d 3 5178
d 3 24296
d 4 20725
d 5 8362
d 4 11847
d 3 13050
d 1 8977
d 4 15591
d 3 5198
d 4 8537
d 4 8538
d 4 8911
d 3 5856
d 4 6545
d 4 14806
d 3 14774
d 3 24161
d 4 20260
d 5 3476
d 3 6142
d 4 16044
d 3 3561
d 4 12901
d 4 20958
d 3 13729
d 4 16575
d 4 14675
d 4 14676
d 4 10027
d 4 12823
d 1 972
d 3 16503
d 4 20248
d 5 9899
d 4 16793
d 5 6472
d 4 3342
d 3 11691
d 4 6415
d 3 20456
d 1 10227
d 4 14858
d 3 18315
d 3 13382
d 4 23809
d 3 8052
d 3 5133
d 3 23642
d 4 10105
d 3 24305
d 3 8160
d 1 16958
d 4 6397
d 1 13165
d 5 9741
d 4 23762
d 4 18573
d 5 1407
d 4 23925
d 4 5689
d 4 468
d 5 11099
d 4 7949
d 3 24750
d 3 18232
d 4 2821
d 3 17692
d 4 15867
d 3 24767
d 3 10725
d 3 22458
d 4 14510
d 1 13017
d 1 22657
d 4 6748
d 3 8698
d 5 800
d 4 8191
d 1 17480
d 3 4088
d 4 2654
d 3 21447
d 5 10730
d 4 12139
d 3 12723
d 4 1400
d 4 13926
d 4 15131
d 4 9637
d 4 22443
d 4 10002
d 4 510
d 4 20547
d 4 17495
d 4 16114
d 3 3024
d 5 14455
d 3 451
d 4 7918
d 3 5063
d 4 11667
d 3 18665
d 5 2947
d 4 7380
d 3 21047
d 1 3569
d 4 1998
d 4 8103
d 3 10402
d 3 14299
d 4 7950
d 4 13151
d 3 10070
d 4 22362
d 3 22327
d 5 18601
d 4 22578
d 3 16156
d 5 18145
d 4 5354
d 4 19184
d 4 24842
d 4 9426
d 1 5165
d 3 20098
d 4 16226
d 4 14503
d 3 19002
d 5 20749
d 3 12515
d 3 17466
d 4 24084
d 4 3804
d 1 19777
d 4 6540
d 5 14160
d 3 1373
d 4 20184
d 4 12857
d 4 19825
d 5 14494
d 5 12388
d 1 17941
d 3 8205
d 5 20881
d 4 22225
d 4 1542
d 4 3660
d 5 702
d 4 21955
d 3 23952
d 5 9598
d 4 13540
d 5 10731
d 3 8000
d 5 14552
d 4 12096
d 3 8391
d 3 10942
d 4 21024
d 5 16272
d 4 9633
d 3 9181
d 4 1576
d 1 10662
d 4 22681
d 4 14752
d 3 21476
d 3 357
d 3 3790
d 3 15660
d 4 21277
d 4 23602
d 3 14164
d 4 18312
d 4 23455
d 3 2753
d 3 12977
d 4 15642
d 5 14940
d 4 1292
d 3 24507
d 5 8731
d 3 18017
d 4 15693
d 5 16458
d 3 18015
d 3 18955
d 1 3712
d 3 9828
d 1 7310
d 4 24552
d 4 5401
d 4 22361
d 3 14867
d 3 19553
d 4 11802
d 3 7973
d 5 4674
d 4 4596
d 4 4597
d 4 8936
d 4 8937
d 3 14053
d 3 7898
d 5 18254
d 4 17839
d 5 11731
d 4 11750
d 4 23859
d 4 3510
d 5 12902
d 5 14953
d 4 22916
d 3 13196
d 4 11990
d 4 5299
d 5 9892
d 3 6835
d 4 6458
d 4 20599
d 3 165
d 3 22800
d 4 15023
d 1 8405
d 3 23627
d 1 2784
d 1 11740
d 4 3560
d 4 14212
d 3 703
d 3 24460
d 3 14393
d 4 20415
d 4 12991
d 4 1337
d 1 20831
d 4 11442
d 1 18304
d 5 19715
d 3 23873
d 1 17731
d 1 893
d 4 17746
d 1 11707
d 3 8272
d 3 16512
d 4 24622
d 1 23335
d 4 8938
d 1 24708
d 5 11207
d 4 5827
d 4 23330
d 4 19697
d 3 18689
d 1 18678
d 4 21802
d 3 20884
d 4 1732
d 4 17763
d 4 501
d 3 7075
d 3 17915
d 4 7296
d 4 11350
d 3 551
d 3 22862
d 3 20710
d 4 23870
d 4 24551
d 3 11195
d 4 2043
d 4 20217
d 3 852
d 4 921
d 1 12742
d 4 10982
d 3 16378
d 4 18077
d 4 3924
d 4 18389
d 5 4085
d 4 5888
d 4 14707
d 4 20932
d 3 12680
d 4 18980
d 3 683
d 4 19601
d 3 3500
d 3 12125
d 3 12126
d 4 14289
d 3 18969
d 3 15430
d 3 5469
d 5 2123
d 3 24950
d 5 17948
d 5 17949
d 4 14049
d 4 11333
d 3 18003
d 3 9292
d 4 12981
d 4 3972
d 1 22842
d 4 24281
d 3 12344
d 3 6208
d 1 13193
d 3 3678
d 3 13018
d 3 11897
d 3 11060
d 4 1957
d 1 5154
d 1 1103
d 4 6680
d 3 15884
d 3 19226
d 1 17765
d 4 6463
d 5 13245
d 4 6621
d 3 24809
d 4 3345
d 5 10691
d 3 5735
d 3 2958
d 4 7939
d 4 2018
d 1 6100
d 4 19744
d 3 13400
d 3 19866
d 4 11107
d 4 5717
d 4 8184
d 3 19691
d 1 1382
d 4 3169
d 4 6827
d 4 20164
d 3 20483
d 4 100
d 4 18496
d 5 22593
d 3 3890
d 3 1693
d 4 15990
d 3 16217
d 3 21021
d 4 8645
d 3 7943
d 4 23221
d 3 19760
d 1 12793
d 3 14781
d 3 22550
d 4 13037
d 4 2566
d 4 24048
d 1 11777
d 4 12182
d 3 21278
d 4 11538
d 4 16229
d 3 24350
d 4 20273
d 3 10946
d 4 6296
d 3 12212
d 3 16397
d 4 13296
d 5 6350
d 4 20936
d 5 9508
d 4 16800
d 3 15163
d 3 10860
d 4 4578
d 5 20983
d 5 23450
d 3 19105
d 4 12160
d 1 14646
d 5 7272
d 4 17337
d 4 11105
d 3 5667
d 1 18562
d 3 9792
d 1 5631
d 1 12770
d 1 24410
d 4 10627
d 3 1695
d 4 23995
d 3 2800
d 5 8319
d 1 3578
d 5 9834
d 5 2489
d 3 18148
d 3 5630
d 3 13441
d 4 12115
d 4 13168
d 3 3391
d 4 19286
d 4 10719
d 5 12717
d 4 18631
d 3 23697
d 4 3140
d 3 2688
d 3 16423
d 4 15474
d 1 15216
d 4 4678
d 3 16274
d 5 19034
d 3 3582
d 3 19728
d 3 19019
d 3 16410
d 4 860
d 3 3982
d 1 24201
d 3 15401
d 1 6825
d 3 12937
d 4 1023
d 3 19604
d 4 13526
d 4 5580
d 5 9609
d 4 6118
d 5 7031
d 1 3497
d 4 6765
d 1 13375
d 4 4369
d 5 10655
d 5 9227
d 3 6571
d 3 16218
d 4 15332
d 4 18736
d 4 24109
d 5 5208
d 5 17085
d 4 11305
d 3 16634
d 3 14674
d 4 4841
d 5 9918
d 3 9137
d 4 9141
d 4 3058
d 3 4334
d 4 2258
d 3 17443
d 1 23932
d 4 19379
d 3 3858
d 5 10205
d 3 9326
d 4 9595
d 4 22562
d 3 12895
d 3 17600
d 4 24961
d 4 19443
d 3 7428
d 4 22130
d 5 2858
d 4 4015
d 3 7034
d 4 15929
d 4 16138
d 3 411
d 4 17996
d 3 10715
d 4 24162
d 1 3263
d 4 4166
d 1 3363
d 1 20714
d 4 8477
d 4 12122
d 3 23077
d 1 2352
d 5 12223
d 4 10989
d 4 21948
d 4 19780
d 4 6531
d 4 15135
d 4 20531
d 4 16846
d 3 8756
d 3 7771
d 4 20322
d 5 12316
d 5 6506
d 4 14557
d 1 5357
d 1 5356
d 4 17689
d 3 9877
d 4 4792
d 4 4793
d 4 4794
d 3 20339
d 4 6411
d 3 9305
d 3 4660
d 5 17191
d 3 11324
d 3 12073
d 4 7142
d 3 13138
d 4 8712
d 3 19810
d 4 13483
d 4 3472
d 4 487
d 1 21923
d 4 23070
d 4 5132
d 5 1220
d 4 15048
d 3 11634
d 3 115
d 1 9256
d 5 7462
d 5 16692
d 3 9819
d 4 8259
d 5 18136
d 3 5625
d 3 10952
d 3 10394
d 4 642
d 4 4351
d 3 16522
d 1 14425
d 3 18493
d 3 632
d 4 7277
d 4 12318
d 5 14816
d 3 1061
d 3 3673
d 5 12657
d 3 10707
d 4 22122
d 3 20660
d 4 22554
d 3 10189
d 3 1365
d 4 5653
d 3 12739
d 1 15639
d 4 15855
d 3 2011
d 3 23464
d 1 10661
d 4 15157
d 3 21760
d 3 20682
d 3 10542
d 3 4161
d 3 6141
d 3 4087
d 1 21790
d 3 8916
d 3 11871
d 4 4350
d 4 6468
d 3 12221
d 1 1977
d 4 5526
d 4 2615
d 3 9447
d 1 18469
d 4 596
d 4 22890
d 3 20451
d 3 1493
d 3 14045
d 5 11150
d 4 7012
d 3 9288
d 4 1508
d 4 1509
d 5 9938
d 4 3134
d 1 19579
d 4 16026
d 1 23878
d 3 16789
d 4 22650
d 4 5832
d 5 11782
d 4 4391
d 4 11314
d 3 2515
d 1 4766
d 4 7086
d 1 1520
d 3 19272
d 3 23932
d 4 16127
d 3 2819
d 1 2015
d 1 14563
d 3 19789
d 4 3178
d 4 21359
d 1 15566
d 4 21494
d 4 18859
d 1 23783
d 4 19433
d 1 4224
d 3 747
d 5 11369
d 4 4270
d 3 7287
d 5 3264
d 3 13402
d 3 22324
d 3 17707
d 1 15852
d 5 18581
d 3 16728
d 4 22330
d 3 4814
d 4 12875
d 1 18438
d 3 23289
d 3 3361
d 5 13639
d 5 14392
d 3 11385
d 5 6566
d 3 18555
d 4 23183
d 1 12750
d 4 141
d 4 14104
d 3 12787
d 4 6871
d 3 16239
d 4 7641
d 3 17470
d 4 5387
d 3 4230
d 1 5449
d 3 8288
d 1 24450
d 4 9921
d 4 5768
d 3 14079
d 5 21660
d 4 11295
d 5 9813
d 3 23269
d 4 12746
d 3 8338
d 1 10506
d 3 10008
d 4 19654
d 5 933
d 5 19200
d 4 21330
d 4 16587
d 4 23668
d 3 23881
d 1 23984
d 3 1790
d 4 11243
d 4 10285
d 4 5278
d 1 21020
d 4 24494
d 5 20873
d 3 3447
d 4 8817
d 4 16902
d 4 11902
d 5 11033
d 4 22222
d 3 22268
d 3 22269
d 5 11255
d 3 14902
d 1 19305
d 4 13174
d 4 18519
d 4 9378
d 4 21218
d 3 2032
d 3 5946
d 3 11991
d 4 12873
d 4 24191
d 1 12418
d 1 21876
d 3 1979
d 1 23952
d 3 22361
d 4 10751
d 3 7682
d 4 93
d 4 8500
d 3 10953
d 4 18211
d 4 7356
d 4 9063
d 3 14658
d 4 13285
d 3 11508
d 1 2137
d 4 12581
d 4 24497
d 1 22488
d 3 7495
d 4 155
d 3 450
d 3 10762
d 3 2120
d 3 13041
d 3 6369
d 4 12073
d 4 11962
d 3 7282
d 4 9808
d 1 16785
d 4 13357
d 4 2982
d 3 8500
d 3 17467
d 3 4062
d 5 6749
d 4 22118
d 4 20532
d 3 3862
d 5 14833
d 4 4352
d 3 13563
d 3 689
d 3 13931
d 4 8750
d 4 17857
d 1 20762
d 3 10212
d 5 18573
d 3 19852
d 5 2207
d 3 22222
d 3 569
d 3 13004
d 3 6045
d 4 14677
d 3 16284
d 1 1279
d 3 8728
d 5 11713
d 4 19549
d 3 22235
d 3 6759
d 3 8127
d 3 21813
d 4 20475
d 4 11751
d 4 22938
d 3 291
d 4 9259
d 4 24522
d 5 16271
d 4 16602
d 4 17983
d 1 24716
d 3 23644
d 4 9930
d 4 16198
d 3 24970
d 4 11726
d 3 13987
d 4 4547
d 4 12671
d 3 17429
d 4 24534
d 4 9683
d 3 2122
d 3 5481
d 4 4486
d 4 23912
d 3 6063
d 4 23247
d 4 21688
d 4 43
d 4 3669
d 3 20093
d 3 13043
d 4 8228
d 3 13878
d 4 17426
d 3 14643
d 4 14712
d 4 15785
d 4 5852
d 3 12938
d 4 10458
d 4 15167
d 3 12094
d 4 16820
d 3 24900
d 4 11684
d 3 1653
d 3 1637
d 4 4506
d 3 24827
d 4 3085
d 3 19811
d 5 7942
d 4 12097
d 3 11898
d 3 8944
d 3 9814
d 4 9608
d 3 5272
d 3 23285
d 3 7165
d 4 18950
d 3 154
d 4 12927
d 5 19396
d 1 2846
d 4 16847
d 3 22937
d 4 16876
d 4 6584
d 5 14721
d 5 22283
d 5 16095
d 3 6717
d 4 8023
d 4 6297
d 4 709
d 1 11836
d 3 3738
d 4 22885
d 3 4448
d 1 2356
d 3 12639
d 3 14687
d 5 18228
d 3 15051
d 4 6636
d 4 9194
d 4 6654
d 4 22412
d 3 24427
d 3 16812
d 1 3007
d 1 18988
d 4 10784
d 4 17653
d 3 381
d 3 5651
d 1 22763
d 3 2432
d 5 6536
d 4 24246
d 4 230
d 3 12378
d 3 20352
d 4 24915
d 4 11749
d 5 21120
d 4 3556
d 3 5011
d 5 8728
d 5 16243
d 3 16947
d 5 12798
d 4 24756
d 4 16236
d 3 17152
d 4 1952
d 4 18965
d 1 9018
d 4 7708
d 3 7514
d 4 10678
d 3 17831
d 3 23027
d 3 24898
d 3 6695
d 3 4005
d 3 12835
d 3 18684
d 5 3472
d 4 22105
d 4 5560
d 3 2898
d 3 2288
d 3 20434
d 3 6723
d 4 4169
d 4 8549
d 4 22939
d 4 21559
d 4 17131
d 4 14400
d 3 13373
d 4 23381
d 4 1821
d 3 13730
d 5 7687
d 4 5570
d 4 5300
d 3 4592
d 4 14762
d 3 14547
d 4 16065
d 4 411
d 4 18342
d 4 24707
d 3 5926
d 5 17012
d 1 7114
d 3 18380
d 1 20158
d 5 2961
d 3 5303
d 1 13712
d 3 3576
d 4 22407
d 4 5255
d 4 1693
d 1 15774
d 4 16050
d 5 6450
d 4 18300
d 3 24368
d 4 9410
d 1 10512
d 3 16435
d 5 5999
d 3 11927
d 3 13554
d 5 20584
d 3 20553
d 3 14522
d 3 13798
d 3 21651
d 3 10044
d 3 22195
d 3 22417
d 3 23096
d 3 24342
d 3 24343
d 4 9609
d 3 13846
d 3 4155
d 4 21568
d 3 20686
d 4 4771
d 5 20882
d 4 3523
d 3 20300
d 3 10036
d 4 18482
d 1 8284
d 1 6503
d 4 3583
d 5 15327
d 3 19464
d 5 791
d 4 23590
d 3 9681
d 3 3568
d 4 965
d 3 125
d 4 17041
d 5 1789
d 3 14499
d 4 15615
d 1 13174
d 1 13210
d 1 7350
d 5 8451
d 4 12666
d 3 13945
d 4 6412
d 4 9762
d 5 796
d 4 7901
d 4 9780
d 4 22301
d 4 19803
d 5 3050
d 4 23984
d 4 20658
d 4 7336
d 5 24350
d 4 604
d 4 11898
d 3 21179
d 4 4759
d 4 858
d 3 7451
d 4 15461
d 3 14776
d 3 748
d 3 13169
d 5 22586
d 3 20709
d 1 17661
d 3 11058
d 5 1945
d 4 16806
d 5 2806
d 4 12026
d 4 12027
d 4 12028
d 3 23299
d 3 4689
d 4 6304
d 4 7198
d 1 21228
d 3 21729
d 3 6938
d 3 9342
d 4 21087
d 5 10488
d 3 22775
d 3 24461
d 3 13156
d 5 21844
d 4 14993
d 1 20256
d 3 19606
d 5 9686
d 4 17359
d 3 12870
d 5 23064
d 4 21114
d 1 9423
d 5 14221
d 3 8736
d 3 11116
d 4 4795
d 4 1820
d 4 4858
d 4 16897
d 4 2827
d 4 20372
d 3 23350
d 3 19720
d 4 19302
d 3 20146
d 3 12724
d 4 13843
d 1 23632
d 4 11264
d 3 20683
d 4 694
d 3 10101
d 3 10102
d 3 10103
d 4 10493
d 4 2695
d 3 24344
d 4 1590
d 4 3205
d 3 11943
d 3 17929
d 1 20946
d 4 7297
d 4 10391
d 3 5147
d 4 14280
d 5 6004
d 3 6537
d 4 17458
d 4 19525
d 3 12127
d 1 20402
d 4 11166
d 3 21516
d 3 16159
d 4 6223
d 4 6974
d 3 17811
d 3 14402
d 3 2149
d 3 19353
d 3 7519
d 3 1434
d 3 335
d 4 14437
d 4 5905
d 3 5333
d 3 11855
d 4 3013
d 4 3101
d 4 3595
d 3 1779
d 4 20791
d 3 5003
d 3 1360
d 3 22270
d 4 759
d 5 6157
d 3 16145
d 4 10755
d 3 24521
d 4 10666
d 4 14142
d 3 15198
d 4 11307
d 1 20928
d 4 5996
d 4 10330
d 3 7200
d 5 8232
d 4 19321
d 4 4459
d 1 8888
d 4 1397
d 3 13401
d 1 5343
d 3 6572
d 4 15733
d 3 4631
d 3 12056
d 3 20446
d 1 10702
d 3 19796
d 3 13770
d 4 3061
d 3 19134
d 1 14604
d 3 24027
d 4 10094
d 3 144
d 4 1565
d 4 18209
d 1 20585
d 4 21095
d 3 16793
d 4 23959
d 3 20068
d 4 11306
d 1 20042
d 4 15180
d 3 18764
d 4 21810
d 4 22061
d 3 3979
d 4 18875
d 3 24508
d 5 21778
d 1 16119
d 3 3256
d 4 19472
d 3 10027
d 3 11791
d 3 9820
d 1 13888
d 3 24842
d 1 1949
d 4 24389
d 3 9442
d 4 3610
d 4 12800
d 4 19318
d 3 8887
d 5 4002
d 5 10284
d 4 14934
d 5 8549
d 4 17560
d 3 12533
d 4 13635
d 4 7766
d 4 7513
d 4 23287
d 1 21333
d 4 12014
d 3 16102
d 3 14171
d 3 15157
d 4 21632
d 1 20908
d 3 12015
d 3 11886
d 1 7077
d 3 96
d 3 10063
d 4 1649
d 5 11266
d 3 7070
d 3 3865
d 1 24252
d 3 12225
d 4 13426
d 3 12058
d 4 4674
d 4 18607
d 4 9773
d 4 17681
d 3 10819
d 4 853
d 4 10741
d 3 3194
d 1 10881
d 4 18886
d 3 5500
d 5 10815
d 3 7799
d 3 5903
d 4 5025
d 4 16020
d 4 2811
d 4 6420
d 3 15583
d 4 11370
d 4 17037
d 3 7793
d 3 10909
d 4 23717
d 1 21429
d 4 20476
d 4 23835
d 3 9409
d 4 3135
d 3 23197
d 4 18587
d 4 2044
d 3 13342
d 3 978
d 4 7506
d 4 12284
d 3 24645
d 4 8894
d 3 14046
d 4 6737
d 3 13299
d 4 22970
d 1 15640
d 4 21180
d 4 5352
d 4 3295
d 5 6357
d 5 12985
d 3 14500
d 4 10501
d 3 6453
d 4 3745
d 5 20041
d 1 22993
d 1 22992
d 4 985
d 3 24455
d 5 16942
d 4 13176
d 3 2112
d 3 3329
d 3 20998
d 5 8683
d 3 13046
d 4 23583
d 4 16479
d 3 14399
d 4 713
d 3 17134
d 3 23196
d 3 22046
d 3 22047
d 5 3809
d 3 4072
d 3 12474
d 4 22764
d 5 11322
d 3 24175
d 4 11325
d 1 13131
d 4 18476
d 1 15758
d 4 6662
d 3 7878
d 5 4004
d 4 5114
d 3 17363
d 4 1384
d 4 4991
d 3 7541
d 5 1221
d 1 23655
d 3 13926
d 3 19059
d 3 18037
d 3 13819
d 4 14803
d 4 15081
d 3 10315
d 3 5778
d 3 21155
d 3 6661
d 4 3337
d 3 22087
d 4 18566
d 3 20276
d 3 13898
d 4 9472
d 4 3228
d 4 749
d 4 1324
d 3 19512
d 3 13106
d 4 13541
d 4 5853
d 3 21262
d 4 10492
d 4 2286
d 3 6451
d 4 2980
d 3 24907
d 4 4672
d 4 18742
d 4 13593
d 4 13594
d 4 13595
d 4 5958
d 5 17064
d 4 12864
d 4 24102
d 3 9388
d 4 18928
d 1 12504
d 3 2512
d 3 17229
d 4 1399
d 3 6169
d 3 18041
d 3 12054
d 3 1976
d 4 4088
d 3 22595
d 3 21330
d 4 1372
d 3 14565
d 3 2033
d 4 2517
d 4 21256
d 5 21686
d 1 9553
d 1 14200
d 4 18430
d 3 11949
d 4 23987
d 5 8515
d 3 13717
d 3 13921
d 4 6828
d 3 9840
d 4 19569
d 5 4933
d 4 20224
d 3 12260
d 4 5473
d 4 24376
d 1 22051
d 1 22050
d 5 6284
d 3 13829
d 3 21423
d 4 7076
d 3 1281
d 5 21635
d 4 5793
d 4 8745
d 4 7038
d 4 7047
d 3 7747
d 3 12442
d 1 4285
d 3 5652
d 1 11754
d 1 24767
d 3 22689
d 4 19926
d 4 8076
d 3 1098
d 4 12056
d 4 9042
d 4 19758
d 1 4113
d 4 13034
d 3 22518
d 4 6836
d 3 6779
d 3 18043
d 4 3754
d 3 20281
d 4 6622
d 4 975
d 1 19690
d 4 1814
d 4 17229
d 3 19500
d 4 5977
d 4 6644
d 4 10322
d 3 18686
d 4 4349
d 4 12463
d 3 22897
d 4 8618
d 3 9254
d 4 2613
d 4 22026
d 4 11431
d 4 11194
d 3 15265
d 3 4219
d 1 16786
d 4 8192
d 4 19287
d 3 18299
d 1 11418
d 3 12579
d 3 15426
d 3 15898
d 4 10685
d 3 24601
d 3 20383
d 1 21168
d 3 11498
d 4 19161
d 3 24462
d 3 831
d 4 9031
d 4 12678
d 4 4138
d 3 12786
d 3 7595
d 4 3561
d 3 10958
d 4 9051
d 3 22883
d 3 1400
d 3 2088
d 5 3641
d 5 19485
d 4 21186
d 3 16616
d 4 15758
d 3 9701
d 4 18526
d 5 24173
d 4 7450
d 4 21652
d 4 16843
d 4 23914
d 4 24603
d 4 14885
d 5 22762
d 5 16162
d 4 23348
d 3 13334
d 3 7966
d 3 1266
d 4 19496
d 4 13200
d 4 20632
d 1 1328
d 3 9613
d 3 8263
d 3 5997
d 4 23946
d 3 19056
d 4 8600
d 5 2145
d 3 19763
d 5 14583
d 3 13820
d 3 9939
d 4 22801
d 3 14336
d 4 13535
d 3 376
d 3 18787
d 3 2891
d 3 9343
d 4 23863
d 3 14892
d 1 10843
d 1 17862
d 4 15529
d 3 3573
d 3 531
d 5 16619
d 3 23752
d 3 14986
d 1 1587
d 3 17084
d 3 9269
d 3 20543
d 3 9889
d 4 1908
d 1 15094
d 4 20094
d 4 23292
d 4 14419
d 5 23899
d 4 7627
d 3 8505
d 1 3617
d 4 18495
d 4 14692
d 1 20416
d 1 3853
d 4 13689
d 4 6119
d 3 12024
d 3 1824
d 4 23753
d 4 15132
d 3 14587
d 3 14588
d 3 14589
d 3 4709
d 4 16039
d 3 1267
d 4 13807
d 3 18241
d 4 7731
d 3 11800
d 4 14880
d 4 3838
d 4 12142
d 3 1628
d 3 8036
d 4 4999
d 3 1690
d 5 24949
d 3 18856
d 4 15528
d 3 15186
d 4 24836
d 3 1403
d 3 13755
d 4 21415
d 4 5489
d 3 14061
d 1 7037
d 3 13116
d 4 18205
d 3 7614
d 4 15072
d 1 2392
d 3 11689
d 3 8727
d 3 453
d 3 7220
d 1 24819
d 3 5558
d 3 10420
d 3 365
d 4 710
d 3 9512
d 4 8676
d 3 3749
d 4 4074
d 4 2985
d 4 21858
d 1 7329
d 3 2469
d 4 10392
d 3 4208
d 3 4590
d 3 5893
d 1 23881
d 3 22713
d 4 13169
d 4 11764
d 3 16828
d 1 20700
d 3 8215
d 4 9667
d 3 19032
d 3 4113
d 3 20586
d 3 5442
d 4 15639
d 5 1871
d 4 16810
d 3 3520
d 3 2216
d 3 19727
d 5 20838
d 3 3765
d 4 23715
d 1 13466
d 3 6858
d 3 10384
d 4 19620
d 3 14886
d 4 183
d 4 10835
d 4 10405
d 4 16731
d 3 4760
d 4 5142
d 3 6368
d 4 19474
d 4 21122
d 3 22792
d 3 4125
d 4 14033
d 3 14863
d 3 22537
d 4 13596
d 4 5534
d 3 18556
d 4 1898
d 4 16966
d 5 6032
d 1 6464
d 4 23766
d 3 20208
d 3 20209
d 1 7042
d 4 23399
d 1 18983
d 4 13786
d 5 21602
d 5 1679
d 1 13189
d 3 3976
d 1 14603
d 3 9682
d 3 24701
d 3 16254
d 4 20867
d 3 20132
d 3 22863
d 4 13225
d 3 5925
d 5 22285
d 5 15557
d 3 19622
d 4 14649
d 4 2046
d 5 6610
d 1 12958
d 1 23274
d 4 16779
d 3 7234
d 4 22297
d 3 7089
d 3 225
d 3 3181
d 1 7817
d 5 11541
d 4 24813
d 4 8052
d 4 9165
d 4 13534
d 4 22925
d 4 3504
d 4 691
d 4 12405
d 4 1280
d 5 11334
d 4 17821
d 4 12430
d 4 7539
d 4 10672
d 4 9449
d 1 15288
d 4 22874
d 4 8927
d 4 9418
d 3 10578
d 3 11025
d 3 20097
d 3 15672
d 3 12226
d 3 15178
d 3 9629
d 3 7002
d 4 1070
d 1 17910
d 3 5947
d 3 5344
d 4 1351
d 5 2129
d 5 9092
d 4 4598
d 4 19508
d 3 20754
d 5 22749
d 4 20920
d 3 11756
d 4 15181
d 3 6876
d 4 3991
d 4 5124
d 1 21690
d 4 20934
d 3 11628
d 3 14256
d 5 9066
d 4 14857
d 3 14337
d 5 1459
d 4 6853
d 5 18701
d 3 13957
d 4 16870
d 3 23762
d 3 10112
d 1 17885
d 3 7073
d 3 6071
d 3 20290
d 4 15168
d 4 15169
d 4 15170
d 4 10308
d 3 12369
d 4 16971
d 3 20012
d 3 11809
d 4 9861
d 3 17109
d 1 5792
d 4 8275
d 4 16893
d 5 7403
d 4 17648
d 4 5214
d 4 16932
d 4 5859
d 3 1489
d 3 297
d 4 24640
d 1 14729
d 3 13412
d 1 2895
d 3 23637
d 3 14159
d 3 7592
d 5 24174
d 3 10667
d 4 18032
d 5 9013
d 3 19321
d 1 8217
d 3 6329
d 3 9273
d 4 4969
d 3 5906
d 3 5904
d 3 17862
d 4 3684
d 4 8951
d 4 8952
d 3 9846
d 4 15368
d 4 14776
d 3 1230
d 3 16279
d 3 16540
d 4 5288
d 3 4332
d 3 2654
d 4 2293
d 3 6289
d 1 20486
d 3 19086
d 4 19705
d 1 24352
d 4 17451
d 4 7467
d 4 17324
d 1 21484
d 5 19647
d 3 6364
d 4 16257
d 4 12214
d 3 2586
d 3 7743
d 4 21978
d 4 19605
d 3 24476
d 3 4206
d 4 19310
d 3 10987
d 3 15044
d 5 6178
d 3 18134
d 4 12034
d 4 20835
d 4 1547
d 4 14933
d 4 17688
d 4 1016
d 5 13640
d 3 6775
d 5 160
d 3 13972
d 3 5515
d 3 1282
d 3 1064
d 3 20801
d 3 4234
d 4 229
d 3 18524
d 3 5087
d 1 8173
d 4 24193
d 4 2997
d 3 86
d 3 87
d 3 3027
d 5 10333
d 5 11907
d 3 14864
d 3 22048
d 4 24847
d 3 18236
d 4 8779
d 1 24838
d 1 5622
d 3 15744
d 4 16829
d 4 2099
d 1 23597
d 4 3406
d 4 17428
d 5 16096
d 3 22610
d 1 21933
d 4 13780
d 1 7444
d 1 14943
d 3 20277
d 5 10662
d 5 10663
d 5 10664
d 3 15798
d 5 11587
d 3 6573
d 5 1637
d 1 21514
d 4 3120
d 1 17294
d 4 21034
d 1 4624
d 4 13833
d 4 4242
d 5 24917
d 4 6566
d 4 8472
d 4 22397
d 3 13426
d 3 12286
d 1 2317
d 1 16631
d 4 24369
d 3 19142
d 5 19006
d 5 12263
d 3 2884
d 4 19785
d 5 7773
d 4 5802
d 3 20792
d 4 5978
d 3 3328
d 1 6577
d 4 21398
d 3 5460
d 3 8854
d 4 13175
d 4 9810
d 4 848
d 4 6481
d 3 22406
d 3 19755
d 1 4508
d 4 5123
d 5 442
d 4 17143
d 5 22668
d 4 2704
d 4 13546
d 3 3586
d 3 19608
d 4 8156
d 4 13177
d 4 21986
d 3 17247
d 3 1559
d 3 9540
d 4 12763
d 3 9630
d 4 10606
d 4 16504
d 1 10438
d 5 13620
d 4 10889
d 3 1722
d 1 2689
d 4 2384
d 4 8346
d 3 5840
d 5 15744
d 5 8490
d 5 20334
d 4 21226
d 4 21745
d 4 3952
d 4 10514
d 4 2605
d 4 18937
d 5 1847
d 3 1346
d 4 4565
d 4 16527
d 3 14297
d 4 5833
d 4 24414
d 5 11016
d 3 21589
d 5 1723
d 3 23521
d 3 22266
d 3 1544
d 4 12206
d 3 832
d 4 50
d 5 5904
d 4 15101
d 3 1800
d 4 9070
d 5 640
d 5 22722
d 4 743
d 4 19380
d 4 21554
d 3 22958
d 4 22896
d 4 876
d 4 6708
d 5 12895
d 4 6196
d 1 4060
d 3 3648
d 3 9139
d 3 10840
d 5 4063
d 4 17578
d 1 15434
d 5 15969
d 5 18427
d 4 23967
d 1 9266
d 3 184
d 5 19773
d 5 1159
d 3 12257
d 4 2951
d 4 243
d 3 8211
d 3 8204
d 3 22196
d 1 6310
d 5 4519
d 1 12805
d 1 7278
d 1 23699
d 3 22099
d 4 8338
d 1 2393
d 3 21189
d 5 2889
d 3 3441
d 5 24796
d 3 13988
d 3 5
d 3 15396
d 3 11243
d 3 7750
d 3 1501
d 4 23283
d 3 8717
d 4 24765
d 3 6424
d 3 5450
d 4 8468
d 3 9961
d 4 4842
d 4 17970
d 3 8934
d 3 928
d 4 23406
d 4 7680
d 4 9888
d 4 6152
d 4 11269
d 4 5581
d 5 24514
d 1 1059
d 4 18359
d 4 1201
d 5 22139
d 3 20343
d 4 4300
d 4 12504
d 1 4231
d 4 20774
d 4 17717
d 5 24741
d 4 23043
d 5 21988
d 1 14849
d 1 13521
d 4 18183
d 4 16878
d 3 4315
d 4 7515
d 3 21482
d 4 854
d 4 2182
d 4 4684
d 1 10354
d 3 7305
d 3 5343
d 4 17633
d 3 2794
d 4 15939
d 3 10009
d 4 13165
d 3 23476
d 5 12988
d 4 421
d 4 14847
d 4 9336
d 4 6346
d 4 3873
d 3 8325
d 4 15113
d 3 2828
d 3 24443
d 3 8302
d 1 1497
d 4 8079
d 3 10532
d 3 1322
d 4 4535
d 5 24529
d 3 17102
d 4 23395
d 4 8749
d 4 12069
d 3 21212
d 5 7594
d 4 12778
d 1 2391
d 1 18356
d 5 13042
d 3 19482
d 3 4368
d 3 10333
d 3 8515
d 1 11088
d 4 10957
d 3 16326
d 3 6844
d 3 17333
d 3 24418
d 3 9389
d 5 8401
d 4 16963
d 3 11147
d 1 22658
d 5 23029
d 4 24560
d 4 21732
d 4 4081
d 5 22334
d 1 19773
d 4 14366
d 3 7368
d 5 13343
d 3 10976
d 4 21349
d 1 22719
d 5 975
d 3 9645
d 5 5542
d 4 20798
d 5 4106
d 4 19467
d 4 11642
d 3 15538
d 3 22211
d 4 12856
d 3 12238
d 3 12130
d 4 3788
d 3 4652
d 3 24656
d 4 5390
d 3 1577
d 4 9755
d 4 24556
d 3 12360
d 5 2063
d 3 2630
d 1 22207
d 5 23485
d 5 23486
d 3 21421
d 1 4135
d 1 1797
d 4 9764
d 4 24720
d 3 15275
d 3 13370
d 4 22804
d 5 7440
d 4 16859
d 5 11712
d 1 8230
d 3 22646
d 4 16031
d 1 23435
d 3 1753
d 3 14258
d 4 12649
d 3 19079
d 5 12267
d 5 12268
d 5 12269
d 4 2045
d 5 12522
d 4 8032
d 4 18272
d 5 19768
d 3 5657
d 5 3845
d 5 2006
d 3 6963
d 3 9229
d 1 3498
d 4 3620
d 3 4543
d 5 13515
d 5 17124
d 5 7532
d 3 19516
d 3 3642
d 1 19455
d 4 5313
d 3 5755
d 4 2730
d 1 20206
d 4 24958
d 4 4724
d 3 17835
d 4 14475
d 1 9267
d 3 17737
d 3 7788
d 4 3887
d 1 6028
d 4 22446
d 3 13352
d 1 3516
d 3 14879
d 5 16291
d 3 15958
d 5 19912
d 4 23969
d 5 3589
d 3 12193
d 4 201
d 3 12048
d 3 3803
d 1 8063
d 3 21832
d 3 24016
d 3 18429
d 4 7663
d 4 7399
d 3 4278
d 3 14768
d 4 17693
d 3 23864
d 4 17620
d 4 16148
d 4 19434
d 4 22107
d 1 5174
d 5 11008
d 4 11826
d 5 11009
d 5 11010
d 3 17272
d 3 504
d 5 20431
d 4 4685
d 1 2382
d 5 12339
d 1 15313
d 1 22455
d 4 7074
d 1 12097
d 5 23869
d 4 19617
d 5 18429
d 4 21529
d 5 18621
d 1 18959
d 5 23126
d 5 23127
d 5 23128
d 5 1289
d 5 16381
d 3 6051
d 4 13660
d 4 21447
d 5 3943
d 4 12309
d 4 7734
d 3 17186
d 4 8089
d 3 15921
d 5 16005
d 1 15517
d 3 586
d 5 19714
d 4 7398
d 5 17087
d 3 21986
d 4 11023
d 4 11022
d 1 2038
d 3 13535
d 4 4968
d 5 2396
d 1 13847
d 3 18519
d 4 19929
d 3 7517
d 3 1661
d 3 6115
d 5 9091
d 3 9457
d 4 6021
d 4 10205
d 4 20894
d 4 21260
d 4 11117
d 3 15634
d 5 11309
d 1 15152
d 1 23570
d 1 15165
d 4 2851
d 5 21190
d 4 1772
d 5 9844
d 5 11526
d 5 9845
d 3 23520
d 3 9396
d 4 312
d 4 1599
d 4 5623
d 3 19957
d 1 6774
d 4 9964
d 5 8688
d 3 24170
d 4 2577
d 4 24476
d 4 14299
d 4 24670
d 3 23631
d 3 15009
d 4 5302
d 4 19223
d 3 15917
d 4 24993
d 5 2890
d 3 10351
d 5 1701
d 4 3424
d 4 20756
d 4 151
d 1 5209
d 3 13865
d 5 7663
d 1 1222
d 1 22949
d 1 20951
d 3 8694
d 5 14201
d 4 22326
d 3 12851
d 4 19845
d 3 6044
d 3 4891
d 3 1618
d 5 23797
d 3 11004
d 4 7478
d 3 15484
d 3 791
d 4 97
d 4 17905
d 1 1839
d 1 2175
d 3 3845
d 3 5905
d 3 12911
d 4 21803
d 3 23218
d 3 15562
d 5 23627
d 3 9400
d 3 16297
d 5 14756
d 4 24943
d 1 21057
d 4 3316
d 4 23739
d 4 3301
d 5 11588
d 5 18824
d 4 11124
d 1 19689
d 5 2218
d 3 21368
d 4 22020
d 3 8192
d 4 24635
d 4 6762
d 1 2311
d 3 9614
d 4 22048
d 4 1239
d 3 17655
d 5 21082
d 5 16743
d 1 14099
d 3 4142
d 4 7792
d 3 4690
d 4 23862
d 4 15509
d 4 914
d 4 9542
d 4 5844
d 3 10104
d 5 11662
d 5 643
d 3 17048
d 3 11272
d 4 24521
d 1 21674
d 4 5948
d 4 5946
d 4 23284
d 3 9472
d 1 11548
d 3 22340
d 4 16399
d 4 20092
d 1 14862
d 4 22876
d 1 4505
d 4 4970
d 5 21397
d 3 21375
d 4 19587
d 1 6123
d 4 1773
d 3 16280
d 1 18319
d 3 4439
d 3 12028
d 4 20427
d 3 8932
d 3 7875
d 1 8954
d 4 7811
d 5 4735
d 1 12596
d 1 2796
d 4 18524
d 3 9558
d 3 290
d 5 18761
d 4 22881
d 4 19855
d 4 18527
d 3 17547
d 1 5048
d 4 3571
d 3 16430
d 1 16162
d 1 16163
d 4 21086
d 1 15713
d 4 11943
d 5 22023
d 4 11630
d 1 4272
d 4 22005
d 5 7716
d 3 17119
d 3 6724
d 4 18354
d 3 20231
d 5 17936
d 4 13069
d 5 20032
d 1 16451
d 3 1934
d 4 9966
d 4 2726
d 1 15044
d 3 19163
d 4 6276
d 1 6764
d 3 16352
d 3 5494
d 3 7711
d 3 15785
d 4 17874
d 5 16935
d 3 24428
d 4 20077
d 5 19952
d 3 17529
d 4 20925
d 5 6435
d 1 15456
d 5 21656
d 1 4661
d 4 20579
d 5 20468
d 5 20631
d 5 20632
d 5 20633
d 1 18752
d 4 18360
d 5 9846
d 4 21687
d 3 16839
d 3 14773
d 5 18781
d 3 16058
d 4 20536
d 1 18817
d 5 8685
d 1 5415
d 4 10393
d 3 13724
d 1 13675
d 1 6560
d 1 7667
d 1 750
d 3 21848
d 5 2625
d 4 16449
d 3 1283
d 4 35
d 4 4097
d 4 23745
d 1 11561
d 5 4289
d 4 24025
d 5 16953
d 1 6614
d 1 7818
d 1 1540
d 3 5767
d 4 12088
d 4 6821
d 1 24695
d 5 17982
d 4 7931
d 1 18753
d 1 22366
d 1 24217
d 5 13089
d 3 15297
d 1 15457
d 4 10962
d 3 10409
d 4 6721
d 5 3831
d 5 8166
d 3 5341
d 4 14700
d 5 15811
d 5 24426
d 3 7564
d 3 22528
d 4 7883
d 1 11936
d 4 17063
d 4 11088
d 1 13314
d 1 12790
d 3 10608
d 4 12924
d 5 24391
d 4 2740
d 5 7078
d 5 9240
d 1 16557
d 3 18557
d 5 20766
d 5 20767
d 4 18745
d 4 14970
d 1 8400
d 4 3867
d 3 21908
d 5 416
d 3 3799
d 4 14465
d 1 23871
d 5 24054
d 1 24692
d 3 17174
d 5 17846
d 4 999
d 4 11711
d 4 16667
d 4 18207
d 3 4952
d 5 11052
d 5 12254
d 3 3481
d 5 12980
d 1 13426
d 5 13534
d 1 9463
d 5 19754
d 5 21217
d 1 4456
d 5 12935
d 4 11945
d 4 1548
d 1 13839
d 3 14691
d 1 13870
d 3 23904
d 4 23850
d 1 13465
d 3 7219
d 4 19796
d 4 6945
d 4 3985
d 4 9255
d 5 8705
d 1 16610
d 1 2666
d 3 1854
d 5 24413
d 5 9258
d 4 12029
d 5 5204
d 3 12501
d 4 5682
d 5 22747
d 4 6581
d 3 396
d 4 23731
d 5 9599
d 4 17507
d 5 13505
d 1 17288
d 1 5417
d 4 14220
d 5 21331
d 5 10566
d 5 10567
d 3 16909
d 3 22083
d 4 17130
d 1 22818
d 3 18750
d 4 18261
d 1 949
d 4 4635
d 5 12990
d 4 184
d 5 9661
d 5 3621
d 3 6944
d 3 9656
d 3 5501
d 1 5539
d 4 20603
d 4 17371
d 5 4288
d 5 15408
d 1 23831
d 4 17432
d 4 18574
d 3 5392
d 5 14048
d 3 323
d 3 5952
d 1 3781
d 3 24419
d 3 14647
d 3 6365
d 1 5609
d 5 16549
d 5 2740
d 5 2741
d 3 14111
d 3 14954
d 5 16441
d 5 4362
d 4 18797
d 4 10777
d 1 4613
d 4 15547
d 3 22375
d 3 12443
d 1 4934
d 1 4935
d 3 6780
d 4 17133
d 4 6421
d 3 137
d 1 6665
d 3 5706
d 4 17662
d 5 23112
d 5 5627
d 4 3186
d 3 21942
d 5 15622
d 4 11951
d 5 19007
d 3 22306
d 5 5905
d 1 24431
d 1 12421
d 1 4739
d 1 1080
d 3 4466
d 1 20949
d 5 13198
d 3 11225
d 1 21613
d 3 16272
d 4 9217
d 1 6055
d 5 23038
d 3 20053
d 3 3425
d 3 17291
d 1 15850
d 3 18621
d 3 20486
d 5 6767
d 5 11155
d 4 4939
d 5 20503
d 3 19143
d 3 15892
d 4 17278
d 4 13670
d 5 20332
d 1 12000
d 4 10043
d 5 11584
d 3 8070
d 5 6687
d 3 24779
d 5 24074
d 5 22414
d 5 58
d 1 14520
d 5 14159
d 4 13770
d 5 3137
d 4 3718
d 5 24155
d 5 12092
d 3 9929
d 4 14445
d 1 24642
d 4 6949
d 1 16484
d 5 9554
d 4 1145
d 4 19063
d 1 24820
d 4 18640
d 1 2104
d 4 10468
d 3 20794
d 5 9367
d 4 11897
d 5 11564
d 3 23801
d 3 15177
d 1 24559
d 3 15920
d 4 1912
d 3 10361
d 1 21871
d 1 4951
d 1 21473
d 5 8051
d 5 11402
d 4 12990
d 4 9376
d 4 18172
d 3 8636
d 5 24704
d 5 16788
d 4 18921
d 5 16527
d 3 19711
d 1 18866
d 5 16665
d 5 13008
d 3 8436
d 4 20568
d 1 22573
d 5 10512
d 3 7672
d 4 11690
d 4 19522
d 1 2021
d 3 10871
d 4 4553
d 5 3385
d 5 3839
d 4 1055
d 1 16078
d 4 2575
d 5 18206
d 1 18361
d 5 18915
d 5 18916
d 5 18917
d 1 9160
d 5 20071
d 5 19709
d 3 15670
d 1 19031
d 5 20828
d 4 8050
d 3 9357
d 1 725
d 4 5554
d 4 8962
d 4 11533
d 3 14400
d 1 7555
d 3 19989
d 4 11193
d 1 6335
d 3 114
d 4 4818
d 5 16362
d 4 5681
d 4 3415
d 3 18974
d 1 21056
d 1 4936
d 1 6274
d 4 14219
d 3 18837
d 4 17638
d 3 14810
d 5 5055
d 5 16541
d 3 4976
d 3 1660
d 5 3261
d 1 24091
d 5 12039
d 4 7409
d 4 2204
d 5 3607
d 3 9575
d 5 18623
d 1 5353
d 3 23
d 3 18359
d 4 4699
d 5 9777
d 4 8595
d 5 16493
d 5 19774
d 5 3801
d 1 11123
d 1 24101
d 3 6377
d 1 7952
d 3 20210
d 3 22529
d 3 21888
d 5 4043
d 3 24816
d 3 24817
d 3 24818
d 1 9032
d 1 9033
d 1 9034
d 3 14105
d 1 14384
d 3 6195
d 5 15825
d 5 24992
d 3 23101
d 1 13904
d 5 22998
d 5 20725
d 3 4563
d 5 19681
d 3 15378
d 5 11654
d 1 13329
d 5 20213
d 5 4415
d 5 21264
d 4 13946
d 3 5390
d 5 6666
d 3 13250
d 5 18207
d 1 22532
d 5 24031
d 3 19623
d 1 13678
d 1 18881
d 3 18349
d 4 6282
d 4 2646
d 1 6844
d 1 6845
d 4 23891
d 3 21425
d 5 1424
d 5 24022
d 1 4299
d 5 5893
d 1 3059
d 3 19944
d 5 7719
d 3 20755
d 5 6872
d 4 14639
d 4 18288
d 5 11347
d 1 22013
d 1 4915
d 3 9833
d 1 10597
d 1 207
d 4 21964
d 5 17055
d 1 6370
d 5 18064
d 5 18065
d 5 18066
d 1 13565
d 4 18861
d 5 20339
d 3 16598
d 5 24742
d 5 797
d 5 7613
d 3 23803
d 5 15494
d 4 22055
d 4 15238
d 5 19812
d 1 14187
d 3 11796
d 5 20541
d 5 12270
d 5 6174
d 4 16718
d 5 21969
d 4 2359
d 1 5642
d 5 7120
d 5 4792
d 3 9720
d 3 17010
d 3 11427
d 3 11460
d 5 21085
d 5 10973
d 5 7222
d 1 12949
d 5 19258
d 4 5103
d 1 14076
d 3 13573
d 5 12799
d 1 11891
d 1 10820
d 1 4798
d 3 21747
d 5 417
d 5 16840
d 1 15921
d 5 14551
d 5 15746
d 3 5532
d 1 24651
d 1 16619
d 4 18562
d 5 5060
d 1 17952
d 1 17953
d 3 6349
d 1 12114
d 5 10721
d 3 15040
d 1 19071
d 1 19072
d 4 23423
d 4 16594
d 3 12018
d 5 22583
d 1 2193
d 1 24155
d 5 1927
d 4 17626
d 4 18358
d 1 5696
d 5 1848
d 5 1421
d 5 8153
d 5 2516
d 1 6157
d 3 15306
d 4 19245
d 3 10557
d 5 395
d 4 11828
d 1 16492
d 1 12822
d 3 23693
d 1 8923
d 5 15980
d 1 22973
d 5 3716
d 5 20447
d 4 5544
d 5 8223
d 1 13271
d 1 20900
d 1 16865
d 5 20441
d 3 16668
d 3 6039
d 1 16820
d 5 17186
d 5 20052
d 5 233
d 5 5127
d 4 8953
d 5 23236
d 5 10665
d 5 5813
d 4 8293
d 1 10153
d 1 966
d 3 88
d 1 22939
d 1 23767
d 1 17006
d 1 24061
d 1 23568
d 4 10891
d 1 7678
d 5 2742
d 1 6615
d 4 13583
d 1 3518
d 5 19929
d 4 12706
d 3 21306
d 4 22068
d 5 5591
d 3 4513
d 1 14091
d 1 577
d 4 10636
d 5 1810
d 5 23576
d 5 19539
d 4 3334
d 1 20636
d 5 5543
d 5 23517
d 1 7988
d 3 16147
d 4 277
d 5 7172
d 1 3257
d 1 22250
d 5 8128
d 5 3947
d 4 18722
d 1 8918
d 1 9291
d 4 9430
d 5 1293
d 1 19143
d 5 7049
d 1 24857
d 3 8761
d 1 15551
d 4 7974
d 5 9909
d 1 13504
d 1 15912
d 4 11232
d 5 21079
d 5 4513
d 5 20048
d 1 23561
d 4 14292
d 1 12098
d 5 13150
d 1 3686
d 5 5063
d 4 23972
d 1 18636
d 4 15001
d 5 4548
d 5 13115
d 3 8907
d 1 1709
d 1 14978
d 5 20938
d 1 12041
d 3 8874
d 5 7610
d 5 4138
d 1 17483
d 1 19877
d 5 22751
d 3 1937
d 5 1565
d 3 1729
d 5 24078
d 1 21907
d 5 19726
d 4 6000
d 3 23622
d 1 19838
d 1 7733
d 5 4590
d 3 23031
d 5 6428
d 4 20287
d 5 1890
d 5 5896
d 5 5897
d 5 23129
d 4 14684
d 1 9657
d 1 21660
d 1 21045
d 3 19984
d 4 14469
d 1 23506
d 1 16935
d 3 17457
d 1 8257
d 4 15356
d 1 17976
d 5 183
d 5 10738
d 1 1160
d 4 24947
d 1 8924
d 1 15792
d 1 1454
d 1 12637
d 1 8522
d 5 1155
d 5 1724
d 1 11835
d 1 17602
d 5 3438
d 5 2219
d 1 6765
d 4 17517
d 4 1546
d 5 5853
d 1 18497
d 3 20232
d 1 6932
d 1 12048
d 5 2325
d 1 15940
d 1 18462
d 4 13874
d 5 1640
d 1 22969
d 1 9663
d 5 21924
d 1 529
d 1 2039
d 1 8350
d 4 935
d 1 24871
d 1 13676
d 1 21872
d 1 1030
d 5 11409
d 5 11042
d 3 7620
d 4 15856
d 1 3213
d 5 24414
d 1 16072
d 1 13951
d 1 5639
d 5 22692
d 1 3906
d 5 13643
d 1 16576
d 1 19650
d 4 8370
d 3 7867
d 5 9847
d 1 19625
d 5 12074
d 1 17244
d 1 24732
d 3 4847
d 3 13190
d 5 11614
d 5 21510
d 5 18613
d 3 2218
d 1 16004
d 1 6425
d 5 21078
d 3 18405
d 1 18526
d 4 21979
d 1 16083
d 4 17508
d 1 15680
d 1 5157
d 3 11798
d 4 3711
d 5 9400
d 5 5222
d 5 7283
d 1 7125
d 4 9224
d 4 13381
d 1 9146
d 5 13314
d 5 16330
d 4 10506
d 4 6952
d 5 10067
d 1 16643
d 1 14787
d 4 21424
d 4 23401
d 3 13805
d 1 5677
d 5 15227
d 5 7023
d 3 23577
d 4 9081
d 1 12417
d 1 3614
d 1 4061
d 1 19598
d 1 19216
d 5 22505
d 1 882
d 5 15747
d 1 9637
d 1 19304
d 5 22983
d 5 23368
d 1 22437
d 3 6516
d 5 13675
d 5 17394
d 5 12526
d 1 23915
d 4 1929
d 3 20573
d 5 22538
d 4 5572
d 3 12227
d 3 17758
d 1 16584
d 4 11441
d 5 18720
d 3 9886
d 1 6170
d 5 11544
d 1 22256
d 3 6525
d 5 18428
d 1 24877
d 1 5516
d 5 4245
d 4 915
d 3 1168
d 5 382
d 5 3103
d 5 7088
d 5 3471
d 5 8065
d 5 13913
d 1 1208
d 5 6228
d 4 305
d 4 20707
d 4 19152
d 3 16806
d 1 3073
d 1 11406
d 1 6775
d 5 22964
d 3 9222
d 1 18456
d 3 11747
d 4 6840
d 5 16838
d 5 6253
d 1 21202
d 1 6212
d 5 4363
d 1 1272
d 5 17238
d 1 16458
d 1 10916
d 1 20323
d 5 12671
d 5 4438
d 5 3738
d 5 19507
d 1 2598
d 5 12552
d 1 18455
d 4 21620
d 1 7794
d 1 15112
d 1 12584
d 4 7997
d 4 16911
d 4 16913
d 1 22652
d 1 3519
d 5 11018
d 4 20953
d 1 13522
d 4 4895
d 4 22172
d 5 12524
d 1 7811
d 5 1063
d 5 8161
d 5 9900
d 5 22929
d 5 4547
d 1 4333
d 5 21721
d 3 3085
d 4 21633
d 4 19408
d 5 5148
d 5 11412
d 4 19272
d 1 15316
d 4 3886
d 1 3205
d 1 13281
d 1 20191
d 4 16436
d 5 18409
d 5 5418
d 3 2878
d 5 5375
d 4 6575
d 1 1121
d 3 11797
d 3 11699
d 3 20200
d 4 3502
d 1 23340
d 1 76
d 1 18467
d 1 17639
d 4 904
d 3 17327
d 5 3604
d 5 1464
d 5 23487
d 5 7093
d 5 21239
d 4 21375
d 1 3353
d 1 7298
d 1 12217
d 5 17269
d 4 12870
d 5 10791
d 5 2849
d 4 22651
d 5 16848
d 3 12270
d 1 12612
d 5 1866
d 4 5664
d 5 22124
d 5 16687
d 1 6045
d 5 17046
d 5 9789
d 4 4797
d 3 7215
d 5 13733
d 1 14029
d 4 6683
d 4 12907
d 4 12908
d 4 14339
d 4 22796
d 3 11121
d 3 20215
d 1 12293
d 4 17197
d 5 11204
d 5 10861
d 1 8570
d 5 13715
d 1 17689
d 1 7842
d 1 14123
d 1 18864
d 5 12816
d 5 13895
d 1 4404
d 5 19523
d 4 4066
d 5 20469
d 1 24978
d 5 18714
d 5 20072
d 1 19533
d 1 20239
d 4 5869
d 1 5555
d 1 2896
d 4 2852
d 5 7344
d 1 7573
d 5 22270
d 1 17292
d 3 4840
d 5 6623
d 1 17538
d 4 18910
d 5 5814
d 1 22922
d 3 15823
d 1 5114
d 1 3283
d 3 20790
d 5 1678
d 1 6679
d 5 23631
d 5 6918
d 1 17352
d 5 20150
d 1 13936
d 1 24886
d 1 2979
d 4 8920
d 4 5880
d 5 1716
d 1 12661
d 1 2283
d 1 8875
d 4 24381
d 3 22696
d 1 22514
d 1 9445
d 3 13301
d 1 24164
d 5 16195
d 1 1349
d 4 8602
d 1 13844
d 5 24357
d 1 19270
d 5 1782
d 5 14270
d 1 15135
d 5 15231
d 1 16220
d 4 7881
d 3 17479
d 5 12186
d 5 16197
d 1 6478
d 1 4710
d 5 24080
d 1 15995
d 3 16481
d 1 19634
d 3 1232
d 5 14200
d 3 7153
d 3 10160
d 5 2044
d 4 14670
d 1 4870
d 4 868
d 1 12763
d 5 23226
d 1 9446
d 1 21779
d 3 16712
d 4 17741
d 4 17333
d 1 19873
d 5 8426
d 5 22185
d 5 10568
d 5 19953
d 1 19371
d 5 2995
d 4 10197
d 5 20952
d 4 24607
d 5 7015
d 5 23798
d 1 1104
d 3 10783
d 3 14309
d 3 14174
d 5 14139
d 5 20513
d 4 14671
d 1 22341
d 5 1206
d 5 21788
d 1 13463
d 4 6593
d 3 14769
d 1 21459
d 3 15087
d 1 20704
d 1 21354
d 5 19017
d 5 15255
d 5 18920
d 4 16541
d 1 22105
d 5 5656
d 5 2710
d 1 13464
d 5 2035
d 5 1895
d 5 23269
d 1 4469
d 3 8629
d 5 24212
d 5 9315
d 5 846
d 1 11303
d 5 10778
d 5 7197
d 5 10697
d 5 7470
d 4 3980
d 5 13988
d 3 2855
d 3 8926
d 3 19654
d 5 16542
d 3 9698
d 3 24096
d 5 10710
d 1 12210
d 4 17134
d 1 15988
d 5 9224
d 3 14868
d 1 4701
d 5 24258
d 5 5484
d 5 17932
d 4 8963
d 4 11929
d 3 2909
d 1 16359
d 1 6512
d 5 14890
d 1 14385
d 5 2808
d 1 8423
d 5 17110
d 1 9460
d 1 20567
d 5 9366
d 1 15989
d 5 7690
d 5 18067
d 4 20721
d 1 19032
d 5 15015
d 4 10423
d 4 1042
d 5 3098
d 3 7060
d 4 9554
d 5 24213
d 4 11116
d 3 15021
d 5 11764
d 4 12033
d 5 12322
d 5 6759
d 1 3084
d 3 17596
d 5 9410
d 1 11360
d 5 14105
d 1 4761
d 5 16721
d 5 2696
d 4 17407
d 4 17408
d 1 5553
d 5 24901
d 3 16237
d 4 20572
d 5 7923
d 5 13997
d 1 23164
d 1 22952
d 1 6846
d 5 18795
d 1 17120
d 3 8155
d 5 480
d 5 20344
d 1 1902
d 1 10231
d 5 12573
d 5 18170
d 5 3627
d 5 8066
d 3 945
d 3 5920
d 1 3695
d 5 6356
d 4 8687
d 1 18396
d 1 17749
d 1 5155
d 4 11869
d 1 23992
d 5 14045
d 5 11460
d 1 4114
d 5 17511
d 3 8333
d 5 13611
d 1 20240
d 5 14156
d 3 20820
d 1 3531
d 1 21260
d 5 14616
d 1 12907
d 5 24729
d 1 24153
d 1 23105
d 4 14705
d 3 14925
d 1 24542
d 1 2611
d 3 4391
d 3 12254
d 1 16254
d 4 18189
d 1 1600
d 1 20571
d 1 18963
d 5 16361
d 5 15318
d 4 1568
d 5 1223
d 1 14926
d 1 6171
d 5 23694
d 5 4407
d 5 17741
d 1 1597
d 4 18220
d 3 16821
d 3 16822
d 3 16823
d 5 9759
d 1 17940
d 3 12509
d 5 8064
d 1 5795
d 5 17393
d 1 22061
d 3 8715
d 4 7298
d 1 11639
d 1 11640
d 5 8631
d 3 3144
d 1 1544
d 1 12801
d 4 2855
d 5 20198
d 3 23498
d 4 11562
d 3 24366
d 5 21805
d 4 22706
d 5 15535
d 3 9968
d 3 9969
d 3 9970
d 3 9971
d 1 21981
d 5 1086
d 4 4850
d 5 2529
d 5 17981
d 1 8300
d 1 23293
d 4 38
d 3 4913
d 3 7216
d 1 10568
d 4 8336
d 1 15310
d 5 839
d 5 11700
d 3 22499
d 5 14010
d 1 19223
d 5 20177
d 1 9645
d 4 903
d 3 279
d 3 16931
d 5 17290
d 3 4580
d 1 21469
d 5 17056
d 4 18717
d 3 2184
d 3 19050
d 3 11535
d 1 3489
d 3 9332
d 3 9333
d 4 4627
d 3 9936
d 3 9937
d 4 7814
d 3 22762
d 1 18506
d 5 7284
d 5 18346
d 4 2843
d 5 7469
d 5 14499
d 5 11398
d 3 20335
d 1 21746
d 3 23055
d 3 21898
d 1 6306
d 5 14103
d 5 20219
d 1 17389
d 5 4643
d 5 15894
d 3 13091
d 5 19846
d 1 6241
d 1 21397
d 1 15298
d 5 23616
d 1 15548
d 1 5678
d 3 12559
d 1 15515
d 5 19054
d 4 9080
d 1 11706
d 1 2670
d 3 18975
d 4 9971
d 5 15450
d 5 9434
d 4 3850
d 4 22092
d 5 7230
d 3 17354
d 4 20597
d 4 17923
d 3 20583
d 1 1792
d 3 19772
d 4 22173
d 3 24106
d 3 24107
d 4 16655
d 3 9270
d 5 11695
d 3 22549
d 3 15462
d 5 9657
d 1 18042
d 1 21575
d 3 22910
d 3 12393
d 1 13020
d 4 15984
d 5 23642
d 5 1553
d 4 17410
d 5 18626
d 5 11011
d 5 4874
d 5 1856
d 1 4740
d 5 18449
d 4 19671
d 5 15253
d 3 655
d 1 17914
d 1 6056
d 5 8016
d 5 15056
d 1 12918
d 5 15727
d 5 13572
d 1 10733
d 4 18978
d 1 16426
d 4 10637
d 4 1357
d 1 5031
d 1 15875
d 5 18918
d 1 9073
d 4 1132
d 3 24512
d 1 8187
d 5 3717
d 5 19153
d 4 3207
d 4 13199
d 1 21778
d 4 14156
d 4 22033
d 5 13903
d 5 13906
d 4 6812
d 5 16905
d 1 13811
d 1 4294
d 3 23212
d 4 298
d 4 18310
d 4 24988
d 5 13626
d 3 12124
d 4 2806
d 1 2714
d 1 3716
d 1 6268
d 3 16379
d 3 16380
d 5 18882
d 1 18774
d 5 18332
d 4 14641
d 3 21549
d 1 15192
d 1 10075
d 3 12508
d 4 15614
d 5 20927
d 5 2246
d 1 8792
d 1 15358
d 3 3933
d 3 1871
d 5 20015
d 5 3712
d 4 14043
d 5 24987
d 5 24677
d 5 10266
d 1 4664
d 1 23148
d 4 739
d 4 24541
d 5 12628
d 5 4198
d 1 13679
d 1 10324
d 1 16079
d 4 6763
d 5 6346
d 5 23037
d 4 4581
d 5 7016
d 4 4952
d 5 21002
d 5 1463
d 5 13356
d 5 7116
d 4 6475
d 3 9583
d 5 15846
d 5 21074
d 3 11774
d 1 5655
d 4 13692
d 5 496
d 5 9946
d 5 8195
d 3 18610
d 1 24595
d 3 3376
d 5 1487
d 5 17094
d 5 23338
d 1 22678
d 1 21958
d 3 19570
d 1 21275
d 5 2250
d 4 425
d 5 21344
d 5 1767
d 3 5830
d 1 1257
d 5 20664
d 3 9194
d 1 8884
d 1 19494
d 1 16600
d 3 8330
d 4 800
d 5 21874
d 1 3571
d 4 13289
d 5 22543
d 4 18582
d 4 14353
d 1 6138
d 3 6849
d 3 18320
d 1 1970
d 1 1673
d 1 11038
d 3 16577
d 3 19962
d 1 2951
d 1 19073
d 5 1645
d 1 16242
d 3 3578
d 3 15829
d 5 18304
d 1 24102
d 5 19544
d 4 16914
d 5 15864
d 3 996
d 4 12428
d 4 19317
d 5 3579
d 1 10500
d 3 8868
d 5 20634
d 1 11549
d 5 23015
d 3 14262
d 3 3317
d 3 5071
d 4 17444
d 3 24409
d 1 10127
d 5 20768
d 5 12079
d 1 2292
d 5 3916
d 3 18445
d 5 11702
d 5 8125
d 4 2896
d 3 16269
d 5 11835
d 5 16839
d 5 5898
d 5 6513
d 1 4663
d 5 5243
d 5 1019
d 1 16463
d 1 11801
d 4 605
d 5 8249
d 1 4407
d 1 24109
d 3 24252
d 4 23838
d 3 9672
d 3 20602
d 3 11459
d 5 10271
d 4 11838
d 5 7519
d 5 19140
d 4 16884
d 4 18090
d 5 6027
d 4 12116
d 4 9133
d 1 12628
d 1 23037
d 4 9832
d 4 19976
d 4 18326
d 4 17808
d 1 23339
d 4 16695
d 3 14481
d 3 4757
d 3 23660
d 5 3364
d 4 13730
d 1 13344
d 3 1600
d 3 15224
d 1 5332
d 1 7953
d 5 15997
d 3 23593
d 1 19047
d 5 16331
d 1 10926
d 4 14460
d 5 21511
d 5 6316
d 3 4899
d 4 9748
d 1 3973
d 1 1658
d 3 19073
d 3 6632
d 1 24858
d 5 109
d 5 20516
d 1 22260
d 1 2185
d 5 6037
d 5 23281
d 3 2487
d 1 23963
d 3 6200
d 1 12227
d 5 23953
d 5 15816
d 5 8444
d 5 6183
d 3 16809
d 4 10578
d 4 3187
d 1 7089
d 3 20917
d 4 696
d 1 14338
d 1 11175
d 1 1384
d 1 13815
d 3 12545
d 4 18014
d 5 23577
d 3 24628
d 3 280
d 4 12424
d 4 13530
d 3 23608
d 4 5380
d 5 9646
d 4 23941
d 4 15703
d 3 12423
d 1 8241
d 1 18675
d 5 14824
d 3 21977
d 3 21978
d 4 17045
d 4 17046
d 4 23666
d 4 2157
d 1 18016
d 5 15113
d 3 17787
d 5 10074
d 1 4643
d 1 1674
d 3 8400
d 4 7828
d 4 4563
d 3 4797
d 4 24791
d 5 18055
d 5 10802
d 3 24034
d 5 20681
d 4 352
d 4 3336
d 1 22978
d 5 16052
d 1 14171
d 5 13907
d 5 11757
d 4 10698
d 4 15156
d 4 9914
d 1 11539
d 3 15938
d 1 6652
d 5 7952
d 3 18165
d 3 18166
d 5 12157
d 4 8822
d 1 15802
d 1 3819
d 4 10974
d 5 3258
d 4 58
d 1 14763
d 3 7911
d 5 16643
d 4 11849
d 4 21019
d 5 383
d 5 10425
d 4 18275
d 3 62
d 3 9726
d 4 6216
d 3 9096
d 5 18495
d 1 17166
d 3 6974
d 4 1490
d 1 20405
d 4 12202
d 4 12203
d 5 12614
d 1 11289
d 4 12757
d 3 10961
d 5 4791
d 4 13552
d 4 18938
d 1 16253
d 4 17710
d 5 18354
d 5 11656
d 4 14842
d 4 16440
d 1 6875
d 1 21201
d 5 12770
d 3 24953
d 1 11606
d 3 3018
d 1 2327
d 3 2732
d 3 12701
d 4 24801
d 5 12317
d 1 17041
d 1 6004
d 1 10101
d 3 11785
d 3 177
d 1 11215
d 3 18479
d 5 4918
d 3 24174
d 1 9035
d 3 11784
d 4 17813
d 1 22288
d 5 14929
d 3 13362
d 5 748
d 4 24660
d 5 12901
d 3 15478
d 5 21962
d 5 10378
d 4 13129
d 4 9158
d 4 4910
d 1 17861
d 1 7208
d 5 9331
d 1 14331
d 1 12332
d 3 3302
d 3 17475
d 3 17477
d 3 1627
d 1 6033
d 3 17998
d 3 17999
d 5 448
d 5 1653
d 5 18805
d 4 16240
d 4 19135
d 1 17168
d 4 17400
d 1 3407
d 5 18144
d 4 19481
d 5 3866
d 5 12512
d 3 19285
d 3 4041
d 3 22500
d 4 12469
d 4 15650
d 1 14156
d 3 11924
d 1 9212
d 3 13096
d 3 13098
d 3 22596
d 4 21495
d 4 5998
d 3 16614
d 4 7031
d 3 14106
d 1 17201
d 5 22011
d 4 13776
d 1 1388
d 4 18979
d 3 20143
d 4 6085
d 4 220
d 5 11364
d 5 2602
d 4 19351
d 5 23870
d 5 16856
d 3 7383
d 5 22099
d 5 15796
d 4 24875
d 1 20362
d 5 2574
d 3 322
d 5 15389
d 1 16830
d 1 21990
d 1 3995
d 3 5121
d 4 17524
d 3 12029
d 1 15790
d 5 12124
d 5 13995
d 3 16679
d 4 22300
d 5 3763
d 3 4083
d 5 21530
d 4 5615
d 1 3907
d 5 1867
d 3 23603
d 5 9152
d 3 946
d 5 23790
d 3 14564
d 4 11303
d 1 11709
d 3 7151
d 3 17568
d 3 20260
d 1 12044
d 4 12159
d 5 9286
d 3 5851
d 3 21335
d 3 2826
d 1 3789
d 3 19082
d 1 16293
d 3 2879
d 5 23058
d 4 14661
d 4 18693
d 4 16516
d 5 22076
d 4 5986
d 4 21288
d 3 3424
d 4 5797
d 3 4741
d 3 4742
d 4 3265
d 3 7559
d 3 7142
d 3 16434
d 3 4419
d 4 9299
d 4 11319
d 4 1606
d 1 24736
d 3 21458
d 3 17209
d 3 22162
d 5 15918
d 1 9598
d 3 3102
d 4 14882
d 1 8881
d 1 17423
d 3 19802
d 3 18725
d 3 18726
d 3 18866
d 1 23347
d 4 19696
d 4 20799
d 1 22199
d 4 439
d 5 13748
d 5 17913
d 5 19400
d 4 16128
d 3 24622
d 4 8407
d 1 2953
d 3 7324
d 5 22112
d 3 8180
d 4 22875
d 4 8941
d 3 15493
d 1 19971
d 1 16988
d 1 16606
d 5 15826
d 1 15962
d 3 4392
d 5 23476
d 3 6406
d 3 13750
d 5 11198
d 3 10988
d 3 19320
d 3 7061
d 3 4207
d 1 5789
d 3 15000
d 3 10920
d 3 17094
d 5 3490
d 5 10484
d 1 10033
d 5 12663
d 3 16472
d 4 10609
d 5 9622
d 1 16120
d 3 14960
d 4 19034
d 3 14985
d 3 6530
d 3 8533
d 3 23819
d 4 20343
d 4 17112
d 5 24907
d 1 2153
d 4 6381
d 1 24403
d 4 2304
d 1 21957
d 1 17999
d 5 19243
d 3 1872
d 4 10213
d 4 3876
d 3 2133
d 5 6816
d 4 15327
d 3 14229
d 3 20808
d 1 19009
d 3 19967
d 3 11751
d 3 2587
d 3 3874
d 4 13202
d 1 2256
d 1 21385
d 4 11449
d 4 20426
d 3 5432
d 5 24942
d 3 6286
d 3 6287
d 4 3786
d 4 1953
d 4 5020
d 4 15991
d 4 12394
d 4 23418
d 4 23419
d 4 23420
d 4 23421
d 4 23422
d 3 22697
d 4 16030
d 4 1122
d 1 18960
d 1 19145
d 3 5095
d 4 23769
d 3 21550
d 1 4414
d 4 24874
d 3 21622
d 5 4846
d 4 3029
d 4 7160
d 3 8153
d 3 7847
d 3 4138
d 4 10542
d 1 19178
d 4 16290
d 1 16617
d 5 18161
d 4 15771
d 3 2472
d 1 20313
d 4 396
d 3 5848
d 4 13607
d 4 1930
d 5 17776
d 1 6710
d 3 10412
d 1 4254
d 3 24387
d 3 14813
d 5 6329
d 5 1110
d 4 14115
d 3 5242
d 3 15004
d 1 19657
d 1 8936
d 4 21800
d 4 4217
d 4 4218
d 1 7650
d 1 11856
d 3 4271
d 4 1170
d 3 9486
d 3 10096
d 1 18148
d 3 16447
d 3 5218
d 4 22429
d 4 4746
d 4 4099
d 5 8366
d 1 16701
d 1 16529
d 1 4750
d 3 6636
d 5 13948
d 4 779
d 4 4755
d 4 21960
d 4 22431
d 3 12440
d 4 22857
d 4 6240
d 4 7671
d 3 13768
d 1 12213
d 3 3899
d 5 4143
d 4 4911
d 4 9948
d 3 9293
d 5 2140
d 1 20895
d 1 4468
d 4 8431
d 4 9419
d 4 9113
d 3 13961
d 5 9487
d 3 4868
d 4 2440
d 4 14389
d 4 7451
d 5 11909
d 4 12229
d 4 22150
d 3 3936
d 1 11854
d 3 7648
d 3 16194
d 1 17514
d 3 8563
d 3 8564
d 3 8565
d 3 8566
d 5 22423
d 3 3110
d 4 17194
d 3 19801
d 5 17037
d 1 19705
d 3 17087
d 1 23143
d 4 2890
d 4 8513
d 4 17
d 4 13945
d 5 18528
d 5 20625
d 4 7109
d 4 2387
d 1 9374
d 3 20906
d 5 18127
d 3 16198
d 5 22514
d 4 2604
d 4 3206
d 4 12941
d 3 5376
d 1 14979
d 4 17201
d 5 6307
d 5 12408
d 3 23429
d 4 20335
d 4 7438
d 3 12368
d 4 24006
d 4 5360
d 3 9475
d 4 5347
d 4 12261
d 4 8388
d 3 18589
d 1 10553
d 1 12503
d 3 20921
d 5 4369
d 3 8739
d 4 10887
d 1 1259
d 3 2868
d 3 5470
d 4 24995
d 3 1060
d 1 13044
d 4 22263
d 1 5976
d 4 4293
d 3 8672
d 4 6430
d 4 10235
d 3 6611
d 3 7325
d 3 16770
d 4 22456
d 4 22265
d 5 8837
d 4 5870
d 4 8361
d 4 20117
d 3 1764
d 4 24684
d 5 5940
d 3 10696
d 3 10697
d 3 10698
d 4 17978
d 5 20304
d 4 8262
d 3 2544
d 4 16638
d 4 22419
d 3 939
d 1 10349
d 3 21816
d 4 2390
d 4 10604
d 3 15842
d 4 8218
d 4 8219
d 1 3523
d 4 20048
d 4 14134
d 3 14081
d 3 24545
d 3 11122
d 4 16476
d 4 16217
d 3 23512
d 3 6505
d 3 5853
d 4 11839
d 3 11688
d 5 4191
d 3 6569
d 1 1995
d 5 14321
d 3 808
d 4 19110
d 5 21148
d 4 24438
d 3 21721
d 4 4953
d 5 2914
d 1 22627
d 4 12399
d 3 16381
d 4 3944
d 3 3273
d 1 14788
d 4 10516
d 3 16065
d 4 21799
d 4 13935
d 1 16367
d 3 11021
d 3 22448
d 3 21055
d 4 4051
d 3 12553
d 3 10999
d 4 1725
d 1 21307
d 4 17369
d 4 10830
d 4 1636
d 3 20205
d 4 14300
d 4 22180
d 4 14645
d 3 2053
d 4 9910
d 3 17171
d 4 18772
d 3 15524
d 4 4778
d 3 18805
d 4 12529
d 5 9620
d 1 24174
d 5 11252
d 1 23677
d 5 16372
d 5 17316
d 3 9379
d 3 19442
d 4 7571
d 4 17086
d 1 9785
d 1 15963
d 3 21452
d 3 6075
d 3 6934
d 3 22062
d 4 638
d 4 14989
d 3 13456
d 1 8573
d 3 599
d 3 22909
d 1 7316
d 1 12969
d 3 5258
d 3 10509
d 3 20554
d 1 4751
d 3 4721
d 4 7375
d 3 24156
d 3 11241
d 3 16771
d 5 9643
d 4 3276
d 1 19004
d 3 17157
d 3 15574
d 3 15689
d 3 12564
d 4 5763
d 5 9638
d 4 994
d 5 4432
d 4 23001
d 4 14329
d 4 3663
d 4 22728
d 3 9392
d 3 6284
d 5 17213
d 5 4648
d 1 21480
d 4 23986
d 4 6492
d 3 14950
d 3 3322
d 1 17511
d 1 11000
d 3 17750
d 4 817
d 3 18992
d 3 16151
d 1 7671
d 4 19258
d 1 603
d 3 4342
d 3 21399
d 4 22603
d 3 16717
d 4 15499
d 5 22220
d 1 11084
d 5 18745
d 4 24323
d 4 10067
d 4 15043
d 4 10848
d 4 3252
d 4 15419
d 1 15693
d 4 6111
d 1 15420
d 4 16784
d 5 6313
d 4 24770
d 3 19054
d 4 21300
d 3 7009
d 4 4417
d 5 15719
d 5 13410
d 3 16708
d 3 22876
d 4 17239
d 4 17269
d 4 16904
d 4 6697
d 1 8622
d 3 2096
d 4 819
d 5 21512
d 3 15176
d 4 4732
d 4 14478
d 4 23730
d 3 15804
d 3 9261
d 3 14163
d 5 6353
d 1 14347
d 4 13753
d 1 23546
d 3 19839
d 3 6309
d 4 3168
d 4 14655
d 5 5025
d 3 13532
d 4 12612
d 3 19420
d 4 8130
d 5 5753
d 3 6350
d 4 14332
d 4 4465
d 4 4468
d 1 24533
d 4 9297
d 4 12772
d 1 9499
d 4 17047
d 4 24887
d 4 20276
d 3 3246
d 3 1935
d 4 5705
d 4 5185
d 4 3409
d 4 24948
d 3 21979
d 4 18680
d 3 11034
d 3 23704
d 4 3935
d 1 8378
d 3 17054
d 1 10967
d 4 11348
d 4 16143
d 4 18135
d 3 2462
d 4 5345
d 4 5463
d 4 19031
d 3 6640
d 5 21470
d 4 11353
d 3 22366
d 5 227
d 4 9915
d 3 20736
d 3 16170
d 3 18027
d 1 1216
d 4 10955
d 3 23983
d 4 667
d 3 9519
d 3 10534
d 4 22153
d 4 9567
d 3 22723
d 3 18811
d 4 17293
d 3 5361
d 3 5362
d 4 11754
d 5 2305
d 3 11633
d 4 8162
d 3 19696
d 1 4509
d 5 20473
d 5 11179
d 1 15917
d 4 1928
d 3 13689
d 1 18690
d 4 3919
d 4 4009
d 4 4010
d 3 18055
d 4 4831
d 3 1514
d 1 20300
d 4 11880
d 1 14186
d 4 11154
d 3 5718
d 4 4689
d 4 4690
d 4 2059
d 3 23782
d 1 1258
d 3 12377
d 4 5453
d 4 22692
d 3 18727
d 4 22522
d 3 10937
d 4 9588
d 4 7609
d 3 18225
d 4 15208
d 3 17744
d 4 9043
d 4 3787
d 4 10815
d 5 11049
d 4 21285
d 4 16214
d 3 636
d 1 5447
d 4 16835
d 1 24789
d 4 4246
d 4 4618
d 3 10640
d 4 18335
d 1 5300
d 4 12879
d 3 5437
d 4 4912
d 1 6407
d 3 13110
d 4 24542
d 4 6345
d 4 8321
d 3 5796
d 3 22565
d 4 19464
d 5 16514
d 4 4886
d 5 18855
d 4 16190
d 4 16098
d 3 5888
d 4 8889
d 1 8013
d 5 7347
d 1 12784
d 4 20481
d 1 13631
d 4 11430
d 4 10397
d 5 3733
d 4 3755
d 3 12465
d 3 11565
d 3 10293
d 3 23093
d 4 9961
d 4 20396
d 3 13109
d 3 11812
d 4 20747
d 3 7323
d 4 8183
d 3 2966
d 4 4101
d 4 22486
d 3 18353
d 4 7908
d 3 3149
d 4 16487
d 1 12590
d 4 17036
d 3 18824
d 4 24790
d 5 8649
d 5 2553
d 1 24980
d 4 3278
d 4 18862
d 4 9272
d 3 16240
d 4 22432
d 1 1082
d 4 1595
d 3 23262
d 4 21156
d 4 4011
d 3 22807
d 3 22842
d 4 21426
d 3 4819
d 1 12120
d 5 24663
d 5 14213
d 4 5228
d 4 11573
d 5 22928
d 3 5375
d 3 19713
d 3 24269
d 3 17349
d 3 5776
d 4 21711
d 3 1124
d 3 20517
d 4 23890
d 4 4284
d 3 4795
d 4 4815
d 4 12004
d 1 24382
d 4 7161
d 3 3094
d 4 7383
d 4 11811
d 4 14592
d 3 3016
d 4 9300
d 3 7111
d 4 11701
d 3 20365
d 4 20992
d 3 12790
d 5 13691
d 1 11631
d 3 6544
d 4 13950
d 1 20149
d 4 14997
d 3 15259
d 3 1747
d 3 7294
d 4 6476
d 4 8713
d 3 12698
d 3 23105
d 3 5433
d 4 5464
d 1 9572
d 4 24784
d 4 4044
d 4 16046
d 5 9772
d 3 16917
d 3 4103
d 3 5210
d 3 17300
d 5 5361
d 3 8222
d 3 2972
d 5 6936
d 4 9
d 4 4193
d 4 7525
d 4 21163
d 1 20681
d 4 22521
d 4 23093
d 1 8468
d 3 20387
d 3 14671
d 3 169
d 3 23740
d 3 6273
d 4 12665
d 1 2902
d 4 8542
d 3 17978
d 3 14087
d 3 17452
d 4 20363
d 4 7162
d 3 24863
d 1 23238
d 3 17028
d 4 16241
d 4 22900
d 5 24696
d 1 18522
d 3 1678
d 3 18789
d 4 12174
d 3 13876
d 3 15380
d 4 5999
d 4 1317
d 4 6585
d 4 15950
d 4 8826
d 4 9335
d 4 19963
d 1 4973
d 5 20358
d 4 19547
d 1 23449
d 5 10785
d 3 19701
d 5 12974
d 3 17984
d 4 1753
d 3 7130
d 4 21206
d 3 23531
d 4 24539
d 4 4492
d 3 10712
d 3 8639
d 3 1670
d 3 2379
d 4 6175
d 3 3630
d 3 4228
d 5 21963
d 3 20173
d 4 18621
d 3 14107
d 4 3981
d 4 9589
d 3 8823
d 3 8456
d 3 17478
d 3 15227
d 3 9703
d 3 8457
d 4 3277
d 4 8824
d 4 10602
d 4 10804
d 4 430
d 3 3242
d 3 18007
d 1 1530
d 4 12943
d 1 24219
d 3 5451
d 3 23780
d 4 9725
d 4 16078
d 4 3047
d 4 4497
d 4 23847
d 4 20541
d 4 21961
d 1 19559
d 4 546
d 4 18666
d 3 20334
d 5 8005
d 4 227
d 4 2810
d 4 4388
d 3 22794
d 4 2472
d 3 12506
d 1 1589
d 4 85
d 3 1251
d 3 22063
d 4 3488
d 4 12840
d 5 13747
d 3 21222
d 4 15365
d 3 20907
d 3 12349
d 4 17292
d 3 4743
d 4 23558
d 3 15940
d 3 24763
d 3 21822
d 4 10849
d 4 16225
d 5 12560
d 1 5480
d 3 20435
d 4 11013
d 5 23442
d 3 3658
d 3 3659
d 4 1676
d 3 2833
d 3 20521
d 3 11600
d 4 1003
d 3 9449
d 4 4295
d 4 22082
d 4 4083
d 4 3150
d 4 6176
d 4 353
d 5 3274
d 4 20877
d 3 5619
d 4 23005
d 3 6743
d 4 13067
d 5 14116
d 1 6600
d 3 15028
d 3 15029
d 1 3905
d 5 16065
d 4 19623
d 3 9527
d 1 8089
d 3 6692
d 4 14432
d 4 9005
d 4 14734
d 4 4983
d 4 15902
d 5 8892
d 3 12021
d 4 5333
d 4 21546
d 3 13007
d 4 11639
d 5 5802
d 4 1922
d 4 4220
d 3 11815
d 3 7784
d 3 1763
d 4 18469
d 3 13597
d 3 6001
d 4 5503
d 3 119
d 3 15825
d 4 8220
d 4 14157
d 5 18876
d 3 20830
d 3 9912
d 3 4496
d 4 24723
d 3 2476
d 4 5636
d 1 22622
d 1 19142
d 3 9727
d 4 17405
d 3 11027
d 4 5174
d 4 6279
d 4 861
d 3 3241
d 4 8603
d 3 24980
d 3 19607
d 4 23976
d 3 13769
d 4 21855
d 3 1978
d 4 14859
d 3 21289
d 3 17433
d 5 2224
d 4 10886
d 3 17227
d 4 20924
d 1 19794
d 4 1152
d 3 18000
d 3 24695
d 1 5116
d 4 21212
d 3 9756
d 3 4065
d 3 11629
d 3 10342
d 3 18447
d 3 13934
d 4 18173
d 4 23634
d 5 15842
d 4 16303
d 3 835
d 4 7110
d 4 20218
d 1 18101
d 3 11721
d 3 326
d 1 12261
d 5 18162
d 3 1659
d 3 10457
d 3 16363
d 3 22114
d 3 12803
d 3 17258
d 4 4629
d 1 16282
d 4 21249
d 4 20240
d 5 24812
d 5 21270
d 3 3485
d 4 5287
d 4 18598
d 4 1123
d 4 12711
d 4 24543
d 3 7044
d 1 12807
d 5 8902
d 3 11808
d 5 12823
d 4 8567
d 4 18107
d 3 17680
d 3 24882
d 5 11842
d 3 21626
d 5 10251
d 3 2718
d 5 12761
d 4 5346
d 3 20743
d 1 13429
d 3 9621
d 3 21716
d 4 13322
d 4 290
d 4 20699
d 3 18396
d 3 6072
d 3 18308
d 3 6887
d 4 7502
d 3 19545
d 3 13163
d 3 20261
d 5 16089
d 5 3388
d 5 11892
d 3 14329
d 3 5034
d 5 5891
d 4 1362
d 3 15191
d 3 14632
d 4 3009
d 3 16919
d 3 4086
d 4 24650
d 3 10601
d 3 14655
d 3 21235
d 3 19074
d 3 19186
d 3 15860
d 5 11873
d 3 16872
d 4 2404
d 4 5749
d 4 6538
d 4 6539
d 3 8221
d 3 2501
d 4 14769
d 5 1372
d 1 9564
d 3 19969
d 4 22676
d 3 5355
d 1 23967
d 3 7322
d 1 3337
d 4 446
d 3 15071
d 4 14504
d 4 5692
d 5 2146
d 3 17900
d 1 23784
d 4 2391
d 4 10429
d 1 21592
d 4 24764
d 4 12334
d 5 4188
d 3 6927
d 3 2244
d 3 14893
d 3 17875
d 3 6011
d 3 3850
d 4 2208
d 4 24548
d 3 22724
d 3 12211
d 3 2841
d 3 13111
d 5 21309
d 4 10442
d 4 21733
d 5 16056
d 3 1816
d 3 9223
d 4 877
d 4 22600
d 4 22238
d 5 12389
d 3 22931
d 3 3402
d 4 20594
d 1 22933
d 4 6284
d 4 4285
d 1 12747
d 3 2541
d 3 157
d 3 8167
d 4 8142
d 1 2679
d 1 12280
d 1 13471
d 3 14923
d 4 1648
d 3 23035
d 3 11979
d 3 7797
d 4 24704
d 3 19841
d 4 218
d 3 8539
d 4 21759
d 4 7914
d 4 13233
d 3 24108
d 3 11087
d 4 14187
d 4 8834
d 3 7655
d 5 3454
d 4 12333
d 3 18383
d 3 11754
d 4 24777
d 4 9347
d 4 7726
d 1 22515
d 5 12467
d 3 17626
d 4 9719
d 5 19297
d 3 15643
d 4 19418
d 4 11534
d 5 3725
d 1 4024
d 5 12947
d 3 17480
d 4 24435
d 5 14712
d 3 21537
d 5 18771
d 1 11915
d 3 11028
d 4 22104
d 4 2902
d 3 18611
d 1 17685
d 3 1681
d 4 8496
d 4 3031
d 3 15531
d 4 10300
d 4 2594
d 4 11422
d 4 15772
d 4 601
d 4 13373
d 5 2535
d 5 2536
d 3 13268
d 4 18338
d 3 2537
d 4 19647
d 1 1972
d 4 21898
d 1 19738
d 5 24815
d 4 21164
d 4 3339
d 3 16671
d 1 2030
d 3 21438
d 4 205
d 3 198
d 4 9833
d 5 14521
d 3 14141
d 4 2223
d 5 3470
d 4 2769
d 3 17667
d 4 15760
d 4 21947
d 3 18833
d 5 14100
d 3 24408
d 4 22838
d 4 22911
d 4 5176
d 3 16044
d 3 2542
d 3 24189
d 3 11850
d 4 21294
d 4 5868
d 1 14706
d 3 16054
d 4 10425
d 4 304
d 1 17706
d 1 23846
d 1 13946
d 3 21215
d 4 11035
d 3 10591
d 4 792
d 5 20683
d 3 24195
d 4 9804
d 4 894
d 3 556
d 1 24917
d 3 24691
d 3 16047
d 3 2554
d 4 15263
d 4 24395
d 3 5594
d 3 17703
d 3 18742
d 3 10183
d 3 10385
d 3 24274
d 3 11228
d 1 6430
d 4 22751
d 3 19278
d 3 8895
d 3 16548
d 3 22895
d 4 4691
d 4 17019
d 3 16079
d 4 9267
d 4 12902
d 3 15381
d 3 8936
d 4 3188
d 4 5841
d 4 6122
d 5 7820
d 3 20426
d 4 7368
d 3 6932
d 3 20690
d 1 7459
d 3 11560
d 4 19280
d 3 16810
d 4 2829
d 5 4033
d 5 4034
d 4 12509
d 5 20217
d 4 10112
d 3 13968
d 3 14718
d 4 14161
d 3 13144
d 4 3653
d 4 12787
d 4 4469
d 3 19263
d 4 24020
d 3 14747
d 3 21138
d 3 19499
d 5 14047
d 3 16081
d 4 4630
d 5 3351
d 5 16393
d 4 8144
d 1 10436
d 4 11829
d 4 4568
d 4 19131
d 5 22628
d 5 6758
d 4 14313
d 3 21982
d 4 2094
d 3 11471
d 3 14401
d 5 1402
d 5 4090
d 4 10651
d 3 19201
d 4 2191
d 3 14926
d 5 21351
d 3 16954
d 4 167
d 5 4947
d 5 22838
d 4 21581
d 4 18327
d 3 3026
d 1 4271
d 4 6455
d 4 1856
d 3 557
d 1 4859
d 5 630
d 4 23963
d 3 15231
d 4 20150
d 3 15787
d 4 23291
d 4 7665
d 3 12246
d 4 1014
d 3 1024
d 4 7753
d 3 8787
d 3 16374
d 4 23746
d 1 13725
d 3 20612
d 4 19754
d 5 3270
d 5 3695
d 5 19931
d 1 22506
d 3 3688
d 3 5047
d 1 8935
d 4 21887
d 4 19978
d 3 1424
d 4 19466
d 1 19575
d 4 24478
d 5 22461
d 4 9866
d 5 11691
d 1 16815
d 3 18421
d 3 18536
d 1 24510
d 3 22276
d 3 5892
d 4 1017
d 4 19240
d 5 19824
d 5 17161
d 5 11628
d 4 21068
d 4 20170
d 3 8114
d 4 10717
d 5 17632
d 4 10288
d 5 19837
d 3 21929
d 5 23583
d 5 23584
d 3 18222
d 4 10893
d 3 7882
d 4 16400
d 5 13600
d 1 11110
d 3 7217
d 1 3762
d 3 17521
d 3 887
d 3 23419
d 4 1981
d 3 17997
d 1 3110
d 1 3111
d 4 17051
d 4 21566
d 4 18385
d 4 17751
d 4 5708
d 3 20110
d 4 104
d 4 879
d 4 9571
d 3 19107
d 4 23529
d 4 5900
d 4 17004
d 3 3894
d 3 22007
d 3 4825
d 4 1120
d 3 18159
d 4 23928
d 3 16532
d 3 21453
d 1 17945
d 3 24987
d 1 2973
d 4 10879
d 3 22352
d 5 8246
d 4 18800
d 1 8575
d 5 5661
d 3 7999
d 4 10115
d 3 5288
d 5 8403
d 4 2201
d 3 1786
d 4 13699
d 3 1202
d 3 20511
d 4 2322
d 4 22069
d 1 3340
d 3 17947
d 3 18680
d 4 204
d 3 19373
d 4 18891
d 3 21847
d 1 22621
d 3 24580
d 3 18644
d 5 8247
d 1 20615
d 3 21566
d 3 976
d 4 5256
d 3 7819
d 4 12802
d 3 11055
d 3 22444
d 4 4090
d 4 2561
d 1 15570
d 4 17107
d 1 10206
d 4 5807
d 3 15026
d 3 8173
d 3 18590
d 5 10919
d 4 21257
d 4 24530
d 4 1616
d 3 5141
d 1 14896
d 5 9611
d 5 19227
d 3 13099
d 4 22601
d 1 13221
d 1 958
d 4 23974
d 4 13665
d 3 24516
d 3 14226
d 4 15475
d 4 17870
d 4 159
d 3 9704
d 4 10068
d 1 1392
d 4 5687
d 5 2532
d 4 21303
d 5 13307
d 4 2305
d 4 19868
d 3 14175
d 3 2540
d 1 22823
d 3 6432
d 5 7961
d 1 3146
d 3 15812
d 5 8159
d 3 20467
d 3 13866
d 4 2450
d 3 22246
d 5 16440
d 5 19752
d 5 17180
d 5 14713
d 3 19149
d 5 18085
d 4 6193
d 3 24640
d 4 16605
d 1 19747
d 4 15366
d 1 1935
d 3 593
d 3 19042
d 4 1129
d 3 8181
d 3 17055
d 4 24386
d 4 10946
d 3 9430
d 3 10556
d 3 21056
d 4 16785
d 4 10384
d 3 11220
d 4 12440
d 3 16440
d 3 8575
d 3 4850
d 3 13321
d 4 16010
d 4 5454
d 4 9993
d 3 4092
d 4 12523
d 4 16042
d 3 2829
d 3 14684
d 5 22212
d 3 10222
d 5 16128
d 4 5799
d 5 3925
d 1 16867
d 1 6995
d 4 11715
d 3 13228
d 3 21983
d 4 12841
d 3 19180
d 5 16384
d 4 21926
d 3 6240
d 4 24815
d 4 16218
d 4 2065
d 1 7220
d 3 1423
d 4 7710
d 4 3920
d 5 24756
d 4 20407
d 1 14555
d 4 16994
d 3 24754
d 3 20962
d 4 2934
d 4 7572
d 4 18240
d 3 12682
d 3 3634
d 3 285
d 3 7605
d 3 105
d 3 17338
d 5 3588
d 4 17944
d 4 20326
d 4 9788
d 4 22040
d 1 8567
d 3 5348
d 5 20480
d 4 1443
d 4 3204
d 3 18918
d 4 22411
d 5 12848
d 4 9362
d 4 10736
d 3 1682
d 4 3639
d 3 24719
d 4 12795
d 3 61
d 3 14482
d 4 3668
d 5 2020
d 4 10811
d 4 13649
d 4 7840
d 4 24833
d 1 8824
d 5 1012
d 4 22560
d 1 14482
d 3 18709
d 3 16991
d 1 9432
d 5 22957
d 1 19778
d 5 2180
d 3 20669
d 4 16591
d 3 875
d 4 22858
d 3 9638
d 4 24486
d 3 20531
d 3 12825
d 5 12062
d 4 4219
d 5 22077
d 4 22953
d 4 21517
d 1 23239
d 1 20528
d 5 23805
d 3 9822
d 1 10505
d 4 18449
d 3 14124
d 5 1389
d 4 20346
d 5 16219
d 3 14330
d 3 10699
d 5 9773
d 1 6047
d 5 23078
d 1 23617
d 3 8401
d 3 16248
d 4 7200
d 4 24722
d 4 9200
d 3 13030
d 4 18770
d 1 22331
d 4 15805
d 1 4049
d 4 7537
d 4 17607
d 3 13164
d 4 12421
d 4 9454
d 5 5130
d 4 20043
d 4 10631
d 4 4704
d 1 6158
d 3 17325
d 3 12107
d 3 836
d 3 11007
d 4 7033
d 4 10899
d 5 24792
d 1 11851
d 3 14489
d 4 12850
d 5 13937
d 5 18957
d 5 14893
d 5 14894
d 4 4330
d 4 24439
d 3 10276
d 5 16394
d 5 19815
d 3 20248
d 4 7744
d 5 22563
d 1 12696
d 3 1918
d 1 21231
d 4 1549
d 4 1544
d 3 6536
d 4 4188
d 4 4432
d 1 7225
d 4 20389
d 4 6933
d 5 14522
d 3 1250
d 1 23868
d 4 18939
d 5 8842
d 3 20726
d 4 13915
d 5 19247
d 3 21957
d 3 20222
d 5 5953
d 4 18808
d 1 16887
d 3 17681
d 3 59
d 5 7061
d 1 17265
d 4 6652
d 3 13631
d 4 20480
d 4 24963
d 3 15138
d 3 16255
d 3 16853
d 3 23768
d 3 19632
d 4 7848
d 3 7611
d 5 14968
d 3 16638
d 3 2322
d 3 23529
d 3 24244
d 4 12608
d 5 12674
d 4 13317
d 1 12976
d 4 22112
d 3 13090
d 4 7611
d 4 6057
d 4 5425
d 3 23811
d 3 18036
d 4 437
d 3 9302
d 5 9157
d 4 4752
d 1 9981
d 4 5365
d 4 1202
d 3 10584
d 4 2037
d 4 2038
d 1 11186
d 4 3388
d 3 21433
d 3 9076
d 3 16202
d 5 2226
d 3 8549
d 4 17222
d 4 11913
d 4 19579
d 5 24764
d 3 23818
d 3 3660
d 5 18950
d 3 20993
d 4 6008
d 5 6022
d 1 23630
d 1 4510
d 5 19524
d 4 10398
d 3 13269
d 1 11800
d 1 12170
d 1 18082
d 5 8398
d 1 17108
d 5 24274
d 4 10670
d 1 7027
d 5 1055
d 1 15004
d 5 21405
d 4 7329
d 5 12450
d 1 11912
d 3 22156
d 1 18090
d 1 18634
d 3 13179
d 3 9892
d 3 19027
d 5 1820
d 3 14952
d 4 21283
d 5 11435
d 4 21881
d 1 22909
d 1 6633
d 5 7286
d 3 12309
d 4 19545
d 4 7180
d 4 21174
d 1 13803
d 4 19378
d 4 20878
d 4 9298
d 4 2062
d 3 19982
d 4 9552
d 5 17435
d 1 20104
d 1 16585
d 3 6238
d 5 6319
d 4 20447
d 4 20448
d 4 20250
d 1 2890
d 4 6661
d 4 16658
d 4 24501
d 5 17310
d 1 18964
d 1 19775
d 3 24357
d 4 5320
d 5 5821
d 4 7657
d 3 10501
d 3 2582
d 5 16668
d 4 19076
d 4 22266
d 3 3029
d 3 12947
d 3 9518
d 4 1688
d 3 14480
d 1 531
d 3 9700
d 3 24272
d 4 24832
d 1 14230
d 4 10796
d 4 15457
d 3 24210
d 3 23688
d 3 12101
d 1 1991
d 4 12382
d 3 4000
d 1 23815
d 4 7070
d 5 16534
d 4 9787
d 1 1978
d 3 1034
d 1 20277
d 3 315
d 4 14158
d 3 5127
d 4 15596
d 5 15876
d 3 3529
d 3 24568
d 3 16089
d 4 21036
d 3 12555
d 3 19690
d 3 14332
d 3 14151
d 5 727
d 3 24596
d 3 12616
d 5 23585
d 1 5017
d 5 6549
d 1 10470
d 5 13080
d 4 22746
d 4 14945
d 3 22590
d 3 16388
d 1 5722
d 1 6197
d 3 13191
d 3 21321
d 3 14395
d 4 7969
d 3 16986
d 4 6266
d 3 3732
d 3 8530
d 4 19791
d 1 20459
d 3 6951
d 1 7750
d 5 18014
d 1 6102
d 5 12302
d 5 2537
d 4 16509
d 3 11937
d 1 2736
d 5 20591
d 3 6570
d 3 15687
d 3 7093
d 3 7094
d 3 10559
d 1 10833
d 4 15182
d 3 21075
d 5 5504
d 4 12103
d 3 961
d 4 21937
d 4 22515
d 4 17481
d 5 12466
d 4 23069
d 3 18751
d 4 15114
d 1 5148
d 3 2230
d 4 2593
d 3 19707
d 4 10924
d 4 3904
d 5 13598
d 4 20350
d 3 16647
d 3 10863
d 3 17159
d 5 17615
d 5 19366
d 5 7704
d 4 4666
d 4 5575
d 4 5576
d 4 9829
d 4 7397
d 3 22116
d 4 11981
d 1 13222
d 3 17255
d 1 7656
d 3 17577
d 4 21069
d 3 13703
d 4 5846
d 3 21594
d 4 18665
d 5 1115
d 5 12133
d 3 18263
d 1 11920
d 1 5754
d 4 9150
d 5 13024
d 5 12248
d 1 1330
d 3 18379
d 5 1361
d 3 14407
d 1 16075
d 4 4361
d 5 20486
d 1 18314
d 3 8009
d 5 22960
d 4 5829
d 1 9504
d 4 13746
d 1 14231
d 5 18031
d 5 21186
d 3 16914
d 4 21678
d 4 10263
d 3 4310
d 4 7992
d 4 8094
d 5 14633
d 5 13195
d 1 14058
d 3 10869
d 1 21503
d 5 10920
d 3 19762
d 1 15703
d 3 7950
d 1 12940
d 3 20788
d 4 19885
d 5 23366
d 4 13650
d 4 23936
d 5 2784
d 1 24553
d 4 14896
d 1 6910
d 3 8594
d 1 24144
d 3 18987
d 3 9547
d 1 10989
d 3 8440
d 5 7776
d 4 3893
d 4 2488
d 3 6000
d 1 20572
d 4 4611
d 5 2610
d 1 24029
d 4 24981
d 5 11692
d 4 7312
d 4 4777
d 3 22437
d 5 12983
d 1 16863
d 3 14828
d 1 8900
d 3 18216
d 5 16100
d 3 13221
d 4 7114
d 3 8286
d 3 21867
d 3 8554
d 4 6073
d 3 2282
d 3 12821
d 3 10148
d 3 13900
d 4 14262
d 5 11696
d 3 10484
d 4 18165
d 4 8436
d 3 7460
d 4 18933
d 5 22033
d 1 18761
d 5 23586
d 1 1004
d 4 7849
d 5 24521
d 1 3572
d 1 8807
d 1 17701
d 4 12283
d 5 2533
d 5 4901
d 5 1858
d 5 1684
d 3 12274
d 3 2412
d 5 14798
d 1 11489
d 5 21881
d 4 16116
d 5 24298
d 4 3831
d 5 21888
d 3 3939
d 4 10945
d 1 13628
d 1 8934
d 5 15471
d 5 6216
d 5 8825
d 4 10713
d 5 9518
d 1 8009
d 4 24878
d 3 24860
d 5 4996
d 5 7841
d 5 21815
d 5 5052
d 1 6709
d 1 5381
d 5 16266
d 3 1534
d 4 25000
d 1 8219
d 4 7640
d 1 8210
d 1 10831
d 5 12861
d 3 19139
d 4 66
d 5 9096
d 4 16751
d 5 4495
d 5 6726
d 4 16682
d 4 15184
d 5 13242
d 5 2128
d 5 4309
d 4 3835
d 3 4242
d 3 4243
d 4 11799
d 3 6361
d 5 20883
d 1 4144
d 1 11067
d 5 17527
d 1 4649
d 1 3479
d 1 3478
d 5 19933
d 3 963
d 1 4635
d 4 12406
d 5 21558
d 5 24261
d 5 19809
d 4 1675
d 3 12277
d 3 13810
d 5 21133
d 3 22416
d 5 21159
d 4 19900
d 4 5577
d 1 12194
d 5 10079
d 5 20810
d 1 3525
d 4 10894
d 4 10895
d 5 20485
d 5 18010
d 3 17552
d 5 5064
d 3 11890
d 3 7103
d 1 5483
d 1 602
d 5 7500
d 4 19650
d 4 706
d 3 11006
d 3 15383
d 5 4948
d 4 7087
d 4 23426
d 5 21835
d 5 21836
d 3 13969
d 1 4095
d 4 14459
d 4 9875
d 3 18468
d 5 6675
d 4 22399
d 5 22923
d 1 15970
d 5 4683
d 5 9687
d 4 20012
d 1 20027
d 1 24682
d 1 20077
d 3 14584
d 5 24137
d 4 15724
d 1 20001
d 1 21394
d 5 11965
d 4 7024
d 1 24187
d 1 2310
d 1 24318
d 3 12019
d 1 22027
d 3 21515
d 1 19987
d 5 24396
d 1 21175
d 4 19013
d 4 20160
d 4 5831
d 4 22091
d 4 688
d 4 24852
d 5 11828
d 1 12282
d 5 23894
d 3 22659
d 4 2702
d 4 2703
d 3 21105
d 4 2798
d 3 13974
d 1 20728
d 4 8029
d 5 20629
d 3 18957
d 3 24969
d 5 8838
d 5 537
d 1 9838
d 5 4109
d 1 17408
d 4 13636
d 1 16232
d 1 9037
d 1 14869
d 4 10349
d 3 21757
d 5 23745
d 5 16641
d 4 4467
d 4 6358
d 5 4993
d 1 15361
d 5 11693
d 4 16259
d 1 13645
d 1 11183
d 4 4125
d 1 22332
d 1 12289
d 3 16344
d 5 17598
d 5 22418
d 1 927
d 4 4395
d 3 20529
d 5 23421
d 5 23422
d 5 23423
d 3 13976
d 5 23691
d 4 10762
d 5 21317
d 4 7741
d 4 258
d 1 2146
d 5 21792
d 4 21706
d 5 12544
d 1 13657
d 3 7536
d 4 19275
d 1 1112
d 5 21801
d 4 8092
d 3 21236
d 4 6780
d 4 3216
d 3 4922
d 5 24847
d 3 19113
d 4 13936
d 4 7318
d 5 21748
d 3 12820
d 1 22404
d 4 13697
d 1 24912
d 5 8464
d 1 22421
d 4 3905
d 1 8580
d 5 11111
d 5 8453
d 5 12975
d 3 19778
d 4 2086
d 3 2242
d 4 5334
d 3 11174
d 3 17603
d 1 20880
d 5 17320
d 4 2039
d 4 8138
d 3 15513
d 4 22516
d 4 11805
d 4 727
d 5 8007
d 5 16385
d 4 17711
d 5 7181
d 4 8382
d 5 21295
d 4 9645
d 1 20601
d 4 10485
d 1 24689
d 1 12859
d 1 18681
d 4 12508
d 5 11537
d 1 6506
d 5 24718
d 5 6209
d 4 1480
d 4 9591
d 5 20889
d 5 14196
d 3 4388
d 1 1883
d 4 6753
d 5 12575
d 4 13309
d 3 22652
d 3 14236
d 4 22292
d 5 13594
d 4 22246
d 3 16745
d 3 15360
d 3 22510
d 1 16881
d 4 8256
d 5 8294
d 4 10896
d 5 2390
d 3 15424
d 5 17423
d 3 4975
d 4 1147
d 5 22883
d 1 4087
d 3 9759
d 3 2144
d 5 15013
d 4 14983
d 4 8682
d 4 10795
d 3 11197
d 1 24646
d 4 4150
d 4 14177
d 4 14178
d 5 13938
d 3 15837
d 1 19923
d 1 13288
d 4 24614
d 5 23996
d 3 11954
d 1 11852
d 4 294
d 5 12294
d 1 10001
d 3 7022
d 5 18217
d 4 21261
d 1 3678
d 1 13762
d 3 19791
d 3 7401
d 4 4944
d 4 10130
d 3 13319
d 5 4628
d 5 24102
d 3 4475
d 3 12404
d 1 24639
d 5 23823
d 4 16005
d 5 6578
d 1 4900
d 3 8230
d 1 10045
d 4 1698
d 5 16302
d 5 10994
d 3 32
d 5 15737
d 3 3382
d 4 2317
d 5 10835
d 4 3865
d 3 18053
d 3 23166
d 3 11805
d 1 6729
d 4 3092
d 3 10245
d 1 22520
d 3 7221
d 4 11963
d 4 13983
d 4 23174
d 3 21616
d 4 18906
d 4 11259
d 3 4916
d 4 24816
d 4 19151
d 4 2115
d 3 3922
d 4 966
d 5 18405
d 5 16220
d 5 1197
d 5 10331
d 3 2407
d 5 18456
d 4 17945
d 4 17832
d 3 22682
d 3 20926
d 3 20266
d 3 4801
d 3 502
d 1 10528
d 4 5477
d 5 17434
d 4 17968
d 1 18748
d 4 9018
d 5 18466
d 3 24745
d 4 19085
d 5 8998
d 5 19934
d 3 19237
d 1 20578
d 3 17625
d 5 16818
d 4 22594
d 4 5207
d 4 10430
d 1 20500
d 1 23434
d 1 16283
d 5 24027
d 5 5950
d 4 12192
d 3 19605
d 1 22541
d 1 14620
d 5 13196
d 1 17904
d 5 12415
d 5 22051
d 5 3923
d 1 24982
d 3 13904
d 1 22183
d 3 18930
d 3 1002
d 4 13899
d 1 2301
d 3 2102
d 1 13594
d 3 201
d 4 21845
d 3 13270
d 4 9592
d 4 16513
d 1 14885
d 4 18686
d 4 6573
d 5 2785
d 1 12360
d 1 18353
d 3 17754
d 4 16531
d 5 21593
d 3 9568
d 5 5242
d 3 5461
d 1 13576
d 3 20367
d 3 21720
d 5 761
d 3 16542
d 1 13924
d 1 2989
d 1 21504
d 5 24854
d 5 24297
d 3 7688
d 5 20919
d 3 12663
d 3 16076
d 3 13831
d 5 20065
d 4 10878
d 4 14357
d 5 11913
d 5 21725
d 3 9696
d 3 19137
d 3 22548
d 4 20266
d 1 22283
d 5 4928
d 1 3677
d 4 1643
d 1 1845
d 4 18498
d 3 1696
d 4 24735
d 5 17664
d 1 1590
d 4 15923
d 3 19363
d 1 12440
d 4 8864
d 1 17994
d 4 20617
d 5 11978
d 3 1845
d 1 11153
d 1 9484
d 4 24762
d 1 9619
d 4 19837
d 3 7805
d 4 10116
d 1 4249
d 3 1009
d 3 1010
d 5 24410
d 5 20454
d 4 18567
d 1 6279
d 3 20983
d 4 473
d 4 20344
d 4 16384
d 3 11219
d 4 795
d 3 16724
d 4 2705
d 1 21728
d 1 7252
d 5 12678
d 5 11168
d 3 2039
d 1 2207
d 1 17707
d 4 9383
d 3 19078
d 1 2573
d 1 24892
d 4 13488
d 5 12370
d 1 23732
d 1 14913
d 1 5040
d 5 24296
d 5 9102
d 3 19704
d 5 1733
d 3 3077
d 5 6559
d 1 13453
d 1 13454
d 1 4386
d 3 5477
d 4 9309
d 1 6980
d 5 13666
d 1 22862
d 4 7692
d 3 20551
d 1 2512
d 1 24499
d 5 16591
d 1 3480
d 5 14315
d 1 4615
d 5 20188
d 5 20187
d 1 23277
d 3 4001
d 3 11553
d 3 5219
d 1 19820
d 3 5994
d 5 5108
d 1 22948
d 4 4716
d 4 4725
d 4 9499
d 3 24746
d 5 2233
d 3 23081
d 4 10186
d 5 6948
d 3 20197
d 4 10661
d 5 6210
d 1 2581
d 3 11595
d 4 14196
d 4 8505
d 1 19876
d 1 22636
d 3 9360
d 4 23055
d 4 11338
d 1 7687
d 5 24606
d 5 5937
d 1 4323
d 1 24915
d 1 20160
d 1 1451
d 1 1314
d 4 18464
d 3 7027
d 4 9579
d 3 11777
d 5 19520
d 1 23259
d 4 21022
d 1 18222
d 1 16914
d 3 17694
d 1 5424
d 3 20530
d 3 23730
d 1 9154
d 4 2005
d 4 19703
d 1 5575
d 3 7321
d 4 913
d 1 22821
d 1 7002
d 4 5016
d 1 11045
d 3 7319
d 4 10936
d 4 22527
d 1 10251
d 1 3179
d 5 11210
d 4 980
d 4 11289
d 3 21808
d 3 6179
d 4 17244
d 3 19158
d 5 19220
d 1 532
d 3 14153
d 1 9081
d 4 16228
d 3 1658
d 1 9248
d 1 21468
d 5 20353
d 3 2224
d 4 2799
d 3 10693
d 1 17374
d 1 9887
d 3 16055
d 4 9879
d 3 11626
d 5 24299
d 4 3707
d 1 14917
d 1 21808
d 5 7005
d 5 19876
d 4 3126
d 3 12623
d 3 7735
d 4 4584
d 1 17392
d 1 10435
d 1 23381
d 5 4435
d 4 24982
d 4 10491
d 5 6739
d 1 18657
d 5 10702
d 3 13838
d 4 478
d 4 23782
d 1 14223
d 4 3590
d 1 22418
d 3 24317
d 5 4269
d 3 8667
d 4 14846
d 1 12465
d 5 7949
d 4 415
d 5 21584
d 5 4167
d 1 8453
d 1 7346
d 5 18115
d 3 6827
d 5 4765
d 5 12249
d 1 6013
d 5 22867
d 3 5295
d 5 21359
d 1 22497
d 3 11913
d 4 23604
d 5 16031
d 3 11869
d 4 4426
d 1 2098
d 1 12842
d 4 6158
d 5 21944
d 3 15876
d 4 17009
d 3 17221
d 3 16648
d 4 12559
d 5 14665
d 5 11641
d 3 1519
d 4 14180
d 4 10908
d 1 5689
d 5 14938
d 4 23657
d 3 11945
d 5 15228
d 4 955
d 4 979
d 4 2189
d 1 9170
d 5 3804
d 1 19167
d 3 16942
d 1 17018
d 1 12029
d 3 7222
d 1 10456
d 4 24928
d 5 798
d 4 8469
d 4 3389
d 5 24352
d 5 18469
d 5 24175
d 5 20059
d 5 16875
d 4 20161
d 1 19314
d 4 17509
d 3 12312
d 5 19658
d 5 10300
d 1 920
d 1 21471
d 3 16813
d 3 24158
d 4 20449
d 3 2711
d 5 20211
d 3 18009
d 4 11884
d 1 9877
d 5 24209
d 5 1839
d 4 6600
d 1 2901
d 3 17437
d 1 16394
d 1 10246
d 5 17218
d 3 649
d 3 8875
d 5 22801
d 5 14109
d 1 19687
d 1 23774
d 5 13456
d 3 11593
d 3 14695
d 3 6362
d 1 13091
d 5 1961
d 3 7800
d 3 17008
d 5 1558
d 5 1222
d 4 11006
d 1 23262
d 1 23263
d 5 23372
d 3 11594
d 4 8510
d 5 8160
d 4 10866
d 1 12631
d 5 3296
d 5 4183
d 5 19687
d 5 19688
d 5 19691
d 5 2181
d 5 18627
d 4 7685
d 1 13608
d 5 6446
d 1 12808
d 4 19468
d 1 10295
d 1 18713
d 1 23735
d 4 22950
d 1 23653
d 5 14144
d 1 23810
d 3 9773
d 1 15595
d 4 5482
d 3 5230
d 3 6023
d 1 8322
d 4 14499
d 4 16896
d 4 16993
d 4 20872
d 1 24607
d 3 5922
d 1 4554
d 5 3106
d 3 1811
d 5 22790
d 3 21961
d 5 20443
d 5 3115
d 3 21586
d 5 16057
d 5 5194
d 4 18687
d 5 24317
d 3 16640
d 3 11968
d 4 18318
d 5 7692
d 3 14457
d 5 22469
d 3 11778
d 5 21724
d 4 24451
d 5 16819
d 4 10763
d 5 24408
d 3 17873
d 1 17677
d 1 14381
d 5 6560
d 4 17523
d 3 651
d 3 8201
d 4 21407
d 3 23835
d 4 9896
d 4 5776
d 4 20685
d 4 6028
d 3 2529
d 4 22805
d 5 22924
d 5 16876
d 1 15914
d 4 9372
d 3 13899
d 1 16648
d 4 847
d 4 16525
d 4 18457
d 3 3953
d 4 8481
d 4 14976
d 3 20988
d 1 24016
d 3 17224
d 4 23025
d 4 18415
d 1 19213
d 5 7962
d 5 13389
d 4 9140
d 5 4934
d 5 21987
d 3 24491
d 1 4242
d 3 6705
d 3 22169
d 4 2949
d 3 9218
d 4 22960
d 5 1217
d 1 19435
d 1 5104
d 5 23490
d 4 19802
d 4 1991
d 1 884
d 3 8369
d 1 8553
d 3 14348
d 3 18760
d 3 8834
d 4 5436
d 1 11590
d 4 21549
d 5 18030
d 5 24347
d 5 9828
d 4 18465
d 5 24634
d 5 9975
d 4 15194
d 3 17275
d 1 17895
d 3 22525
d 5 20800
d 4 23658
d 5 14127
d 1 4210
d 4 23512
d 5 20158
d 1 15379
d 5 18166
d 3 22957
d 3 2660
d 3 2661
d 1 8540
d 3 2768
d 1 7058
d 5 6724
d 4 15252
d 3 6889
d 4 10865
d 3 14870
d 3 8611
d 3 16483
d 5 10186
d 3 10167
d 3 4335
d 1 8490
d 5 13324
d 4 7043
d 5 12384
d 1 4033
d 5 11572
d 4 17072
d 5 20354
d 4 10720
d 3 19792
d 4 1182
d 4 5009
d 4 9041
d 3 20026
d 4 3964
d 5 22770
d 1 3554
d 4 10758
d 3 2997
d 3 14654
d 3 22911
d 1 22659
d 4 1635
d 4 7170
d 3 7403
d 1 4450
d 5 6137
d 1 17964
d 3 7952
d 3 8833
d 5 15870
d 1 1439
d 4 10366
d 1 1505
d 4 3855
d 1 2420
d 4 5409
d 3 705
d 3 14708
d 4 7168
d 4 24235
d 3 18107
d 5 4621
d 5 18756
d 4 16047
d 3 11388
d 4 19480
d 5 24138
d 1 11229
d 3 12496
d 1 9415
d 1 14370
d 4 13334
d 3 12115
d 3 18826
d 3 6948
d 4 3925
d 5 17502
d 5 8009
d 3 24292
d 1 5161
d 1 11585
d 1 10213
d 1 16357
d 1 13501
d 4 22774
d 4 1072
d 3 14152
d 3 616
d 3 9591
d 4 13720
d 3 21900
d 3 9654
d 1 1571
d 3 6864
d 4 17127
d 3 5565
d 3 16353
d 1 15797
d 3 6517
d 1 6227
d 5 16745
d 1 8107
d 1 8805
d 4 7970
d 5 24348
d 4 2184
d 5 15141
d 3 13901
d 3 11802
d 1 1427
d 3 9172
d 5 7768
d 1 6465
d 3 11117
d 5 11562
d 4 8283
d 3 2267
d 1 15156
d 4 9864
d 3 15415
d 1 19628
d 4 21060
d 1 4988
d 1 7119
d 4 8251
d 3 11779
d 5 13868
d 5 5916
d 3 14895
d 1 1895
d 3 23791
d 3 3951
d 1 1015
d 3 12103
d 1 560
d 1 20697
d 5 12480
d 5 6680
d 1 14714
d 5 8710
d 3 22379
d 5 12001
d 4 17027
d 3 1524
d 3 6109
d 1 21115
d 1 23601
d 1 4031
d 3 11349
d 3 982
d 4 21513
d 1 4954
d 1 23309
d 5 19390
d 4 7181
d 3 8606
d 4 8107
d 3 20532
d 1 9601
d 1 5173
d 4 14830
d 1 17803
d 4 13137
d 4 20546
d 1 19767
d 4 16946
d 5 22973
d 1 7575
d 1 15652
d 3 18696
d 5 11095
d 1 1817
d 4 16137
d 5 21160
d 3 19153
d 1 9057
d 1 2369
d 1 14828
d 3 4960
d 1 23216
d 5 24463
d 1 16816
d 4 20128
d 1 9461
d 5 24916
d 3 12352
d 1 13761
d 1 17984
d 4 13049
d 3 24217
d 5 24971
d 5 24530
d 1 24608
d 1 6071
d 4 16782
d 3 4151
d 1 24928
d 4 5637
d 1 16222
d 3 1504
d 1 5399
d 3 8416
d 1 14127
d 1 14987
d 1 9514
d 3 12104
d 3 22983
d 3 359
d 4 24185
d 1 16652
d 1 19433
d 1 6743
d 5 11105
d 3 17536
d 5 18122
d 3 10723
d 3 6856
d 1 1747
d 1 18702
d 5 18474
d 1 22137
d 3 2792
d 3 6235
d 4 466
d 4 12498
d 5 22107
d 3 11804
d 5 5180
d 3 9101
d 4 7958
d 5 22903
d 3 5861
d 1 16285
d 3 24346
d 3 13816
d 3 7231
d 3 16652
d 4 14958
d 1 4094
d 1 18982
d 4 10934
d 1 10525
d 4 22837
d 3 24677
d 1 9872
d 5 7845
d 4 10175
d 3 11803
d 3 12742
d 5 19330
d 4 3356
d 4 20892
d 5 4997
d 5 4347
d 3 19996
d 5 12472
d 3 23989
d 1 7477
d 5 7303
d 3 4364
d 4 12266
d 5 16203
d 5 19346
d 1 1503
d 3 8690
d 4 8820
d 3 12855
d 1 13057
d 3 13345
d 3 4061
d 3 1684
d 1 7504
d 5 9242
d 1 14238
d 5 22884
d 3 22938
d 1 8552
d 1 21010
d 1 21176
d 4 24763
d 4 5406
d 5 3545
d 1 23885
d 1 21061
d 3 23487
d 3 13678
d 1 2332
d 3 11367
d 4 12584
d 1 8005
d 4 19707
d 4 2673
d 4 3540
d 3 11609
d 1 12401
d 1 23001
d 3 16518
d 3 16519
d 3 16520
d 3 16521
d 5 4527
d 4 23369
d 5 11251
d 3 23805
d 3 4640
d 1 14410
d 5 6120
d 3 18979
d 1 20064
d 1 2861
d 4 9359
d 3 24874
d 4 16615
d 3 23238
d 4 18584
d 4 10287
d 3 18781
d 1 12735
d 3 16860
d 3 17899
d 4 3648
d 3 16163
d 4 7845
d 1 3929
d 1 3930
d 1 3931
d 3 9001
d 5 15207
d 1 4207
d 5 19939
d 3 1040
d 4 22018
d 1 18800
d 5 5988
d 1 14904
d 5 24371
d 3 9905
d 1 4777
d 1 13615
d 1 16835
d 3 16599
d 3 11138
d 3 9750
d 3 16626
d 3 6782
d 4 436
d 1 16270
d 1 17938
d 1 12711
d 1 6815
d 1 4084
d 3 23720
d 4 8139
d 3 2121
d 3 977
d 3 24738
d 4 23407
d 1 5451
d 1 3963
d 5 11245
d 4 5842
d 5 24424
d 3 9616
d 1 6149
d 1 24154
d 1 4496
d 3 5581
d 4 10583
d 4 16736
d 4 24081
d 1 11607
d 3 9799
d 4 18167
d 5 828
d 5 827
d 3 19378
d 4 13565
d 3 23022
d 1 7874
d 3 13905
d 5 24257
d 4 6547
d 3 547
d 4 23084
d 1 15059
d 3 19427
d 3 21987
d 3 19880
d 5 10150
d 3 13394
d 1 13831
d 3 7169
d 3 7170
d 1 5568
d 3 15771
d 1 7140
d 1 17247
d 3 7557
d 3 12734
d 1 24869
d 3 21414
d 5 16833
d 3 22628
d 1 7897
d 5 21362
d 1 3367
d 3 8632
d 5 18530
d 4 17749
d 3 22939
d 1 16856
d 1 10113
d 1 3837
d 4 8829
d 3 13073
d 4 3482
d 3 5612
d 3 5613
d 4 21915
d 4 5090
d 1 10633
d 1 10796
d 5 18736
d 4 10797
d 3 19552
d 4 20500
d 5 16868
d 1 12887
d 1 20549
d 1 6752
d 5 1295
d 1 5059
d 1 16432
d 4 19887
d 5 24624
d 1 24706
d 3 11801
d 3 16886
d 3 10786
d 5 10027
d 3 4577
d 3 11127
d 3 11517
d 1 6244
d 5 19456
d 5 23424
d 3 2208
d 3 22343
d 3 20433
d 3 17782
d 3 16611
d 1 12347
d 3 66
d 4 18256
d 4 21153
d 3 8977
d 1 9620
d 3 18716
d 4 24914
d 1 7816
d 1 12413
d 5 18381
d 5 7559
d 1 20355
d 4 18051
d 3 10658
d 1 939
d 3 14503
d 1 5051
d 3 6698
d 4 622
d 1 11072
d 3 24555
d 1 2471
d 5 12523
d 1 5115
d 1 11396
d 4 5892
d 3 6300
d 3 21130
d 1 2160
d 1 13371
d 3 6354
d 1 23237
d 3 15343
d 4 15232
d 1 7431
d 1 15535
d 4 8270
d 4 19708
d 3 14067
d 3 7364
d 5 8691
d 5 24444
d 3 548
d 3 23942
d 1 15883
d 1 8802
d 4 22017
d 3 24166
d 3 1445
d 1 7498
d 3 15451
d 1 8756
d 1 10481
d 3 10021
d 1 9143
d 3 3795
d 3 9569
d 3 1441
d 1 21741
d 3 403
d 1 6402
d 1 24203
d 3 19761
d 4 2493
d 3 4244
d 4 21628
d 3 5471
d 3 5473
d 1 11012
d 4 13584
d 1 16850
d 5 17793
d 1 11608
d 5 23420
d 3 5357
d 5 2699
d 1 7563
d 3 24548
d 1 23622
d 3 10030
d 4 12818
d 3 14055
d 1 7856
d 1 10362
d 3 19204
d 5 9685
d 5 3151
d 3 10032
d 3 24247
d 1 2584
d 1 18066
d 3 13082
d 5 14609
d 5 15607
d 1 12258
d 3 24394
d 1 3824
d 3 10960
d 3 20679
d 1 2158
d 3 13848
d 3 20544
d 1 24612
d 1 4208
d 5 24685
d 5 5213
d 3 23508
d 5 21446
d 4 16507
d 5 24092
d 3 15666
d 5 2311
d 5 23353
d 1 2672
d 1 5542
d 3 24395
d 1 7051
d 3 19029
d 4 10935
d 5 21723
d 1 19285
d 3 443
d 3 10087
d 1 5941
d 1 19948
d 3 12657
d 4 21563
d 3 15154
d 3 22940
d 1 20785
d 1 21536
d 3 5743
d 4 11253
d 5 11147
d 3 16676
d 1 12003
d 1 7972
d 3 16781
d 1 2880
d 4 11508
d 1 8162
d 3 17619
d 3 4182
d 3 19229
d 4 10281
d 3 18980
d 1 6537
d 1 14163
d 3 8659
d 5 2951
d 3 17222
d 1 24391
d 4 24051
d 5 18551
d 4 2069
d 1 18684
d 1 23460
d 4 15799
d 3 4022
d 1 11728
d 5 19088
d 5 7803
d 1 3425
d 3 22394
d 1 23264
d 3 11368
d 4 10897
d 4 16910
d 5 17569
d 3 6038
d 5 22090
d 1 8440
d 5 14465
d 4 22952
d 1 21220
d 3 18113
d 3 24078
d 1 13793
d 1 16668
d 4 8086
d 5 24210
d 1 12771
d 5 2179
d 1 1095
d 1 21457
d 3 23280
d 3 804
d 1 9494
d 3 16026
d 5 23184
d 3 13278
d 1 8037
d 1 8171
d 1 8172
d 1 23706
d 1 19010
d 1 24807
d 3 6988
d 5 13750
d 3 17627
d 3 16940
d 1 22638
d 1 23645
d 1 12875
d 5 20139
d 1 19063
d 1 19064
d 1 9513
d 3 16963
d 3 14086
d 3 23202
d 3 19514
d 4 7412
d 3 11081
d 1 14985
d 1 5018
d 4 12077
d 3 14631
d 3 1174
d 5 12762
d 1 2992
d 3 810
d 3 15428
d 3 14598
d 3 11879
d 3 15398
d 1 9546
d 1 23133
d 3 8386
d 3 644
d 3 14150
d 4 14260
d 1 7702
d 1 10293
d 3 14128
d 1 15768
d 4 4536
d 1 11196
d 1 9721
d 3 8014
d 1 9964
d 3 267
d 3 7100
d 3 20025
d 1 12667
d 5 20504
d 5 21119
d 3 17361
d 1 7556
d 1 20645
d 3 7886
d 3 9402
d 3 24570
d 1 6089
d 4 10196
d 3 7171
d 3 17674
d 3 6676
d 1 14164
d 3 6189
d 3 6156
d 3 1181
d 1 13856
d 1 24562
d 1 3602
d 3 23664
d 3 18552
d 1 1739
d 1 9342
d 4 17163
d 1 5716
d 3 15293
d 3 1003
d 4 15418
d 1 11348
d 1 4834
d 3 11001
d 4 9560
d 3 19519
d 3 21652
d 1 20721
d 1 12683
d 1 23087
d 1 18354
d 3 16500
d 1 1822
d 1 8523
d 3 7243
d 1 8876
d 1 21430
d 3 697
d 3 12102
d 1 18556
d 4 15773
d 3 170
d 1 3391
d 3 21103
d 1 9416
d 4 10581
d 3 6089
d 3 17816
d 3 109
d 5 409
d 4 18229
d 3 8501
d 5 24527
d 3 2809
d 4 15726
d 1 11354
d 5 23572
d 1 13102
d 3 14070
d 1 22529
d 1 1908
d 1 18449
d 3 3303
d 1 12826
d 3 7719
d 1 24962
d 3 13787
d 1 5779
d 1 15658
d 3 1839
d 1 6823
d 1 2099
d 4 5780
d 3 23589
d 5 4999
d 3 10472
d 3 18251
d 1 6072
d 3 8451
d 1 21040
d 4 7064
d 3 20933
d 4 15226
d 1 17400
d 5 2762
d 1 21344
d 3 22890
d 3 4818
d 3 22715
d 3 3359
d 1 4188
d 5 4585
d 1 6697
d 1 4502
d 3 11345
d 3 15427
d 4 4946
d 3 1380
d 1 23789
d 1 20328
d 1 5590
d 5 11130
d 3 4256
d 5 5857
d 1 10253
d 3 2760
d 1 8006
d 3 15429
d 5 21124
d 4 6541
d 3 16875
d 3 24212
d 3 20698
d 3 8908
d 1 17708
d 1 4002
d 4 11092
d 4 9532
d 1 16892
d 1 22030
d 1 8414
d 5 15114
d 3 2851
d 4 11257
d 3 18912
d 1 14947
d 3 22194
d 1 4977
d 3 16421
d 3 12341
d 3 2077
d 3 18639
d 5 5869
d 3 2679
d 4 20478
d 3 5302
d 1 12423
d 3 12214
d 4 24746
d 5 2912
d 3 16094
d 3 14273
d 1 15848
d 3 6704
d 5 1873
d 3 2709
d 5 24752
d 5 18924
d 4 8462
d 1 15238
d 3 21285
d 1 5744
d 1 8508
d 3 16523
d 1 7303
d 1 20878
d 4 23647
d 1 12087
d 1 23393
d 3 13948
d 3 24243
d 4 14273
d 1 23015
d 3 8013
d 3 2348
d 3 17162
d 3 3095
d 1 2376
d 1 15308
d 1 4775
d 1 23391
d 1 5185
d 3 7023
d 3 393
d 3 638
d 3 16009
d 3 7373
d 5 13827
d 1 6169
d 1 19434
d 3 7851
d 1 19928
d 1 8489
d 3 24360
d 3 19590
d 3 21038
d 4 2494
d 1 5718
d 5 5178
d 1 23567
d 3 15193
d 3 4963
d 1 8651
d 3 3124
d 3 24791
d 4 19137
d 1 16445
d 1 17008
d 3 18386
d 1 21036
d 3 23051
d 3 3286
d 5 8083
d 3 4560
d 3 17156
d 1 7651
d 1 1896
d 4 2938
d 3 14423
d 3 11554
d 1 8965
d 1 8966
d 1 13274
d 3 14619
d 5 20455
d 1 13531
d 3 3293
d 3 14384
d 3 12592
d 1 19698
d 3 5474
d 1 17278
d 4 5672
d 3 22287
d 1 7670
d 3 17590
d 3 17591
d 3 23820
d 3 17320
d 4 17811
d 3 17037
d 3 15161
d 1 17152
d 3 7498
d 1 11309
d 5 13337
d 3 18553
d 1 18554
d 5 11878
d 3 12558
d 3 10648
d 3 7315
d 3 1387
d 5 9458
d 3 5239
d 1 12424
d 3 6236
d 1 9695
d 3 6534
d 3 6535
d 1 8568
d 1 5378
d 3 13889
d 3 19274
d 4 507
d 3 16488
d 4 18379
d 1 1338
d 3 23461
d 1 5927
d 1 21077
d 1 21078
d 1 21079
d 5 18444
d 1 13242
d 1 971
d 3 22496
d 1 12512
d 3 13366
d 3 6383
d 3 19836
d 1 4989
d 1 7468
d 3 4276
d 1 9171
d 4 22351
d 4 21656
d 3 19354
d 3 21994
d 5 11390
d 3 11497
d 3 1268
d 1 13094
d 3 11789
d 3 2686
d 1 24934
d 4 1784
d 4 14401
d 1 14317
d 1 14318
d 1 14319
d 1 14320
d 5 6182
d 1 20491
d 3 1646
d 1 16975
d 1 15002
d 3 21985
d 3 10195
d 4 22363
d 1 12877
d 3 23769
d 3 8182
d 1 18527
d 1 18528
d 1 2532
d 4 9464
d 1 6756
d 1 15851
d 1 21887
d 1 22313
d 1 3582
d 1 9222
d 4 17723
d 1 7004
d 1 10764
d 1 9452
d 3 18294
d 3 12235
d 5 13168
d 1 23452
d 1 8174
d 3 22777
d 4 7782
d 1 19924
d 1 15900
d 3 11435
d 3 11436
d 5 11283
d 3 22658
d 3 2998
d 1 8866
d 1 4086
d 3 14699
d 3 11301
d 1 22911
d 3 14352
d 1 9827
d 3 3172
d 5 23440
d 5 16185
d 1 15499
d 1 14865
d 3 10185
d 1 6881
d 4 3537
d 1 13455
d 3 21883
d 3 13042
d 3 5301
d 1 14153
d 3 23625
d 5 24751
d 3 2268
d 3 293
d 5 20563
d 1 3694
d 1 18426
d 3 17523
d 1 8474
d 3 13338
d 1 2247
d 4 1503
d 1 9676
d 3 4336
d 1 10350
d 4 7689
d 3 13852
d 3 13760
d 1 7538
d 3 6828
d 1 8156
d 1 20993
d 3 7427
d 3 20157
d 1 18664
d 4 23372
d 4 7600
d 3 4896
d 1 22959
d 3 5052
d 3 17751
d 3 17752
d 3 2530
d 3 21068
d 3 6508
d 1 3547
d 1 10319
d 4 15602
d 3 24879
d 4 12449
d 1 19317
d 3 8303
d 5 10894
d 3 22192
d 1 7219
d 1 17005
d 1 1400
d 3 9371
d 3 18034
d 5 11117
d 1 2990
d 3 22984
d 3 17958
d 3 24894
d 1 13720
d 3 21473
d 1 12871
d 1 10120
d 3 23862
d 1 19641
d 1 21229
d 5 8461
d 1 14411
d 3 18475
d 1 13397
d 1 12909
d 3 11292
d 3 404
d 1 3231
d 3 16869
d 3 7159
d 1 3703
d 1 7788
d 3 3418
d 1 1434
d 3 17190
d 1 18970
d 1 23217
d 1 4227
d 3 24067
d 5 10809
d 3 14415
d 1 23364
d 1 23365
d 3 2437
d 1 24620
d 1 24826
d 3 18239
d 1 22553
d 1 1851
d 3 8487
d 1 14110
d 4 11714
d 1 22869
d 1 552
d 1 6302
d 3 14988
d 1 21669
d 1 6984
d 3 20934
d 3 5092
d 1 10872
d 5 12083
d 1 10100
d 1 20501
d 1 15941
d 1 15943
d 1 6394
d 3 14814
d 1 24750
d 4 24860
d 4 13263
d 3 7534
d 1 14997
d 1 19972
d 1 19973
d 5 22108
d 1 20920
d 3 9002
d 3 21845
d 1 23298
d 3 4559
d 1 4533
d 1 4534
d 3 6274
d 4 18565
d 3 18985
d 3 22988
d 4 7084
d 5 8096
d 4 5643
d 1 24200
d 1 12920
d 3 23590
d 3 13619
d 3 8455
d 3 12348
d 3 4047
d 3 15123
d 5 13781
d 1 8659
d 3 1377
d 1 3913
d 3 5381
d 5 19522
d 4 15725
d 5 8321
d 4 5573
d 3 7245
d 5 19769
d 4 16544
d 1 23043
d 4 20421
d 1 23908
d 3 16484
d 1 10093
d 1 20910
d 1 24591
d 3 11671
d 5 1561
d 3 2071
d 5 9818
d 1 22868
d 1 22870
d 1 22871
d 1 9028
d 3 10219
d 3 5430
d 1 2116
d 3 16894
d 4 17553
d 1 17157
d 1 21164
d 4 24101
d 1 8110
d 3 15692
d 3 7020
d 1 14358
d 1 1861
d 3 24606
d 1 12973
d 3 10691
d 3 1647
d 3 4213
d 1 9161
d 3 14323
d 4 9992
d 1 19818
d 1 20858
d 3 24128
d 3 11562
d 3 24730
d 3 24511
d 1 11310
d 1 15133
d 4 5091
d 1 19395
d 3 9978
d 4 12072
d 1 11952
d 1 24944
d 3 2101
d 1 20179
d 1 21710
d 3 3864
d 3 10406
d 4 5677
d 1 18064
d 4 22695
d 1 9669
d 1 8557
d 1 9030
d 1 6733
d 3 16685
d 1 5043
d 1 3932
d 5 11497
d 1 4868
d 5 6223
d 3 23326
d 1 17314
d 3 2965
d 3 6360
d 5 7838
d 4 16948
d 3 9677
d 1 9250
d 1 12956
d 1 14781
d 3 23462
d 1 16597
d 3 10974
d 4 10212
d 3 2310
d 3 15
d 1 22722
d 3 23232
d 1 12548
d 3 19649
d 1 20801
d 4 17238
d 4 15510
d 3 24915
d 4 21355
d 3 11082
d 1 3947
d 3 20910
d 3 18381
d 3 4011
d 1 1140
d 1 3635
d 1 13489
d 3 865
d 1 892
d 1 2237
d 1 16475
d 3 4723
d 4 20794
d 3 22383
d 5 15305
d 3 1987
d 3 410
d 5 23916
d 4 14911
d 3 24502
d 1 16286
d 3 10311
d 4 5976
d 3 11538
d 1 12428
d 1 17331
d 3 24782
d 3 9111
d 3 18595
d 5 10138
d 5 10137
d 1 5213
d 4 2584
d 1 15981
d 4 6110
d 1 16429
d 5 16891
d 1 14141
d 1 11010
d 3 7508
d 3 12213
d 5 15459
d 4 1085
d 1 24204
d 3 9737
d 3 22784
d 1 6232
d 1 19782
d 1 9100
d 3 10943
d 3 6205
d 3 15373
d 3 4240
d 1 20717
d 3 9372
d 1 17335
d 4 1178
d 1 24878
d 3 5781
d 1 11285
d 1 17830
d 1 4000
d 3 18997
d 3 24051
d 3 24914
d 1 15603
d 3 14242
d 4 19823
d 3 13874
d 3 22229
d 1 1448
d 1 1449
d 3 15218
d 3 18544
d 1 20290
d 1 24238
d 1 20365
d 1 20996
d 1 23158
d 1 427
d 3 23774
d 1 22185
d 3 30
d 3 6792
d 3 20454
d 5 2927
d 1 16726
d 4 6781
d 3 8888
d 4 21504
d 3 13628
d 1 1025
d 4 3030
d 1 14045
d 3 6519
d 3 612
d 3 20712
d 1 14036
d 3 9185
d 1 9901
d 1 21165
d 5 21451
d 5 6270
d 5 542
d 1 7957
d 5 16158
d 1 5094
d 3 2025
d 4 21909
d 3 16928
d 3 13654
d 4 8446
d 1 13798
d 3 11727
d 3 885
d 1 10043
d 1 5510
d 1 5511
d 3 4288
d 4 24601
d 1 11021
d 3 8419
d 4 20949
d 1 17637
d 1 24496
d 1 961
d 3 9801
d 4 16211
d 4 16210
d 3 4296
d 3 4297
d 4 18634
d 3 6265
d 3 6266
d 3 6267
d 1 6180
d 5 2753
d 1 24825
d 1 15017
d 4 14604
d 1 23155
d 1 24880
d 3 23478
d 3 15258
d 3 7160
d 1 18525
d 3 22143
d 1 22395
d 1 8208
d 1 22496
d 5 24993
d 3 11724
d 1 18786
d 1 24140
d 1 21581
d 1 14107
d 3 552
d 5 8900
d 1 2921
d 1 5371
d 3 2696
d 1 9239
d 4 17439
d 1 7097
d 1 1553
d 3 22380
d 1 4780
d 3 16950
d 4 21403
d 3 21139
d 1 8910
d 1 14435
d 1 16676
d 3 10716
d 3 14459
d 3 3538
d 1 8206
d 3 11958
d 3 6877
d 1 7436
d 3 8238
d 4 12719
d 1 18186
d 1 18507
d 1 15005
d 4 9994
d 1 19904
d 5 5986
d 5 9821
d 3 15014
d 3 22641
d 3 24388
d 4 21824
d 3 24025
d 3 16168
d 1 19599
d 4 18879
d 3 257
d 3 23719
d 1 1766
d 1 22429
d 5 12844
d 1 21734
d 3 15735
d 3 11866
d 3 9380
d 3 6025
d 3 6301
d 1 4174
d 3 17237
d 1 8937
d 1 17433
d 1 17215
d 4 1354
d 3 6656
d 1 22111
d 1 5436
d 4 15025
d 3 11236
d 3 22885
d 3 11232
d 1 21080
d 1 24615
d 1 16991
d 1 9027
d 1 8509
d 3 24193
d 1 23657
d 5 22497
d 1 19791
d 1 10168
d 5 11776
d 3 8439
d 1 17478
d 1 24338
d 1 19200
d 3 12788
d 1 22522
d 3 12886
d 3 20655
d 3 21094
d 1 11632
d 4 24910
d 5 22640
d 3 16360
d 1 15944
d 5 10936
d 1 14599
d 1 10883
d 1 10129
d 3 10776
d 1 15550
d 3 13839
d 1 9010
d 3 22922
d 3 19779
d 1 8643
d 5 2770
d 3 16204
d 1 20690
d 1 12681
d 3 20588
d 3 3429
d 1 1425
d 1 4433
d 5 11375
d 1 10096
d 3 351
d 1 22434
d 1 17935
d 3 14667
d 1 23974
d 3 2600
d 4 16675
d 1 20769
d 3 22453
d 1 22602
d 4 18451
d 3 2116
d 5 19979
d 1 4947
d 3 7602
d 1 24719
d 1 16686
d 4 21645
d 4 19003
d 4 19865
d 3 4973
d 1 17966
d 3 386
d 1 13475
d 3 19275
d 3 11300
d 1 12718
d 4 5701
d 3 5172
d 3 2433
d 1 19065
d 3 8008
d 1 10703
d 1 20669
d 1 3550
d 3 20766
d 3 21201
d 1 8945
d 1 17128
d 3 2180
d 3 21373
d 3 4349
d 3 13279
d 1 4008
d 4 20879
d 3 19384
d 5 14293
d 1 18915
d 1 980
d 4 12013
d 5 19585
d 1 23284
d 5 23214
d 1 8155
d 3 2228
d 1 10947
d 1 15748
d 1 13770
d 3 3253
d 1 16342
d 3 9657
d 5 24146
d 4 22159
d 3 1371
d 1 14936
d 1 14460
d 1 8060
d 3 6714
d 3 23425
d 3 9280
d 1 1492
d 4 3912
d 1 6489
d 1 24634
d 1 9524
d 3 14801
d 3 4515
d 1 17871
d 3 1767
d 1 3026
d 4 8762
d 4 20880
d 3 19187
d 3 3743
d 1 9198
d 1 6342
d 3 1191
d 3 10765
d 3 7296
d 3 16677
d 3 886
d 3 6370
d 3 15914
d 5 2012
d 3 18144
d 3 370
d 3 398
d 3 16734
d 3 15606
d 3 14686
d 3 11715
d 4 17994
d 4 1934
d 1 16198
d 3 8958
d 4 16199
d 3 20496
d 4 5830
d 3 14253
d 1 4331
d 3 13067
d 1 4029
d 3 21422
d 3 498
d 3 4407
d 1 17865
d 3 12630
d 1 21015
d 1 9541
d 1 9542
d 3 16890
d 1 10899
d 1 13785
d 3 24699
d 3 20364
d 3 3938
d 1 5676
d 3 14470
d 1 23222
d 4 22402
d 3 3076
d 3 14644
d 5 6693
d 4 7427
d 3 15232
d 1 24882
d 4 7920
d 5 8211
d 5 45
d 1 5199
d 1 2881
d 1 8128
d 1 24481
d 1 18046
d 3 23699
d 3 8276
d 3 19634
d 4 4822
d 3 1296
d 3 2662
d 1 16683
d 3 23049
d 3 1931
d 1 20110
d 1 15482
d 3 2533
d 3 12298
d 3 818
d 3 17418
d 1 7715
d 1 3317
d 1 23906
d 1 4758
d 5 24753
d 1 22697
d 1 24145
d 3 4429
d 3 18078
d 5 11624
d 4 3411
d 1 7815
d 3 8652
d 4 10635
d 1 1754
d 3 20293
d 3 925
d 3 10075
d 3 903
d 3 22543
d 1 13573
d 3 9742
d 3 14234
d 5 17684
d 5 10800
d 1 21042
d 3 4428
d 1 12725
d 1 13058
d 3 24992
d 3 12487
d 3 24802
d 1 17360
d 4 4502
d 1 8177
d 3 13375
d 1 11367
d 3 7632
d 3 10904
d 1 9389
d 3 2358
d 3 24467
d 3 227
d 5 13283
d 3 15065
d 3 700
d 1 8383
d 1 10799
d 1 4842
d 1 7325
d 5 15057
d 1 1680
d 1 23156
d 4 16526
d 3 13055
d 3 6645
d 3 11437
d 3 8174
d 1 14683
d 3 23277
d 1 6954
d 1 20954
d 3 21110
d 4 14045
d 3 1138
d 1 9781
d 3 8873
d 3 2870
d 3 2349
d 1 3155
d 3 8018
d 1 21577
d 1 22492
d 3 16865
d 1 11725
d 1 19945
d 5 2065
d 1 23324
d 1 23325
d 4 19997
d 1 23769
d 3 22060
d 3 16111
d 1 13067
d 1 5665
d 1 9091
d 3 13538
d 1 4295
d 1 4790
d 5 10650
d 1 17641
d 1 6882
d 1 13901
d 1 13902
d 1 13903
d 1 24740
d 3 13568
d 3 24880
d 3 6880
d 3 6881
d 3 6882
d 3 6883
d 3 22199
d 3 4427
d 3 18857
d 4 24080
d 3 18819
d 3 4177
d 3 23189
d 5 14741
d 3 12578
d 5 8679
d 3 22497
d 3 19502
d 3 22243
d 1 9605
d 1 22845
d 3 14680
d 4 13393
d 3 4252
d 3 12146
d 3 13220
d 1 11577
d 5 6269
d 1 6579
d 4 13700
d 3 1545
d 1 8263
d 4 22196
d 1 8877
d 1 20151
d 4 11971
d 3 11077
d 1 16372
d 1 6739
d 3 5614
d 1 16507
d 3 6046
d 1 9430
d 3 15962
d 3 12215
d 1 24066
d 3 22277
d 1 22132
d 3 2936
d 5 9195
d 1 1289
d 1 1288
d 1 1290
d 1 23507
d 3 18072
d 3 18511
d 1 20294
d 3 24588
d 1 5581
d 5 13048
d 1 13433
d 1 16348
d 3 7838
d 3 9186
d 3 14767
d 3 15245
d 4 23119
d 1 1105
d 1 14850
d 3 13757
d 1 9320
d 1 4353
d 1 16103
d 4 4640
d 3 2902
d 1 22644
d 3 15510
d 1 7631
d 1 13514
d 1 19850
d 3 24048
d 5 20157
d 3 24820
d 3 11591
d 3 75
d 3 6391
d 3 4719
d 3 15678
d 3 7024
d 1 4677
d 3 448
d 3 20360
d 1 22396
d 4 9911
d 1 1988
d 3 11096
d 1 23104
d 1 20118
d 5 7224
d 3 7139
d 3 2585
d 4 23105
d 5 2013
d 3 23456
d 1 14587
d 3 13311
d 4 7851
d 5 12399
d 1 21347
d 3 24916
d 3 10641
d 1 19810
d 3 9675
d 1 12845
d 3 19817
d 1 14549
d 3 13094
d 3 8596
d 1 15221
d 3 5123
d 1 6360
d 4 17616
d 3 9029
d 1 8967
d 4 6244
d 1 2980
d 1 1417
d 3 8245
d 3 1102
d 1 23528
d 1 23529
d 1 10575
d 3 16471
d 5 6440
d 1 2591
d 1 9026
d 1 19666
d 1 8475
d 3 24937
d 3 22647
d 3 9306
d 3 12864
d 1 21584
d 1 4609
d 3 12482
d 3 7518
d 3 14977
d 5 8301
d 1 19199
d 1 17004
d 1 21711
d 1 10957
d 1 1404
d 1 10562
d 5 7206
d 3 9170
d 1 10674
d 3 294
d 5 6295
d 1 4273
d 3 19631
d 1 16827
d 1 16828
d 1 16829
d 1 14899
d 1 2607
d 1 19419
d 3 6976
d 1 9283
d 1 24836
d 3 13920
d 1 11904
d 3 20497
d 3 4948
d 1 23942
d 1 12318
d 3 11860
d 1 11022
d 3 10730
d 3 14516
d 1 7172
d 3 11404
d 1 2587
d 3 4606
d 3 14908
d 1 16461
d 3 11095
d 1 1198
d 3 18549
d 3 8665
d 3 7520
d 1 14671
d 4 18725
d 3 10405
d 5 7750
d 3 6165
d 3 4595
d 3 1957
d 1 3532
d 4 19595
d 3 515
d 3 5028
d 3 4594
d 5 11154
d 3 20603
d 1 18293
d 3 13146
d 3 6418
d 1 8186
d 3 8327
d 3 18266
d 3 21034
d 5 16970
d 3 4173
d 1 9543
d 1 19860
d 1 12379
d 5 1514
d 1 15749
d 3 2725
d 3 8023
d 3 14758
d 3 24480
d 1 12134
d 1 24842
d 3 21950
d 1 23367
d 3 7612
d 1 12985
d 1 23770
d 1 4535
d 1 15440
d 1 12798
d 3 19034
d 3 24348
d 1 5566
d 1 14814
d 3 16465
d 4 13155
d 1 9728
d 1 7535
d 1 19623
d 3 20888
d 3 1280
d 1 8053
d 3 23826
d 3 17284
d 1 21578
d 1 23336
d 1 16574
d 1 5388
d 3 24665
d 3 9722
d 4 1226
d 1 21764
d 5 23840
d 1 4151
d 1 24291
d 1 10278
d 1 18108
d 1 23543
d 1 22019
d 1 18749
d 5 14378
d 3 4299
d 1 18880
d 3 11998
d 4 13099
d 1 18034
d 1 16471
d 3 17299
d 3 522
d 4 2382
d 3 18652
d 3 17749
d 3 23626
d 3 17881
d 3 1356
d 1 7067
d 1 4783
d 1 22964
d 1 20609
d 1 3081
d 3 18364
d 1 10545
d 3 7556
d 1 3948
d 1 22026
d 1 21470
d 3 5549
d 1 16373
d 4 12098
d 1 18836
d 5 5228
d 3 3346
d 3 21688
d 1 12539
d 1 18997
d 1 19299
d 3 193
d 5 11246
d 5 19810
d 3 16095
d 1 21451
d 1 21452
d 1 21453
d 3 19592
d 1 2706
d 1 17530
d 1 21558
d 5 9986
d 1 5594
d 5 14582
d 3 2619
d 3 5248
d 1 3461
d 1 15615
d 5 5026
d 3 8154
d 1 7295
d 1 8120
d 3 2136
d 3 6762
d 5 19371
d 5 7052
d 1 13021
d 1 3779
d 1 14696
d 1 10513
d 4 5907
d 3 11694
d 1 19014
d 1 15689
d 1 10984
d 1 13334
d 3 1177
d 4 24911
d 3 10744
d 1 11259
d 4 21505
d 3 16686
d 3 9499
d 3 1030
d 3 20024
d 5 9581
d 3 23679
d 1 9079
d 1 9019
d 3 9951
d 1 14023
d 1 11741
d 5 4898
d 3 13364
d 1 4153
d 3 10892
d 1 13250
d 4 8901
d 3 1809
d 1 7711
d 1 9130
d 3 16348
d 3 5315
d 3 5377
d 3 5378
d 3 8129
d 1 9874
d 3 9385
d 1 11930
d 1 3734
d 5 21092
d 3 19046
d 1 5074
d 1 7012
d 1 4843
d 5 4755
d 1 12701
d 1 2117
d 3 18375
d 3 9471
d 3 9167
d 4 18796
d 3 1264
d 4 20534
d 1 22329
d 1 1086
d 3 11129
d 3 22753
d 1 17831
d 3 1284
d 1 18566
d 1 14688
d 5 2866
d 3 11668
d 1 20590
d 1 16570
d 3 1056
d 1 8942
d 1 23227
d 3 3523
d 5 18757
d 1 12538
d 3 23336
d 5 15921
d 3 11202
d 4 12893
d 1 11389
d 3 6382
d 3 16097
d 5 21567
d 5 14151
d 1 15242
d 3 4642
d 3 15725
d 1 2080
d 1 9442
d 3 6657
d 4 23888
d 1 8377
d 3 11760
d 3 24288
d 3 3867
d 1 19164
d 3 5810
d 1 8974
d 3 9520
d 5 5970
d 3 13610
d 1 17841
d 1 16531
d 3 10295
d 4 10198
d 1 21486
d 5 2592
d 1 1403
d 1 24197
d 1 1443
d 1 11378
d 3 7135
d 1 3224
d 1 3720
d 4 54
d 1 5577
d 3 6594
d 1 1175
d 5 21042
d 1 5277
d 1 10646
d 3 19483
d 1 13970
d 3 17201
d 1 21520
d 5 2771
d 3 17601
d 1 8471
d 3 19879
d 1 12493
d 3 5843
d 1 1486
d 3 718
d 5 18904
d 1 16262
d 3 9747
d 1 17361
d 3 1713
d 1 15453
d 1 13593
d 1 7168
d 3 18260
d 3 23168
d 1 16689
d 1 6001
d 3 7188
d 1 14321
d 4 13384
d 3 18496
d 3 8314
d 3 12539
d 5 13339
d 3 16412
d 1 22254
d 1 17515
d 1 19019
d 5 15863
d 3 9377
d 4 19360
d 1 14329
d 5 9031
d 1 15211
d 1 2119
d 1 7389
d 5 15423
d 3 24821
d 4 23480
d 4 20015
d 4 19505
d 1 22825
d 3 17123
d 4 21247
d 1 17729
d 3 22174
d 3 14010
d 5 10839
d 4 8658
d 3 22843
d 4 12967
d 1 20198
d 1 19428
d 1 20559
d 3 1649
d 1 8141
d 1 8142
d 3 7320
d 1 10392
d 1 1947
d 3 21250
d 3 13271
d 3 2023
d 1 16190
d 1 7683
d 4 22947
d 1 19325
d 1 19324
d 1 19326
d 1 19327
d 1 19328
d 1 17101
d 3 8244
d 3 6053
d 4 9436
d 1 15050
d 1 918
d 3 1525
d 3 14939
d 5 9782
d 4 11304
d 3 8882
d 3 18967
d 1 8718
d 1 11903
d 3 15325
d 1 10763
d 1 17181
d 1 24833
d 1 3226
d 1 6398
d 3 20227
d 5 23102
d 3 5670
d 1 8566
d 1 3152
d 3 12671
d 1 7242
d 4 18210
d 1 23544
d 1 1729
d 3 18275
d 4 13632
d 3 23822
d 1 16184
d 1 6126
d 3 20768
d 1 14014
d 3 22948
d 3 22168
d 1 16437
d 1 15337
d 1 9950
d 5 17788
d 1 4963
d 1 18241
d 3 12196
d 1 13056
d 4 22302
d 3 19610
d 5 2711
d 5 5259
d 3 384
d 4 13624
d 5 23884
d 3 20142
d 1 22114
d 1 5005
d 3 24936
d 3 18867
d 3 8017
d 3 13629
d 3 2621
d 1 20324
d 3 4328
d 3 12993
d 1 8295
d 1 6886
d 1 1852
d 4 8913
d 3 14772
d 3 3339
d 3 12031
d 1 16972
d 1 16188
d 4 18924
d 3 4420
d 3 8965
d 1 20533
d 1 3832
d 3 21645
d 1 19214
d 5 9156
d 1 24764
d 3 18316
d 5 6694
d 5 4421
d 4 9958
d 1 19946
d 1 12084
d 3 10175
d 3 3741
d 1 16332
d 3 2674
d 3 5513
d 1 14422
d 5 8067
d 1 3627
d 1 15134
d 1 954
d 5 2354
d 5 22317
d 3 6761
d 1 17975
d 3 23341
d 1 6853
d 5 19477
d 5 23842
d 1 22193
d 1 13878
d 3 18606
d 3 11493
d 3 8138
d 1 16749
d 1 20440
d 1 20292
d 3 18763
d 4 8381
d 3 15693
d 1 23976
d 5 16830
d 5 21185
d 3 22454
d 3 2050
d 3 21612
d 1 16352
d 3 14184
d 3 7906
d 1 24872
d 1 16025
d 3 9301
d 1 1178
d 3 15095
d 3 10669
d 5 24254
d 3 1452
d 3 15827
d 1 1373
d 1 13584
d 4 4479
d 1 7098
d 1 9860
d 5 14546
d 3 16357
d 3 17753
d 5 9848
d 5 18906
d 3 12351
d 1 18435
d 1 11829
d 3 11870
d 1 20749
d 3 12240
d 1 15251
d 1 8798
d 1 21602
d 3 17049
d 1 2592
d 1 2141
d 1 21523
d 3 22545
d 4 16415
d 3 20238
d 1 2379
d 3 8540
d 3 9474
d 5 11388
d 5 14891
d 5 15852
d 1 24270
d 3 16511
d 3 7267
d 3 17501
d 3 20236
d 1 11035
d 3 11678
d 1 3067
d 1 24336
d 3 3633
d 1 24226
d 3 9007
d 1 2685
d 1 15707
d 1 1684
d 1 12344
d 3 5077
d 1 20948
d 3 23264
d 1 13715
d 1 14743
d 3 5959
d 4 12934
d 1 3476
d 5 17399
d 1 17870
d 1 9947
d 1 10689
d 3 10517
d 1 17776
d 3 7600
d 4 18541
d 3 13763
d 3 509
d 1 15846
d 1 5720
d 4 19173
d 5 5751
d 3 5901
d 1 19278
d 1 16573
d 1 24067
d 1 9491
d 1 6202
d 3 16080
d 5 471
d 5 9030
d 1 7030
d 1 14580
d 3 9521
d 3 19091
d 1 21565
d 1 22566
d 3 17494
d 3 19564
d 3 23337
d 1 10884
d 1 9421
d 3 8975
d 1 2273
d 3 6004
d 4 13984
d 1 23863
d 3 23249
d 3 14014
d 1 3670
d 1 16353
d 1 14593
d 1 11742
d 1 12766
d 3 24489
d 4 12386
d 1 3771
d 5 4204
d 1 6134
d 4 3902
d 4 16249
d 1 18037
d 1 14803
d 3 14948
d 3 18596
d 1 1450
d 1 14543
d 3 24049
d 1 4585
d 1 8492
d 3 15331
d 4 6121
d 1 1574
d 5 5277
d 4 16977
d 1 23584
d 3 18538
d 1 17608
d 3 18213
d 4 16224
d 5 22725
d 1 11905
d 1 18561
d 1 10173
d 1 24659
d 3 11829
d 1 23687
d 3 16087
d 4 8763
d 5 14555
d 3 4075
d 3 21796
d 3 20463
d 3 16670
d 3 13882
d 3 10687
d 1 5564
d 3 419
d 3 12917
d 1 11124
d 1 2910
d 3 15956
d 3 9184
d 3 24457
d 3 17821
d 1 12837
d 3 9984
d 1 4715
d 3 22392
d 4 7533
d 1 1807
d 1 20639
d 1 7272
d 1 14527
d 1 23371
d 3 12662
d 5 3066
d 5 4754
d 1 21510
d 3 6994
d 1 8722
d 1 5181
d 3 19896
d 3 13295
d 3 7863
d 1 13887
d 1 1737
d 3 13457
d 3 23652
d 3 15504
d 3 20758
d 3 15093
d 4 18790
d 3 23729
d 3 16570
d 3 3849
d 3 5726
d 3 19445
d 1 4713
d 4 12942
d 1 12892
d 1 19840
d 3 9608
d 1 13374
d 3 3454
d 3 18188
d 3 5277
d 3 5278
d 3 5279
d 1 7194
d 3 6937
d 1 8505
d 1 13028
d 1 6591
d 3 4408
d 1 24305
d 3 2777
d 3 754
d 1 24594
d 5 1400
d 3 15408
d 3 11837
d 5 11518
d 1 19329
d 3 16547
d 1 23777
d 5 1557
d 3 23368
d 1 13198
d 1 19490
d 5 17894
d 3 16756
d 1 24868
d 1 14942
d 4 2478
d 1 19289
d 3 12294
d 3 21300
d 4 22241
d 1 11526
d 1 8038
d 3 3356
d 1 20373
d 3 5783
d 5 8676
d 1 19061
d 3 5523
d 1 5646
d 1 7434
d 1 20099
d 3 1609
d 1 8335
d 3 12590
d 4 23464
d 3 2581
d 1 4413
d 1 13038
d 3 16884
d 5 7667
d 1 14194
d 4 12520
d 1 8043
d 1 8044
d 1 8046
d 3 18851
d 5 20998
d 5 18901
d 5 9995
d 1 9732
d 1 12858
d 1 20863
d 3 8139
d 1 22762
d 4 12629
d 5 19233
d 3 13666
d 3 3357
d 1 4716
d 3 7110
d 1 10616
d 3 16735
d 3 22308
d 3 24949
d 4 821
d 1 19656
d 3 14285
d 1 24558
d 5 5468
d 1 14130
d 3 728
d 3 1969
d 4 21695
d 1 7632
d 1 153
d 1 19412
d 5 4787
d 1 9625
d 3 20105
d 1 13408
d 1 7440
d 3 12427
d 1 11935
d 5 4258
d 1 11128
d 1 11618
d 3 2858
d 1 7489
d 1 1292
d 5 23957
d 4 22494
d 4 22495
d 4 21995
d 1 22190
d 1 8229
d 1 3721
d 3 4540
d 3 5093
d 3 17046
d 1 10946
d 3 18014
d 1 19812
d 1 5362
d 4 7486
d 3 3754
d 3 6551
d 1 4340
d 4 15034
d 5 15880
d 1 20984
d 3 13186
d 1 2282
d 3 14807
d 1 15786
d 1 11352
d 1 5372
d 5 15460
d 3 10067
d 3 17047
d 3 12070
d 3 3667
d 4 7721
d 3 14209
d 3 24861
d 1 1601
d 3 2812
d 1 2723
d 1 22486
d 5 22021
d 5 13449
d 1 3513
d 1 24124
d 1 24468
d 1 10117
d 3 12849
d 1 23572
d 1 12522
d 1 22872
d 1 21464
d 3 2107
d 1 12295
d 1 8738
d 3 4078
d 3 6655
d 5 6400
d 1 22075
d 3 15117
d 3 21857
d 1 4930
d 1 11902
d 3 2839
d 1 21942
d 1 8529
d 1 13202
d 3 1829
d 1 2775
d 5 18686
d 1 8683
d 3 19922
d 3 6299
d 3 7148
d 5 15042
d 3 6884
d 1 8836
d 3 23866
d 1 6104
d 3 22813
d 1 2628
d 1 23059
d 5 11286
d 3 4316
d 1 12988
d 5 743
d 1 3613
d 1 3615
d 1 3616
d 1 3618
d 3 20750
d 3 7263
d 1 21371
d 3 19400
d 3 4100
d 1 16729
d 3 14938
d 1 11320
d 3 7385
d 5 10265
d 3 19428
d 3 17882
d 3 3063
d 3 13518
d 3 21226
d 3 9561
d 5 20269
d 3 1573
d 1 18344
d 3 17704
d 3 13376
d 3 20286
d 1 3804
d 1 3800
d 3 23639
d 3 23409
d 3 9086
d 3 15239
d 3 16953
d 1 11318
d 1 10144
d 3 9977
d 1 12721
d 3 645
d 1 23326
d 1 13905
d 1 13434
d 3 20656
d 5 19919
d 3 9586
d 4 15594
d 1 8194
d 1 2585
d 1 14934
d 3 16866
d 4 4454
d 1 13548
d 1 19085
d 5 147
d 4 12843
d 1 2531
d 4 910
d 3 19565
d 1 12934
d 1 8129
d 1 21203
d 1 12547
d 3 11935
d 1 20746
d 4 14611
d 1 24324
d 1 17721
d 1 7193
d 3 19798
d 3 12761
d 1 10569
d 1 15301
d 3 221
d 1 10211
d 5 9309
d 3 22225
d 3 14301
d 1 4878
d 5 14877
d 4 22447
d 1 19807
d 1 16695
d 3 5941
d 1 18823
d 3 7302
d 5 13996
d 3 17833
d 1 17576
d 1 9617
d 5 22501
d 3 13758
d 5 5137
d 3 8345
d 5 7728
d 1 11444
d 5 23167
d 5 21671
d 5 23389
d 3 15760
d 3 6153
d 4 6203
d 3 21066
d 3 17445
d 3 328
d 1 19846
d 5 18110
d 5 15401
d 3 18101
d 3 385
d 1 4539
d 3 21673
d 1 11379
d 3 19876
d 5 18302
d 3 1317
d 3 8951
d 1 5737
d 5 8244
d 1 6178
d 1 16878
d 4 543
d 1 2092
d 4 15685
d 1 24997
d 3 22880
d 4 18546
d 1 9449
d 3 17124
d 4 18753
d 1 19295
d 5 22247
d 1 7608
d 3 4154
d 5 2249
d 3 1642
d 1 12141
d 5 3596
d 3 5319
d 1 4522
d 1 10740
d 3 8277
d 5 23964
d 3 2779
d 1 8007
d 3 6243
d 1 12896
d 1 2068
d 3 76
d 3 18049
d 1 16909
d 5 13629
d 4 13633
d 5 23459
d 3 5161
d 1 6851
d 3 16190
d 1 6850
d 3 2930
d 3 8395
d 1 19380
d 3 16231
d 3 14610
d 3 23789
d 1 14741
d 1 3684
d 3 13962
d 3 23010
d 1 2936
d 3 24872
d 5 10725
d 3 19085
d 1 11510
d 1 4791
d 3 8871
d 3 5190
d 1 16077
d 5 8267
d 1 5473
d 3 15758
d 5 719
d 4 12626
d 1 1905
d 3 23701
d 3 7328
d 3 3977
d 1 5282
d 4 22935
d 4 6759
d 4 14094
d 1 23667
d 1 15007
d 1 18637
d 5 21867
d 4 24201
d 3 11233
d 3 23115
d 1 22405
d 1 3039
d 3 20779
d 4 19832
d 3 1924
d 4 21667
d 4 17241
d 3 3162
d 1 3577
d 1 4387
d 1 8472
d 3 5924
d 1 1158
d 4 21102
d 1 20909
d 1 23388
d 3 9309
d 3 19636
d 5 760
d 3 8568
d 3 18163
d 4 131
d 1 18339
d 1 956
d 5 20283
d 3 13773
d 3 10292
d 3 15358
d 3 10061
d 1 7836
d 1 20791
d 1 19781
d 5 18372
d 3 18059
d 3 5280
d 5 4734
d 5 10062
d 3 18354
d 3 6079
d 3 5214
d 4 8354
d 3 9188
d 4 2369
d 3 23700
d 1 16847
d 3 21198
d 4 13218
d 1 3619
d 5 6862
d 3 3699
d 1 21707
d 3 18566
d 3 18573
d 5 19234
d 1 7036
d 1 8047
d 4 4199
d 5 24369
d 5 3536
d 3 9386
d 3 2748
d 1 22828
d 3 19090
d 5 562
d 4 23203
d 3 10615
d 4 3749
d 1 7179
d 1 5289
d 1 20784
d 1 20819
d 1 9511
d 5 24835
d 3 10071
d 1 1219
d 1 14399
d 1 2152
d 5 13098
d 3 9160
d 1 22784
d 4 19977
d 4 19979
d 3 21587
d 3 9549
d 3 11363
d 1 6736
d 3 1810
d 5 7269
d 5 10844
d 3 4064
d 5 20307
d 5 15320
d 3 15858
d 5 20914
d 5 20915
d 5 21984
d 1 18248
d 3 18539
d 1 14537
d 4 20602
d 4 14066
d 1 2707
d 1 919
d 1 12308
d 1 3309
d 3 10483
d 5 13110
d 3 2015
d 1 5909
d 1 14532
d 4 22830
d 3 12551
d 1 5797
d 1 5831
d 5 21870
d 4 11743
d 3 13660
d 5 20682
d 3 21268
d 5 2425
d 4 9344
d 3 16436
d 3 3631
d 3 17891
d 3 20578
d 3 9550
d 1 3156
d 1 6204
d 4 24402
d 1 4133
d 1 14668
d 3 20519
d 3 7435
d 1 19420
d 3 10504
d 5 17528
d 5 5278
d 1 21454
d 1 11308
d 3 12800
d 4 8042
d 3 15470
d 4 8740
d 3 20572
d 1 8963
d 1 3424
d 5 11660
d 3 15702
d 1 18147
d 3 19573
d 3 21456
d 3 17148
d 3 265
d 1 13896
d 1 14179
d 1 9178
d 1 5977
d 1 20106
d 3 18249
d 3 4194
d 1 3302
d 3 23074
d 5 22421
d 3 9641
d 4 6631
d 1 6401
d 4 11453
d 1 17224
d 5 30
d 3 12649
d 5 24149
d 1 3849
d 4 10573
d 3 811
d 5 22368
d 3 11814
d 4 18692
d 1 10031
d 3 20185
d 1 24722
d 1 4558
d 3 24905
d 1 20561
d 3 8185
d 3 2002
d 1 24991
d 5 13326
d 1 11818
d 5 13227
d 3 9589
d 3 21510
d 5 1117
d 1 4665
d 4 9257
d 4 14361
d 4 4243
d 4 24318
d 1 12576
d 4 10687
d 5 23608
d 1 8143
d 3 12140
d 3 13185
d 1 21435
d 3 17409
d 3 4862
d 4 11282
d 1 17066
d 5 15158
d 3 6060
d 3 19723
d 1 7094
d 5 8367
d 1 1683
d 5 8564
d 1 9364
d 3 1782
d 4 5011
d 1 15607
d 3 8745
d 1 13283
d 1 2731
d 3 8810
d 4 10727
d 3 19566
d 3 20562
d 4 24052
d 1 21320
d 3 15628
d 1 1468
d 3 7532
d 1 22943
d 5 8668
d 4 16457
d 1 22231
d 3 6084
d 3 15136
d 1 4126
d 3 2082
d 1 11845
d 1 24038
d 1 17074
d 3 23736
d 3 20239
d 1 17612
d 1 10948
d 5 8173
d 1 21967
d 1 9000
d 3 22005
d 5 16415
d 1 23931
d 4 8428
d 5 17743
d 4 10149
d 4 21184
d 5 5369
d 4 12546
d 4 13284
d 4 7868
d 1 4415
d 3 3476
d 5 6535
d 4 18754
d 1 6314
d 1 9404
d 3 8938
d 5 15233
d 1 11784
d 4 12995
d 4 10686
d 3 405
d 3 21758
d 4 15607
d 1 6205
d 1 9814
d 3 10136
d 4 21287
d 3 2167
d 5 5518
d 5 11963
d 3 15486
d 5 2712
d 5 22963
d 1 3647
d 4 4098
d 4 3028
d 3 7990
d 5 8590
d 1 12507
d 5 13959
d 4 20671
d 4 3400
d 3 11900
d 1 7351
d 3 22996
d 3 23248
d 5 15570
d 5 20160
d 5 11239
d 1 4197
d 3 1750
d 3 6262
d 1 6863
d 4 16253
d 4 16254
d 1 22690
d 5 8245
d 3 15330
d 1 8232
d 4 16296
d 3 20350
d 4 14686
d 1 4081
d 1 19970
d 3 22391
d 3 14690
d 3 1033
d 5 24927
d 4 14774
d 4 24473
d 3 17846
d 3 10710
d 1 9783
d 3 2442
d 1 2735
d 4 13026
d 3 6410
d 5 1294
d 4 1487
d 3 16203
d 3 23471
d 3 22859
d 4 778
d 5 4727
d 1 4986
d 3 22919
d 3 16499
d 3 17906
d 3 3455
d 5 10529
d 3 16085
d 1 21303
d 1 18600
d 3 3036
d 3 22684
d 3 2673
d 4 6384
d 5 2905
d 5 22337
d 4 7834
d 1 3281
d 4 3845
d 1 14526
d 3 10416
d 1 11555
d 3 7311
d 3 7822
d 1 7246
d 3 15485
d 1 10471
d 4 7306
d 5 16033
d 4 12227
d 3 16207
d 3 3204
d 3 13543
d 4 14498
d 4 24461
d 4 20754
d 3 4961
d 1 5645
d 3 23423
d 1 1738
d 1 5086
d 3 575
d 1 6840
d 3 18872
d 4 24694
d 3 9548
d 4 4870
d 1 2338
d 4 9072
d 5 2767
d 3 17780
d 1 19417
d 5 555
d 3 7366
d 4 15888
d 5 17182
d 4 6564
d 4 6565
d 1 2202
d 1 23322
d 1 16811
d 4 10764
d 4 22189
d 5 18024
d 1 6459
d 1 19059
d 4 2447
d 4 12361
d 5 11367
d 4 9399
d 5 3756
d 3 9352
d 5 10455
d 3 8236
d 5 4280
d 3 20228
d 1 19249
d 5 1125
d 5 20205
d 4 17270
d 1 19586
d 1 24157
d 1 23659
d 1 16066
d 5 20119
d 5 20553
d 1 20537
d 1 3004
d 1 15179
d 1 13186
d 3 23937
d 4 15783
d 5 7140
d 4 8950
d 1 8684
d 5 8227
d 1 2588
d 1 7153
d 1 21859
d 4 16933
d 5 3054
d 5 3055
d 5 9930
d 5 7925
d 3 15082
d 5 21614
d 5 7764
d 1 4564
d 3 11337
d 3 17279
d 5 980
d 1 21062
d 3 22691
d 1 19955
d 1 5120
d 5 10245
d 1 3010
d 5 5014
d 5 24848
d 3 2522
d 4 24484
d 3 3401
d 1 22446
d 5 20916
d 4 22733
d 3 16238
d 5 14825
d 3 23597
d 5 10348
d 3 11320
d 3 24780
d 1 6249
d 1 21955
d 5 16748
d 1 20483
d 5 9273
d 1 13932
d 1 9752
d 1 6194
d 5 20108
d 1 23530
d 5 17517
d 3 12929
d 3 9415
d 4 16642
d 5 17146
d 5 17147
d 5 17148
d 3 2811
d 4 22496
d 4 1156
d 1 3083
d 4 22872
d 1 11135
d 3 5506
d 3 11818
d 4 1395
d 3 8642
d 5 18561
d 1 16416
d 4 13428
d 3 5444
d 5 22299
d 3 14026
d 1 6566
d 3 21283
d 5 13528
d 1 2252
d 4 19157
d 4 20200
d 1 13935
d 3 2008
d 5 11108
d 3 8527
d 3 18293
d 5 15803
d 1 23376
d 5 861
d 3 4415
d 4 1741
d 3 15991
d 3 9032
d 3 23410
d 1 13042
d 5 13463
d 1 10442
d 1 3679
d 3 5584
d 5 16646
d 4 20701
d 1 5778
d 1 17115
d 4 17794
d 3 704
d 5 2003
d 5 10752
d 5 7980
d 3 3235
d 1 15945
d 3 16607
d 1 18856
d 1 20278
d 5 11264
d 5 7697
d 4 14004
d 3 17337
d 4 15686
d 3 9374
d 1 16346
d 4 9990
d 3 14934
d 4 18149
d 5 21749
d 4 20555
d 4 9510
d 1 18904
d 4 23202
d 3 20063
d 4 6730
d 3 11518
d 4 1593
d 3 23775
d 3 16656
d 4 10352
d 5 1096
d 3 18546
d 4 9765
d 4 21085
d 5 3517
d 5 11546
d 5 2441
d 1 13192
d 1 9441
d 5 8026
d 5 8027
d 4 8558
d 1 19811
d 4 10709
d 3 20555
d 4 23245
d 3 19439
d 3 4057
d 1 3372
d 1 9640
d 5 1567
d 1 12494
d 4 14978
d 4 16481
d 4 16482
d 1 16417
d 4 19344
d 5 9801
d 4 13219
d 5 14304
d 5 9137
d 1 3324
d 3 14894
d 4 4273
d 5 14568
d 3 21220
d 4 22042
d 4 24107
d 5 23751
d 4 7232
d 5 9972
d 3 15159
d 3 9526
d 3 15490
d 3 19617
d 1 14019
d 3 22040
d 3 7979
d 5 15199
d 4 19848
d 4 16724
d 3 22814
d 5 13243
d 4 19211
d 4 382
d 1 15329
d 4 19306
d 4 20840
d 5 22731
d 5 19051
d 5 2216
d 5 12494
d 1 22517
d 1 19814
d 5 18088
d 4 8801
d 3 20516
d 1 6257
d 5 1471
d 4 18756
d 1 15252
d 5 7756
d 5 7757
d 5 3631
d 1 18227
d 5 16144
d 5 7157
d 4 15824
d 1 4124
d 3 5578
d 1 3745
d 3 11052
d 1 18784
d 1 24568
d 4 5769
d 1 22021
d 4 8703
d 5 12409
d 4 8159
d 4 4338
d 1 10164
d 4 20249
d 1 15589
d 3 7774
d 3 21730
d 4 22290
d 4 9320
d 5 23987
d 5 19375
d 1 8493
d 1 24218
d 1 4771
d 4 2057
d 3 7857
d 4 20241
d 3 1353
d 4 1380
d 3 23173
d 1 11250
d 4 3164
d 1 21487
d 5 4594
d 3 7846
d 1 8391
d 3 19383
d 4 4765
d 5 16459
d 1 16869
d 5 12831
d 1 22100
d 1 22098
d 5 16932
d 4 8286
d 1 22709
d 5 2734
d 4 19981
d 3 4158
d 5 886
d 4 2279
d 5 21900
d 1 14362
d 3 4079
d 4 982
d 4 24678
d 5 10638
d 5 24290
d 3 14097
d 4 19327
d 1 7837
d 3 24810
d 4 12744
d 4 20496
d 5 12455
d 4 22711
d 4 19471
d 4 22277
d 1 15982
d 4 7659
d 5 19699
d 3 6854
d 4 9676
d 1 23672
d 3 22716
d 5 2298
d 1 23409
d 3 14027
d 3 6728
d 5 20807
d 5 10776
d 5 19436
d 5 12421
d 5 24791
d 3 8767
d 5 21266
d 3 5598
d 3 15633
d 3 22474
d 5 5563
d 5 4496
d 4 19974
d 5 24574
d 4 12346
d 1 8166
d 4 5930
d 4 21089
d 1 9456
d 4 14019
d 1 14870
d 5 14569
d 5 4430
d 5 17274
d 4 14242
d 3 2227
d 1 18378
d 3 21940
d 4 13729
d 5 21994
d 3 3928
d 5 16127
d 3 20060
d 1 16607
d 5 2349
d 5 1062
d 5 10701
d 3 9059
d 3 11417
d 4 7050
d 5 5938
d 5 957
d 4 23413
d 5 10399
d 3 24334
d 5 12289
d 1 14970
d 4 17213
d 1 20811
d 5 10764
d 1 24146
d 5 15138
d 3 5603
d 5 23952
d 5 13462
d 3 19437
d 1 909
d 5 19242
d 5 24122
d 1 896
d 4 9656
d 3 13533
d 4 17927
d 1 20897
d 1 10535
d 3 12020
d 5 2356
d 1 6167
d 1 12313
d 5 16112
d 4 7869
d 5 4210
d 4 11122
d 5 5548
d 3 15052
d 3 525
d 1 5626
d 4 10947
d 4 5858
d 5 3056
d 4 19678
d 3 23714
d 5 8121
d 4 24002
d 4 6020
d 3 21708
d 5 13905
d 5 23623
d 5 15034
d 1 3384
d 5 19619
d 3 17970
d 5 16410
d 4 15044
d 5 2845
d 5 13217
d 5 19897
d 1 9398
d 5 1485
d 4 22448
d 4 22932
d 4 22933
d 4 22934
d 3 16115
d 4 24496
d 5 12357
d 3 10565
d 3 16393
d 1 21974
d 1 8844
d 3 7862
d 4 4103
d 5 24785
d 4 15091
d 5 472
d 1 12144
d 4 21225
d 4 2962
d 4 12241
d 5 7434
d 1 13897
d 1 12723
d 5 3981
d 5 2148
d 4 2168
d 5 15657
d 4 206
d 1 2629
d 4 2834
d 5 11749
d 1 15093
d 5 11840
d 5 3073
d 4 234
d 4 6618
d 4 15851
d 5 3045
d 5 6877
d 5 8378
d 3 22167
d 5 23021
d 4 10295
d 4 11812
d 5 21734
d 4 13046
d 3 14447
d 4 8939
d 4 4318
d 4 10409
d 5 18017
d 5 5872
d 5 387
d 5 20057
d 1 5731
d 3 4007
d 5 23111
d 5 16338
d 5 15473
d 1 2803
d 1 5841
d 3 17606
d 5 17120
d 5 24881
d 3 7240
d 4 19844
d 5 14225
d 5 6644
d 4 24740
d 4 19166
d 4 15563
d 4 8651
d 5 754
d 5 21296
d 4 3950
d 1 7273
d 1 18048
d 1 19914
d 5 4114
d 5 11600
d 5 18276
d 5 11900
d 5 12743
d 5 11795
d 5 18690
d 5 10090
d 3 17886
d 4 2245
d 4 10912
d 4 6698
d 4 2564
d 5 14095
d 4 18889
d 4 23192
d 3 7751
d 5 11875
d 5 22202
d 1 15280
d 4 12481
d 5 4404
d 5 484
d 3 15141
d 3 11154
d 4 21162
d 3 73
d 5 20418
d 1 5752
d 1 24017
d 1 3845
d 4 13385
d 1 17377
d 3 24154
d 1 23183
d 5 17403
d 1 7149
d 5 24045
d 1 20912
d 4 14823
d 1 12776
d 4 18159
d 4 3026
d 4 13690
d 5 21006
d 4 8965
d 4 13528
d 3 775
d 1 1205
d 3 10893
d 5 2127
d 4 4257
d 4 18713
d 5 6553
d 4 13160
d 1 14608
d 1 15328
d 5 18898
d 3 9931
d 4 7738
d 5 8581
d 5 20492
d 5 13001
d 3 9953
d 5 16400
d 3 17866
d 4 11635
d 5 20388
d 5 7926
d 3 17188
d 1 8365
d 5 632
d 4 21462
d 5 16200
d 1 1098
d 5 19789
d 3 21267
d 4 24390
d 3 2491
d 3 10130
d 1 11276
d 5 8762
d 5 21406
d 4 19645
d 4 11960
d 4 21758
d 4 20269
d 5 23867
d 4 2835
d 4 2554
d 4 16484
d 3 14497
d 5 6297
d 5 3875
d 4 10323
d 4 15223
d 4 13471
d 3 8280
d 5 3285
d 1 12785
d 3 13514
d 5 21985
d 5 17530
d 3 1085
d 5 2929
d 5 23359
d 4 10585
d 4 10410
d 3 17362
d 5 23168
d 5 19207
d 4 14253
d 3 14907
d 4 12619
d 4 2345
d 3 5715
d 4 11121
d 1 10393
d 5 17058
d 4 23052
d 4 10568
d 4 5504
d 5 20227
d 5 7636
d 5 18317
d 5 8152
d 4 18547
d 4 11578
d 3 17685
d 5 20483
d 3 558
d 4 9568
d 4 9690
d 5 6060
d 4 12395
d 4 13545
d 1 9011
d 5 4499
d 5 10601
d 4 20370
d 1 15711
d 5 4337
d 3 24709
d 3 21216
d 3 19667
d 5 10740
d 1 24331
d 5 19013
d 3 20240
d 3 20475
d 5 23123
d 5 24105
d 4 5105
d 5 22819
d 4 11217
d 5 13007
d 4 2510
d 4 10766
d 5 14182
d 4 24166
d 4 15846
d 5 14909
d 5 14840
d 5 22341
d 3 5354
d 4 5638
d 3 6261
d 1 3999
d 5 15119
d 5 22274
d 5 722
d 3 9370
d 5 11260
d 3 23060
d 5 22887
d 4 20466
d 5 15234
d 4 24748
d 4 2309
d 3 10803
d 1 9527
d 4 23244
d 4 10298
d 5 12582
d 4 1481
d 4 6060
d 5 24075
d 4 21230
d 5 17844
d 5 17123
d 5 19213
d 3 18970
d 4 8875
d 5 8143
d 3 22671
d 1 22744
d 4 4881
d 4 4882
d 4 13868
d 4 7606
d 5 4771
d 5 13446
d 3 20243
d 4 1447
d 5 14480
d 5 14083
d 1 21685
d 5 18028
d 5 15840
d 4 81
d 4 15957
d 4 9796
d 4 18215
d 4 7414
d 4 15608
d 1 18474
d 5 647
d 4 3259
d 3 23411
d 4 10693
d 5 2534
d 4 8747
d 4 21147
d 4 8355
d 5 18430
d 3 16214
d 4 24018
d 5 14438
d 4 6568
d 5 11109
d 3 15250
d 1 16104
d 4 3582
d 4 358
d 4 19307
d 4 8028
d 4 2237
d 4 19590
d 5 3777
d 4 4494
d 4 9689
d 4 23759
d 5 14486
d 4 23085
d 4 3606
d 4 14261
d 5 8923
d 1 24156
d 5 8655
d 4 14492
d 4 707
d 5 21463
d 5 10726
d 4 3977
d 5 16695
d 5 4833
d 1 20906
d 5 333
d 3 321
d 1 6502
d 4 21425
d 5 9634
d 1 10375
d 4 17685
d 5 1097
d 4 1803
d 4 5756
d 4 5916
d 1 2194
d 4 2697
d 4 1056
d 4 14228
d 4 12500
d 3 3051
d 5 10635
d 5 22674
d 4 3127
d 5 720
d 5 15783
d 3 16354
d 5 2058
d 5 8497
d 4 78
d 5 3936
d 5 5344
d 5 4631
d 5 20437
d 5 24446
d 4 20155
d 4 10714
d 1 23410
d 4 15183
d 4 21888
d 5 23547
d 1 8761
d 5 15267
d 5 10146
d 1 15516
d 5 1500
d 5 6084
d 4 9982
d 5 15243
d 5 21556
d 5 22609
d 4 8514
d 5 23484
d 4 1409
d 5 20693
d 5 24407
d 5 21750
d 3 18703
d 5 20308
d 5 5635
d 5 11350
d 5 17428
d 4 15729
d 1 18791
d 4 13181
d 4 6998
d 4 14630
d 4 11592
d 4 23785
d 4 4244
d 5 10673
d 5 9814
d 5 19835
d 4 8906
d 5 3849
d 4 19980
d 4 15051
d 5 2922
d 1 15879
d 5 3527
d 1 24941
d 4 8741
d 4 8292
d 4 1837
d 1 2671
d 4 2968
d 4 22734
d 5 8949
d 4 14802
d 3 15808
d 1 12146
d 5 12772
d 5 1488
d 4 8141
d 3 7380
d 4 614
d 5 1250
d 5 1409
d 4 16935
d 3 24496
d 4 10254
d 4 20952
d 5 20650
d 1 17022
d 5 556
d 4 9123
d 4 23539
d 4 9124
d 4 17979
d 1 2867
d 4 11189
d 4 18155
d 4 23779
d 5 22899
d 5 3320
d 5 650
d 5 24658
d 1 17450
d 5 5582
d 5 22953
d 5 1578
d 5 9973
d 4 15192
d 4 17442
d 4 19158
d 4 4455
d 4 19920
d 4 24289
d 5 20277
d 5 24066
d 1 2422
d 5 4228
d 5 15032
d 4 24793
d 4 20316
d 5 16849
d 5 10034
d 3 22455
d 4 2166
d 5 20311
d 3 18173
d 4 3071
d 4 19212
d 1 5588
d 4 12556
d 5 10305
d 5 21488
d 5 18968
d 4 23755
d 4 23079
d 5 21418
d 5 8028
d 1 16971
d 4 7307
d 1 16030
d 5 1850
d 5 1851
d 5 17780
d 5 19080
d 5 16377
d 1 21106
d 5 21690
d 4 7808
d 4 18080
d 1 13303
d 5 13257
d 5 7362
d 5 12483
d 5 9520
d 4 4823
d 4 927
d 5 16813
d 4 16495
d 1 13492
d 4 21939
d 4 4826
d 4 20206
d 4 3741
d 4 19071
d 5 4075
d 5 6140
d 5 22483
d 5 21240
d 5 3084
d 5 10530
d 4 7465
d 4 6612
d 4 9242
d 4 1083
d 1 20598
d 5 22520
d 5 22941
d 3 2027
d 4 19345
d 5 342
d 5 3749
d 5 3175
d 5 4786
d 4 12311
d 1 3500
d 4 13625
d 4 10447
d 4 9394
d 5 17816
d 3 1562
d 5 10757
d 4 20587
d 4 20409
d 5 8090
d 3 14176
d 5 3371
d 5 3058
d 3 16196
d 5 12328
d 4 19247
d 4 21730
d 3 7861
d 4 10780
d 5 6961
d 5 2435
d 5 3116
d 5 12265
d 5 568
d 4 2145
d 4 17260
d 5 16870
d 4 12478
d 4 9529
d 4 13520
d 4 17437
d 4 13173
d 4 22597
d 5 15889
d 5 22576
d 4 13299
d 4 24609
d 4 3490
d 3 13403
d 4 5548
d 5 5998
d 3 19885
d 5 17089
d 5 8409
d 4 11493
d 4 17287
d 5 3654
d 4 17079
d 5 22900
d 5 15340
d 4 21009
d 5 11381
d 5 1829
d 4 12970
d 5 11506
d 4 24045
d 4 24423
d 3 7971
d 5 9003
d 4 13783
d 3 7694
d 4 1620
d 5 7995
d 3 4552
d 5 14153
d 4 24755
d 3 17965
d 5 10964
d 5 18602
d 4 19176
d 4 660
d 4 21437
d 5 22992
d 5 11021
d 5 1853
d 4 21727
d 5 11483
d 5 11484
d 1 4491
d 5 11592
d 1 24765
d 5 3518
d 5 2865
d 4 10530
d 4 24823
d 3 4931
d 4 20502
d 4 10701
d 4 23496
d 3 15097
d 5 209
d 5 13045
d 4 7993
d 5 6928
d 5 18146
d 5 18546
d 5 4728
d 1 11046
d 4 4660
d 5 5920
d 4 8124
d 1 21119
d 4 10630
d 5 24452
d 4 11482
d 3 18013
d 4 15120
d 4 14804
d 1 9046
d 5 16382
d 5 809
d 4 7728
d 4 18664
d 4 4461
d 4 4252
d 4 16053
d 5 14594
d 3 17189
d 5 20950
d 5 14831
d 4 4392
d 4 3274
d 3 12667
d 5 3315
d 5 936
d 4 21522
d 4 17822
d 5 11536
d 4 19451
d 5 3962
d 4 23784
d 4 8188
d 4 20109
d 4 10765
d 4 8756
d 5 15789
d 5 15474
d 5 7702
d 4 12996
d 4 13772
d 5 700
d 5 8253
d 4 24220
d 5 14250
d 5 18978
d 5 19397
d 4 797
d 4 21943
d 5 19225
d 5 19983
d 5 9928
d 5 20140
d 4 20278
d 4 21149
d 4 19253
d 4 8914
d 4 22377
d 4 16420
d 4 20022
d 3 14132
d 4 20841
d 1 18922
d 5 3232
d 3 9109
d 5 8829
d 4 16243
d 3 15335
d 5 6393
d 3 12322
d 4 18441
d 4 18442
d 4 18443
d 4 4798
d 4 6474
d 5 1901
d 5 22403
d 5 3842
d 4 20906
d 5 16626
d 4 3932
d 4 4804
d 4 11483
d 5 11651
d 4 5746
d 5 18369
d 4 23786
d 4 17998
d 5 10375
d 5 11295
d 4 11043
d 4 7291
d 1 11143
d 5 7758
d 4 3995
d 4 14447
d 5 7871
d 4 20694
d 5 3324
d 5 690
d 5 22613
d 3 8976
d 5 11704
d 4 864
d 4 6221
d 1 13099
d 4 19827
d 4 23992
d 5 6212
d 5 15339
d 5 5446
d 5 10290
d 4 3165
d 4 24789
d 5 6110
d 5 6138
d 5 16778
d 3 7925
d 4 17018
d 4 1418
d 4 22797
d 5 5878
d 4 2836
d 1 6453
d 4 21851
d 4 1381
d 4 23274
d 5 14688
d 4 13773
d 5 4356
d 3 8853
d 5 9552
d 4 18739
d 5 3806
d 4 5918
d 5 341
d 5 83
d 4 4583
d 3 24536
d 5 9547
d 4 11625
d 5 14064
d 5 18343
d 5 16933
d 5 1971
d 4 22433
d 1 18760
d 5 16078
d 5 3481
d 5 24053
d 4 7770
d 5 23693
d 5 2795
d 1 14465
d 3 7105
d 1 11167
d 5 20490
d 5 15627
d 4 22691
d 4 8917
d 4 22205
d 4 9225
d 1 12266
d 5 749
d 3 21470
d 1 6353
d 4 7607
d 5 1928
d 4 1933
d 5 21222
d 1 13435
d 5 17488
d 1 13139
d 4 22614
d 4 154
d 5 9913
d 4 18549
d 4 22409
d 4 22410
d 1 20153
d 4 763
d 4 14555
d 5 350
d 1 21411
d 5 1039
d 5 9674
d 1 15525
d 3 16066
d 1 20141
d 4 602
d 5 4298
d 4 23028
d 5 9073
d 4 2776
d 4 23056
d 4 22598
d 4 3438
d 5 9477
d 4 23337
d 4 13613
d 5 14508
d 5 21286
d 4 5213
d 4 5178
d 5 6395
d 5 21653
d 4 13189
d 4 10646
d 5 20436
d 5 22485
d 5 24981
d 5 10951
d 5 13923
d 5 7589
d 5 10035
d 4 4914
d 5 23523
d 4 9775
d 5 14332
d 4 2342
d 4 14739
d 5 11500
d 3 2769
d 5 5244
d 5 7380
d 3 14843
d 4 21764
d 4 22612
d 4 9862
d 5 14333
d 5 3430
d 5 8791
d 5 16214
d 1 12508
d 4 9090
d 5 6481
d 5 4624
d 4 15852
d 5 3179
d 1 22855
d 5 2436
d 5 18447
d 5 14375
d 5 19411
d 5 6154
d 5 17487
d 1 8696
d 4 4834
d 4 24409
d 4 13955
d 4 23811
d 4 5731
d 1 20891
d 4 14172
d 4 23264
d 4 7320
d 5 2265
d 5 1852
d 5 15416
d 5 8653
d 5 4211
d 1 8864
d 4 11052
d 5 12330
d 4 8605
d 5 11901
d 5 24103
d 5 7289
d 4 6401
d 4 12969
d 5 16735
d 5 4538
d 5 22717
d 4 5008
d 3 24137
d 1 19857
d 4 11440
d 4 3656
d 5 17203
d 5 23657
d 4 2193
d 3 6304
d 5 26
d 5 939
d 3 20894
d 5 21152
d 5 15706
d 5 9583
d 1 10610
d 5 15419
d 4 5505
d 5 23467
d 5 14502
d 4 17530
d 5 20724
d 1 5054
d 4 19667
d 1 3954
d 4 16986
d 4 2550
d 5 11119
d 5 21528
d 1 9317
d 5 11485
d 5 11760
d 4 21629
d 3 5329
d 5 20400
d 4 17377
d 5 21354
d 4 1619
d 5 10579
d 4 8673
d 4 20317
d 4 14822
d 5 4840
d 5 18740
d 4 22781
d 5 10786
d 5 5402
d 3 2676
d 5 14481
d 5 20135
d 4 20208
d 5 8988
d 4 14669
d 4 761
d 4 13492
d 4 23073
d 5 23898
d 5 20438
d 4 18782
d 4 22473
d 4 24499
d 4 826
d 5 16714
d 3 9237
d 5 21702
d 5 24888
d 5 23682
d 5 20075
d 4 9797
d 4 11387
d 1 14962
d 1 14963
d 4 19035
d 5 2261
d 5 16460
d 4 17565
d 4 14968
d 5 16521
d 4 11757
d 4 769
d 5 22162
d 5 8538
d 5 9097
d 4 19109
d 5 2768
d 5 9319
d 5 4037
d 4 8933
d 5 17673
d 4 16560
d 3 16562
d 5 13427
d 4 11995
d 3 22822
d 4 12080
d 5 9602
d 1 16674
d 5 153
d 4 9129
d 5 2257
d 1 3852
d 5 24736
d 4 13013
d 4 12145
d 5 3034
d 5 8477
d 1 17775
d 4 18682
d 4 7779
d 3 8504
d 4 23718
d 5 8279
d 5 7360
d 4 6751
d 5 12301
d 5 17717
d 4 9024
d 5 10168
d 5 22560
d 4 16147
d 4 4760
d 4 23801
d 3 1720
d 4 8125
d 5 5441
d 3 10594
d 5 20747
d 5 9171
d 4 10227
d 5 16610
d 5 15216
d 4 15430
d 5 12979
d 5 15033
d 5 12682
d 4 23148
d 4 5531
d 5 2350
d 1 9292
d 3 13195
d 4 15387
d 5 236
d 4 16894
d 5 81
d 4 9987
d 4 5876
d 5 6997
d 5 3053
d 5 24660
d 5 7754
d 1 22101
d 4 13335
d 5 1621
d 3 9794
d 4 20718
d 5 4338
d 5 7747
d 5 21972
d 5 15317
d 4 15401
d 3 7631
d 4 11835
d 5 2260
d 5 8350
d 4 18232
d 5 518
d 5 392
d 5 15198
d 4 1065
d 5 16054
d 4 7489
d 5 6516
d 4 8646
d 4 10127
d 5 15805
d 4 549
d 4 16316
d 1 21090
d 5 10482
d 5 444
d 5 648
d 4 4766
d 5 11253
d 1 14116
d 5 15176
d 5 5924
d 1 1202
d 4 24387
d 4 5441
d 4 19798
d 4 9744
d 3 24369
d 4 10859
d 5 2714
d 1 21590
d 4 11190
d 1 4905
d 5 11218
d 4 9092
d 4 5279
d 3 13263
d 5 18693
d 5 10210
d 5 6894
d 5 9104
d 4 19016
d 4 2152
d 5 271
d 5 7537
d 4 2106
d 4 15147
d 4 12312
d 4 24426
d 4 8350
d 4 13716
d 4 2988
d 5 9401
d 4 20295
d 4 22758
d 5 23982
d 3 15587
d 4 15746
d 4 20645
d 4 24411
d 5 20445
d 5 2952
d 5 11658
d 5 19913
d 5 14537
d 3 2181
d 5 18358
d 1 24034
d 1 16672
d 5 6601
d 4 24859
d 4 664
d 5 689
d 1 5393
d 4 3112
d 5 5179
d 4 7466
d 4 14781
d 5 9124
d 1 19422
d 5 16881
d 1 3700
d 4 18323
d 5 22930
d 5 22251
d 3 24066
d 4 12863
d 3 937
d 5 6662
d 1 14475
d 4 21201
d 5 289
d 5 7568
d 5 7363
d 5 8611
d 4 13273
d 4 2954
d 3 23562
d 4 282
d 4 23258
d 4 9494
d 5 19475
d 5 23238
d 4 8161
d 4 10847
d 4 23741
d 4 12874
d 4 1410
d 3 5010
d 5 20029
d 5 1760
d 5 13867
d 5 2109
d 5 973
d 1 10245
d 5 18796
d 5 15635
d 4 8629
d 3 21302
d 4 24267
d 4 6128
d 4 15691
d 4 22191
d 3 20860
d 1 4718
d 3 22908
d 5 11906
d 5 5550
d 1 2624
d 5 20886
d 4 5608
d 5 18452
d 4 13442
d 3 24293
d 5 6314
d 3 6419
d 3 19886
d 4 1371
d 4 8189
d 4 16231
d 5 15580
d 3 16366
d 1 10734
d 3 15425
d 4 4001
d 4 16989
d 3 9110
d 3 16644
d 5 4345
d 1 1123
d 4 19172
d 4 24337
d 4 1721
d 5 13070
d 3 20695
d 3 20696
d 4 7614
d 3 21012
d 4 15638
d 5 5234
d 5 20060
d 5 20049
d 4 22128
d 1 22788
d 4 5175
d 4 3973
d 1 1913
d 1 1914
d 1 1915
d 1 14175
d 4 4809
d 4 6086
d 5 24700
d 5 17904
d 5 6778
d 4 22064
d 5 17497
d 5 15537
d 5 3362
d 5 15810
d 4 21542
d 4 1193
d 4 18399
d 4 11552
d 4 14760
d 1 6129
d 4 15971
d 5 14080
d 3 10664
d 3 23426
d 4 22376
d 3 5177
d 1 18727
d 5 8351
d 5 23201
d 3 911
d 5 21553
d 1 20435
d 5 3984
d 5 16456
d 1 1111
d 1 903
d 4 4883
d 1 1873
d 3 2510
d 5 19090
d 1 10497
d 1 3556
d 3 46
d 5 12631
d 4 16188
d 3 15966
d 3 4938
d 4 11579
d 3 22090
d 4 2474
d 5 704
d 4 10875
d 5 16029
d 5 21576
d 1 5579
d 1 16591
d 4 6293
d 3 21778
d 5 9816
d 3 22202
d 3 21007
d 4 22357
d 5 4782
d 4 18523
d 1 21304
d 5 19018
d 4 20513
d 4 12536
d 4 9500
d 4 9126
d 4 24077
d 5 154
d 4 17411
d 3 13906
d 5 3534
d 4 15061
d 4 1642
d 5 19377
d 4 10594
d 4 17513
d 3 22915
d 1 23474
d 4 10884
d 1 11109
d 4 14226
d 5 882
d 5 5571
d 4 23470
d 4 9096
d 4 4415
d 4 6218
d 1 21620
d 5 6172
d 4 8170
d 4 23693
d 3 7037
d 1 5854
d 5 4263
d 4 14349
d 5 18569
d 5 20744
d 5 6358
d 5 24395
d 4 6854
d 4 20156
d 1 12100
d 5 10900
d 4 712
d 4 5104
d 4 14509
d 3 20617
d 4 8650
d 3 6326
d 1 9896
d 4 24738
d 1 12436
d 5 21216
d 5 10504
d 1 488
d 5 1756
d 1 4826
d 5 1728
d 5 1336
d 5 23905
d 5 17984
d 5 18366
d 5 14708
d 5 2335
d 1 16082
d 4 1283
d 5 22702
d 4 15490
d 3 5008
d 4 14058
d 1 3061
d 4 2341
d 1 7145
d 4 6530
d 5 14855
d 5 20636
d 4 2956
d 5 14997
d 1 22886
d 1 22887
d 4 12667
d 5 440
d 1 9586
d 3 19479
d 4 17929
d 4 16780
d 4 13970
d 1 16420
d 3 8150
d 5 20007
d 1 12752
d 3 3475
d 5 20239
d 3 8981
d 5 5522
d 5 15153
d 4 4167
d 4 20633
d 4 2430
d 5 7998
d 5 1340
d 5 4849
d 1 2383
d 4 7946
d 5 18242
d 5 12189
d 1 12564
d 5 17501
d 1 3956
d 1 16564
d 4 13920
d 5 1276
d 5 5583
d 1 11390
d 1 24584
d 3 7347
d 1 5072
d 1 5073
d 4 17611
d 5 17564
d 4 21010
d 3 19850
d 1 6935
d 4 7443
d 5 1431
d 4 9125
d 1 7970
d 5 13979
d 4 9959
d 5 19701
d 4 16313
d 5 1511
d 5 3689
d 5 19655
d 5 15066
d 1 4212
d 3 15588
d 5 13430
d 5 11203
d 3 4591
d 5 1869
d 1 17279
d 5 1162
d 3 1483
d 3 16748
d 4 4985
d 3 7665
d 5 12885
d 5 6070
d 5 24930
d 1 13518
d 3 20461
d 4 1639
d 5 10676
d 4 12963
d 4 7203
d 5 23516
d 5 13158
d 5 15035
d 1 14349
d 5 17897
d 4 11532
d 1 4641
d 1 23553
d 5 5815
d 5 19703
d 1 19331
d 1 22830
d 4 3800
d 4 21569
d 4 19333
d 3 6085
d 4 5328
d 5 5039
d 5 985
d 5 366
d 5 18663
d 1 16933
d 4 16176
d 5 7930
d 5 24863
d 4 1416
d 1 10276
d 5 18662
d 5 9239
d 5 14067
d 3 18609
d 4 64
d 1 12128
d 5 4600
d 4 22285
d 4 14176
d 1 14476
d 5 15110
d 5 16432
d 3 340
d 4 12423
d 1 21762
d 5 17067
d 5 20718
d 4 9368
d 1 22112
d 3 3770
d 4 14955
d 3 24440
d 4 22434
d 4 2249
d 4 21828
d 5 10429
d 3 13134
d 1 1771
d 4 5378
d 4 504
d 3 9179
d 4 8782
d 5 10747
d 5 12204
d 4 13090
d 5 19414
d 4 8457
d 5 3172
d 5 18739
d 5 19208
d 4 17456
d 4 3943
d 5 5698
d 4 6003
d 4 18662
d 4 8344
d 5 528
d 1 22350
d 1 22351
d 4 14793
d 5 23698
d 5 8144
d 5 10468
d 5 15662
d 4 18774
d 1 20166
d 1 8052
d 3 3084
d 3 12202
d 5 22040
d 4 9530
d 5 14389
d 1 8852
d 1 5830
d 3 20272
d 3 3893
d 3 6392
d 1 18409
d 5 2883
d 4 17901
d 4 19994
d 4 6198
d 5 15333
d 5 20419
d 1 7625
d 5 18503
d 5 13331
d 4 11317
d 3 9458
d 5 491
d 4 21097
d 5 5512
d 1 11218
d 1 7901
d 4 3611
d 4 1697
d 1 8961
d 5 19662
d 4 10181
d 5 7059
d 4 7029
d 4 18444
d 5 3158
d 1 9116
d 1 9117
d 1 9118
d 1 9119
d 5 2496
d 3 6588
d 1 19535
d 5 21864
d 4 21742
d 1 9801
d 5 12686
d 3 9758
d 3 9760
d 3 20033
d 5 10723
d 1 6570
d 4 12537
d 4 11271
d 3 11477
d 5 9074
d 4 24838
d 3 19751
d 1 23801
d 1 9992
d 3 1021
d 1 1692
d 4 23115
d 1 18207
d 4 24795
d 4 17782
d 3 11193
d 4 13188
d 1 13841
d 5 18008
d 5 12326
d 3 10088
d 4 21012
d 5 23471
d 5 17898
d 3 19448
d 4 21220
d 5 21221
d 3 9141
d 5 18037
d 1 5666
d 5 24204
d 3 9387
d 5 4688
d 1 18169
d 5 6571
d 3 21381
d 4 2179
d 1 14214
d 3 6523
d 3 1012
d 4 2377
d 5 8078
d 1 16005
d 4 8390
d 5 10298
d 1 5304
d 1 5305
d 1 5306
d 5 14543
d 5 24121
d 4 8690
d 3 3595
d 5 3352
d 5 12251
d 4 18752
d 3 283
d 5 5305
d 1 16844
d 5 3368
d 4 1175
d 1 13755
d 1 7880
d 4 9100
d 3 12357
d 1 6873
d 1 12450
d 1 20347
d 5 11674
d 5 20930
d 5 4924
d 1 24575
d 4 7393
d 5 16776
d 5 2915
d 4 17640
d 4 15039
d 5 12862
d 3 7348
d 4 23416
d 4 16951
d 3 19459
d 3 24204
d 3 6112
d 1 23698
d 4 6627
d 5 7656
d 5 6670
d 1 13733
d 1 11483
d 1 11484
d 1 2857
d 1 1809
d 3 5826
d 4 12798
d 3 11303
d 1 24186
d 5 19293
d 4 22917
d 5 12169
d 3 11714
d 1 3104
d 3 13698
d 1 17718
d 4 17930
d 3 1564
d 4 24254
d 1 13168
d 5 6405
d 3 12565
d 3 10018
d 5 3429
d 1 3439
d 1 17866
d 1 5132
d 3 20203
d 3 10602
d 4 23424
d 5 14501
d 5 5572
d 5 21523
d 3 10898
d 3 16855
d 3 22273
d 4 21096
d 1 19523
d 1 23182
d 1 8108
d 1 18909
d 1 21160
d 1 16334
d 5 10758
d 5 2182
d 1 18471
d 3 17289
d 5 10124
d 5 323
d 1 24772
d 3 17108
d 3 21840
d 4 4679
d 5 15201
d 4 17296
d 5 24256
d 5 8250
d 1 10183
d 1 6936
d 1 24700
d 4 13237
d 4 7917
d 3 21818
d 1 6629
d 4 12899
d 1 22415
d 5 11017
d 4 20886
d 3 24019
d 5 19491
d 1 4730
d 3 18646
d 3 3927
d 5 15433
d 4 14194
d 4 12646
d 3 445
d 5 2061
d 1 22536
d 3 4613
d 5 12149
d 5 212
d 1 10786
d 1 14881
d 1 13724
d 5 22632
d 3 1278
d 4 7913
d 3 16700
d 5 11152
d 4 11248
d 3 147
d 3 15740
d 4 15303
d 1 4626
d 3 12975
d 1 3604
d 4 14775
d 3 6094
d 3 1386
d 1 18461
d 5 2871
d 3 7098
d 1 14313
d 5 15229
d 4 9653
d 1 17332
d 4 968
d 4 3103
d 4 17382
d 4 621
d 3 12473
d 3 18583
d 1 940
d 3 18438
d 5 23724
d 5 19737
d 4 7735
d 5 9419
d 5 19224
d 1 20121
d 3 21984
d 4 3690
d 3 13306
d 3 5331
d 3 18753
d 3 4498
d 4 12501
d 1 14906
d 1 13377
d 1 5616
d 3 6036
d 3 6183
d 5 20141
d 3 21512
d 3 22687
d 3 22688
d 1 12978
d 3 9795
d 5 4720
d 4 18336
d 3 19531
d 3 17022
d 3 1147
d 1 21134
d 3 3866
d 3 12340
d 4 5665
d 1 18115
d 3 3297
d 1 22468
d 3 5986
d 1 24215
d 1 7169
d 3 12160
d 4 1125
d 1 20981
d 3 21511
d 4 13407
d 5 9607
d 3 3488
d 3 3492
d 5 22970
d 4 4353
d 4 13501
d 3 13937
d 5 20909
d 5 280
d 5 13179
d 5 21353
d 1 7971
d 5 9752
d 1 11059
d 4 21771
d 1 2288
d 1 7450
d 3 3428
d 3 273
d 4 4147
d 5 2110
d 3 21290
d 5 14728
d 5 15707
d 4 2251
d 1 23639
d 4 20367
d 4 8757
d 5 11930
d 5 11635
d 5 18799
d 5 20884
d 3 18960
d 5 12905
d 4 6365
d 3 711
d 5 23182
d 4 24150
d 5 12593
d 3 135
d 3 625
d 1 3760
d 3 16645
d 3 8229
d 5 19329
d 4 15296
d 4 3161
d 3 18143
d 1 10822
d 1 10823
d 1 6339
d 1 10515
d 3 2677
d 5 14760
d 3 16266
d 3 9062
d 3 304
d 3 16849
d 1 10986
d 4 1716
d 3 19953
d 5 22047
d 3 5675
d 1 6970
d 1 3651
d 5 12917
d 3 22942
d 4 2040
d 1 13509
d 1 20395
d 4 10435
d 5 17712
d 3 17198
d 5 22771
d 3 5122
d 1 3707
d 5 16842
d 3 17721
d 3 6393
d 4 1594
d 5 21862
d 5 5921
d 3 18328
d 1 24816
d 1 14783
d 3 23533
d 1 8656
d 5 3616
d 5 17888
d 1 2929
d 1 15860
d 1 21400
d 1 13850
d 3 18491
d 3 19937
d 5 21396
d 1 21412
d 1 20570
d 1 2537
d 3 20412
d 3 8275
d 5 19089
d 3 4236
d 4 6403
d 3 15791
d 1 9651
d 3 20149
d 4 6992
d 3 11716
d 1 24629
d 3 17384
d 1 13236
d 1 9738
d 1 6354
d 4 14816
d 1 14686
d 4 19220
d 1 3992
d 3 4251
d 3 7505
d 1 8815
d 5 14189
d 3 14922
d 3 2513
d 3 10019
d 3 13492
d 1 11744
d 4 20083
d 1 2745
d 1 1592
d 1 4168
d 4 22984
d 5 7539
d 1 22906
d 1 23858
d 1 20917
d 5 2481
d 4 8659
d 5 2910
d 1 17237
d 3 24000
d 1 23233
d 5 3528
d 4 8248
d 3 7776
d 5 11027
d 1 14348
d 1 7210
d 3 20869
d 1 9533
d 3 20889
d 1 18667
d 5 6769
d 3 3474
d 3 22707
d 1 20545
d 5 11593
d 3 11478
d 1 9832
d 5 9543
d 1 24684
d 1 17153
d 3 18571
d 1 18652
d 5 829
d 5 8534
d 1 20341
d 1 20342
d 3 12433
d 5 18782
d 1 21336
d 3 9890
d 1 22322
d 3 13633
d 4 18217
d 3 7442
d 1 6999
d 1 1916
d 1 9455
d 1 6740
d 1 23140
d 1 3551
d 3 5699
d 3 12982
d 3 15351
d 3 7377
d 3 12865
d 5 14496
d 1 13966
d 3 21019
d 1 17089
d 1 22822
d 1 7446
d 1 22519
d 1 13399
d 5 13943
d 1 15838
d 3 14347
d 1 4917
d 3 20697
d 5 12492
d 1 5796
d 5 22959
d 3 10610
d 1 20898
d 5 23649
d 5 4750
d 5 23024
d 3 13716
d 5 19670
d 5 19613
d 1 21644
d 1 13252
d 1 23680
d 1 4306
d 5 22289
d 4 15819
d 1 17778
d 3 2744
d 4 21696
d 3 20714
d 5 21813
d 3 13765
d 1 17186
d 1 6416
d 1 20960
d 3 7513
d 4 12253
d 5 5846
d 3 11026
d 1 18728
d 3 17974
d 3 22705
d 3 22706
d 1 20876
d 1 13248
d 3 24815
d 1 8105
d 3 9623
d 1 7319
d 4 6749
d 5 8500
d 4 13548
d 4 13071
d 1 12960
d 1 22594
d 3 23399
d 1 7209
d 4 22364
d 3 16870
d 3 9885
d 1 13109
d 3 18145
d 3 15359
d 3 12819
d 3 21013
d 1 24600
d 1 21367
d 3 17439
d 1 3065
d 1 6778
d 4 9101
d 3 2897
d 1 18185
d 3 13142
d 1 21011
d 1 5243
d 3 15048
d 3 24047
d 4 9693
d 3 24593
d 3 24592
d 3 24594
d 3 10668
d 4 3516
d 1 10636
d 4 12196
d 3 17973
d 1 20223
d 1 15736
d 3 11163
d 3 9964
d 5 14275
d 1 1967
d 1 23248
d 1 23505
d 1 17977
d 3 1237
d 1 1879
d 1 6678
d 3 17790
d 3 16888
d 1 13478
d 3 7467
d 3 3379
d 4 416
d 3 10628
d 1 3790
d 3 23246
d 3 7434
d 1 7177
d 3 8898
d 1 9085
d 1 2196
d 3 24760
d 5 18654
d 1 19603
d 3 12828
d 1 5974
d 3 14664
d 1 1107
d 3 4150
d 1 17815
d 1 22028
d 1 23228
d 3 15287
d 4 1852
d 1 22324
d 1 20976
d 1 24441
d 5 17779
d 5 18653
d 5 4516
d 3 6538
d 1 17037
d 1 24002
d 3 19554
d 4 14013
d 1 15060
d 3 10772
d 3 506
d 5 1590
d 1 14964
d 1 5212
d 3 827
d 3 1656
d 3 23706
d 3 17803
d 3 23956
d 4 16404
d 3 12461
d 5 3356
d 1 6777
d 1 23669
d 1 14346
d 1 6406
d 5 7652
d 1 8449
d 5 20861
d 3 9761
d 3 8529
d 5 15338
d 3 20371
d 3 24120
d 3 20668
d 4 18009
d 3 1169
d 4 6058
d 3 20189
d 1 24171
d 3 11247
d 3 20417
d 5 17674
d 1 9120
d 4 4564
d 3 9174
d 3 20661
d 5 14443
d 3 24381
d 3 9803
d 1 1369
d 3 12173
d 1 2093
d 4 6015
d 1 4795
d 3 2976
d 3 22421
d 4 7976
d 5 10276
d 1 18604
d 1 12062
d 3 8628
d 1 16250
d 3 13615
d 1 13251
d 1 20767
d 3 1148
d 1 18377
d 3 18436
d 5 13749
d 3 19422
d 3 9482
d 1 22755
d 5 9358
d 4 11956
d 5 11418
d 5 23051
d 5 16993
d 4 14422
d 1 1525
d 4 19401
d 3 20182
d 1 16410
d 1 6040
d 3 190
d 3 7660
d 3 23084
d 3 16385
d 1 3381
d 1 7048
d 1 6415
d 1 13014
d 1 19897
d 1 14916
d 3 21819
d 3 647
d 1 15593
d 1 8998
d 3 6358
d 1 1069
d 1 11556
d 3 19793
d 1 13539
d 3 10768
d 3 10853
d 3 17151
d 1 10642
d 1 23962
d 1 23728
d 1 7790
d 1 18569
d 1 22827
d 1 23283
d 3 12695
d 3 11577
d 1 7475
d 1 19867
d 1 3761
d 1 14168
d 1 12641
d 1 15767
d 4 18596
d 3 7497
d 3 5403
d 3 21507
d 3 4237
d 3 7271
d 3 19893
d 1 18583
d 5 20245
d 4 10247
d 5 16853
d 1 11738
d 1 12129
d 3 16355
d 5 14235
d 1 7759
d 1 2837
d 3 6839
d 5 17567
d 1 19018
d 1 6198
d 3 13803
d 5 7765
d 1 7767
d 3 14569
d 3 4423
d 3 12764
d 1 24009
d 1 13306
d 3 23437
d 3 23543
d 1 10170
d 4 18020
d 3 463
d 1 18116
d 1 10059
d 5 269
d 1 21702
d 3 4119
d 3 2758
d 1 4383
d 5 6540
d 1 1028
d 1 6902
d 3 9987
d 3 17136
d 1 1022
d 1 2131
d 1 15617
d 1 9427
d 4 19026
d 1 23176
d 1 19527
d 1 10940
d 3 334
d 1 17322
d 3 1892
d 3 8242
d 3 6074
d 3 14630
d 3 22067
d 1 8417
d 3 23788
d 5 2687
d 1 6125
d 4 21442
d 3 2427
d 1 9802
d 3 1517
d 4 16788
d 1 9059
d 1 6798
d 3 23849
d 5 3180
d 1 6981
d 3 8496
d 1 4714
d 1 11576
d 1 16593
d 3 22686
d 3 2189
d 1 20344
d 3 282
d 5 431
d 3 2343
d 4 23404
d 3 8806
d 1 7167
d 3 23024
d 5 18262
d 4 19194
d 3 14748
d 3 20593
d 4 21998
d 1 9440
d 5 17416
d 1 10913
d 5 372
d 1 19021
d 4 9048
d 4 10628
d 3 10661
d 3 18280
d 5 17760
d 1 5656
d 1 17859
d 1 2638
d 1 2639
d 1 24601
d 4 13221
d 3 2939
d 3 22390
d 3 931
d 5 21371
d 1 11373
d 3 15435
d 1 22352
d 1 6691
d 4 16096
d 3 23908
d 5 17221
d 1 13580
d 1 4731
d 1 23860
d 1 21840
d 3 11266
d 3 7642
d 1 11739
d 3 12525
d 3 7827
d 4 23580
d 3 24589
d 3 21698
d 5 10720
d 3 6912
d 3 9147
d 3 22456
d 5 12607
d 1 16052
d 1 1858
d 4 19580
d 3 7538
d 4 8397
d 3 10806
d 1 17785
d 3 18103
d 3 15913
d 5 22367
d 1 2518
d 3 6420
d 1 24687
d 1 3291
d 3 1106
d 1 17939
d 1 16398
d 3 18707
d 3 5404
d 3 19752
d 1 9287
d 5 3730
d 1 10335
d 1 23442
d 5 21107
d 5 20565
d 1 24236
d 1 1999
d 1 14430
d 1 9092
d 3 12402
d 5 18091
d 4 23629
d 3 8577
d 5 17827
d 4 13991
d 1 16304
d 1 9319
d 3 24
d 3 7204
d 3 2182
d 3 15015
d 3 16767
d 3 3438
d 3 3439
d 3 3440
d 1 20982
d 3 1620
d 1 10159
d 1 17385
d 5 20580
d 3 11488
d 1 16086
d 5 15565
d 3 12664
d 5 9689
d 1 11062
d 1 19982
d 1 3017
d 3 10287
d 3 13746
d 1 1616
d 1 21463
d 4 9702
d 1 21267
d 5 19509
d 1 20404
d 3 21779
d 5 4479
d 1 1628
d 4 14941
d 3 24595
d 5 9404
d 1 2641
d 3 20982
d 4 19346
d 5 8139
d 3 9776
d 1 16981
d 3 21803
d 1 15687
d 1 16124
d 1 9826
d 1 12049
d 3 12417
d 1 9697
d 3 22811
d 3 10271
d 1 23301
d 1 24133
d 1 2549
d 1 1488
d 1 9233
d 1 22271
d 5 12182
d 4 1218
d 5 12648
d 1 9914
d 3 6760
d 1 7038
d 3 21351
d 3 12507
d 1 13638
d 1 3030
d 5 5533
d 3 9899
d 1 13885
d 3 9866
d 3 24085
d 1 14833
d 1 23849
d 3 820
d 3 3600
d 5 21735
d 3 11078
d 5 13751
d 1 10891
d 3 2003
d 3 2426
d 3 6415
d 1 17464
d 5 753
d 1 9733
d 4 24970
d 4 13598
d 3 13883
d 1 14146
d 1 19407
d 1 11694
d 1 20350
d 3 3139
d 3 14746
d 1 4019
d 4 3801
d 1 24597
d 3 5799
d 1 5307
d 1 18166
d 3 8133
d 5 18823
d 1 5422
d 3 22226
d 1 15489
d 3 2797
d 5 14087
d 1 18605
d 3 6175
d 4 15927
d 3 8797
d 3 8798
d 3 15987
d 1 24592
d 4 386
d 1 13705
d 4 6993
d 3 17852
d 3 17778
d 3 17779
d 5 4127
d 5 19265
d 3 16064
d 3 2105
d 3 5100
d 3 23959
d 3 8921
d 5 12215
d 3 16149
d 1 19016
d 3 23579
d 3 2900
d 3 1619
d 4 17948
d 3 8022
d 1 21750
d 5 15289
d 1 16419
d 3 19997
d 1 9534
d 1 17801
d 3 10336
d 1 17016
d 3 10307
d 3 16980
d 3 5085
d 1 13137
d 3 7946
d 1 22484
d 1 18894
d 1 12451
d 5 9664
d 5 21921
d 1 20053
d 1 22609
d 1 4209
d 3 9577
d 3 3295
d 3 16537
d 5 12170
d 1 5963
d 3 3762
d 3 8468
d 1 12867
d 1 3090
d 3 4104
d 1 14383
d 3 18229
d 1 6392
d 1 14764
d 4 15300
d 3 8881
d 3 21006
d 1 1389
d 1 20745
d 1 6066
d 1 8878
d 1 20969
d 5 13560
d 3 4588
d 3 20176
d 3 19455
d 3 13105
d 3 12999
d 1 8574
d 1 3541
d 4 7357
d 4 5023
d 3 7107
d 5 4684
d 3 24610
d 4 21083
d 1 20967
d 1 6006
d 1 9497
d 3 20212
d 4 22850
d 3 19419
d 1 14921
d 5 11070
d 3 21238
d 3 18940
d 3 17341
d 1 10136
d 3 15081
d 5 20880
d 3 20843
d 1 2985
d 1 2986
d 5 10442
d 1 21210
d 3 984
d 1 10271
d 3 21827
d 1 5434
d 1 6228
d 1 16504
d 1 17592
d 3 7591
d 3 19028
d 1 14426
d 3 6785
d 1 5397
d 1 24527
d 4 16987
d 1 8984
d 1 15916
d 4 16073
d 1 11895
d 3 13759
d 1 22268
d 5 23704
d 1 5177
d 3 18888
d 3 5231
d 1 10268
d 5 19168
d 3 7016
d 1 1838
d 3 7845
d 1 21171
d 1 8066
d 3 17524
d 1 16690
d 3 13077
d 4 889
d 3 6646
d 1 20584
d 4 9364
d 1 12230
d 1 18951
d 3 9500
d 3 6172
d 5 7415
d 3 15167
d 1 6695
d 3 4226
d 1 3446
d 1 9392
d 3 2631
d 3 2632
d 3 16879
d 1 7787
d 4 17262
d 1 16780
d 3 18526
d 3 6140
d 1 11622
d 5 24435
d 3 19463
d 3 23787
d 4 9450
d 3 20114
d 3 20368
d 3 19615
d 1 23269
d 5 20495
d 4 18936
d 4 17520
d 3 18575
d 1 16225
d 1 5025
d 5 10553
d 3 10857
d 4 2270
d 1 3154
d 3 17884
d 3 23702
d 5 1420
d 1 8342
d 3 15546
d 5 14921
d 1 12242
d 3 14791
d 1 2536
d 3 24807
d 3 24981
d 1 16172
d 4 23168
d 5 3656
d 5 16783
d 1 5071
d 3 21192
d 3 8100
d 1 23521
d 1 13706
d 5 12425
d 3 18237
d 1 21842
d 4 15450
d 4 1523
d 3 19087
d 3 21389
d 5 713
d 1 11729
d 1 17035
d 1 11508
d 1 6475
d 3 18119
d 1 4235
d 1 15951
d 3 20868
d 3 2772
d 3 10915
d 4 2743
d 1 23270
d 5 23300
d 3 21775
d 3 14656
d 3 8171
d 1 4902
d 3 9910
d 1 6592
d 1 2225
d 3 9422
d 3 21662
d 1 7636
d 3 9572
d 3 7951
d 1 9351
d 5 21485
d 5 18806
d 1 1507
d 3 41
d 5 9153
d 1 7865
d 1 5469
d 5 4240
d 5 16307
d 5 23904
d 5 20156
d 1 18358
d 3 2150
d 4 22210
d 3 23021
d 1 3265
d 4 17654
d 3 5391
d 1 13393
d 5 7270
d 1 19205
d 5 9681
d 5 11947
d 1 11421
d 3 5907
d 3 7949
d 1 6097
d 5 7060
d 1 8296
d 3 5159
d 4 3157
d 3 24132
d 3 8741
d 1 9836
d 1 8892
d 3 21014
d 3 16267
d 3 9988
d 3 23283
d 1 8326
d 5 24734
d 1 13684
d 4 3324
d 1 8991
d 4 24282
d 3 22630
d 1 11485
d 3 23707
d 1 14237
d 1 24472
d 3 18196
d 1 7904
d 3 19621
d 3 25
d 1 22230
d 3 4667
d 3 142
d 4 19440
d 3 22738
d 3 8799
d 1 2436
d 4 23504
d 1 24621
d 3 22423
d 4 24074
d 1 15895
d 5 18267
d 3 23795
d 1 18546
d 1 12215
d 1 11122
d 1 12929
d 3 10347
d 3 21532
d 5 5616
d 1 5037
d 3 18991
d 1 5373
d 3 17513
d 1 23028
d 4 21157
d 3 11248
d 4 6192
d 4 22220
d 3 11793
d 3 7775
d 1 11712
d 1 4844
d 3 15649
d 3 19965
d 5 12832
d 5 12362
d 4 19631
d 1 3070
d 3 2066
d 3 18372
d 1 23805
d 1 12712
d 5 14587
d 1 17056
d 1 14561
d 1 16929
d 1 13806
d 5 12859
d 1 15125
d 1 14217
d 3 14876
d 3 14877
d 1 12629
d 3 16606
d 1 12350
d 5 17111
d 1 3408
d 3 20851
d 3 22197
d 1 20753
d 1 6727
d 1 13541
d 4 20931
d 1 22398
d 1 22399
d 3 5517
d 1 15294
d 1 6019
d 3 24664
d 1 20250
d 3 11819
d 3 8998
d 1 1562
d 1 17320
d 4 3376
d 3 11616
d 4 23919
d 1 16389
d 5 1128
d 3 6825
d 4 20330
d 3 2171
d 4 21202
d 1 21825
d 1 11730
d 5 21722
d 3 987
d 1 10877
d 4 457
d 1 17681
d 1 22843
d 1 11791
d 3 6158
d 1 24523
d 5 3718
d 3 10143
d 1 6681
d 5 24190
d 1 13111
d 1 7763
d 1 22323
d 1 24242
d 3 262
d 3 13141
d 3 4472
d 3 24591
d 1 14857
d 3 13959
d 1 19022
d 1 10938
d 3 4544
d 1 18772
d 3 16984
d 3 12066
d 1 15805
d 1 4389
d 5 364
d 3 8019
d 3 6221
d 3 19024
d 5 14432
d 1 19520
d 1 15015
d 1 20406
d 3 15581
d 5 14274
d 4 2911
d 3 11141
d 3 19250
d 4 12931
d 1 22907
d 1 5852
d 3 10800
d 3 2019
d 3 24841
d 1 6704
d 3 9173
d 3 22206
d 1 17218
d 3 13844
d 4 24158
d 1 19931
d 4 18459
d 5 1999
d 3 610
d 3 2132
d 3 8144
d 3 21999
d 1 20763
d 5 13579
d 3 22538
d 3 9193
d 1 9310
d 1 13661
d 1 3949
d 1 21786
d 3 3988
d 3 21820
d 1 16218
d 1 5576
d 3 8274
d 1 13955
d 3 17380
d 5 17125
d 3 15750
d 3 18023
d 1 10038
d 1 18363
d 3 7006
d 1 11121
d 3 7354
d 3 11393
d 3 278
d 1 4112
d 3 14874
d 1 10704
d 5 3038
d 5 15837
d 5 2756
d 3 3656
d 3 2633
d 3 22131
d 4 8841
d 1 18879
d 1 19354
d 1 13158
d 1 22718
d 3 2327
d 3 16328
d 1 23031
d 4 16717
d 3 6425
d 1 24664
d 3 18448
d 1 9634
d 3 21889
d 4 10047
d 1 11771
d 1 22431
d 3 639
d 4 9727
d 3 16842
d 3 23996
d 3 17740
d 3 18149
d 4 11932
d 1 19400
d 3 8986
d 1 7580
d 3 2643
d 1 11316
d 3 2675
d 3 6279
d 1 7514
d 1 17619
d 1 1982
d 4 13939
d 4 20697
d 3 4548
d 1 19079
d 3 4584
d 1 22348
d 5 17029
d 4 17028
d 3 23452
d 1 23898
d 3 6280
d 4 2674
d 3 10947
d 1 5615
d 3 746
d 5 9495
d 3 4417
d 5 24242
d 3 8348
d 1 23734
d 1 13721
d 4 1473
d 3 22976
d 3 1221
d 3 18271
d 4 9661
d 5 8920
d 3 7503
d 3 2991
d 3 666
d 1 22608
d 5 12608
d 1 18887
d 3 1310
d 4 23383
d 4 19032
d 5 8558
d 3 21263
d 5 7520
d 3 9359
d 1 18882
d 1 19404
d 3 10760
d 1 20024
d 3 18661
d 5 5172
d 4 11703
d 4 17969
d 1 3477
d 1 3389
d 4 4137
d 5 18371
d 1 5130
d 3 24082
d 4 8163
d 1 21324
d 1 10869
d 3 24271
d 3 24583
d 1 20862
d 5 18102
d 1 19332
d 3 136
d 3 6090
d 1 17702
d 3 19063
d 1 11441
d 3 19643
d 3 8381
d 3 7007
d 1 10550
d 4 16397
d 1 1783
d 1 6199
d 1 6593
d 3 15434
d 5 13316
d 1 11595
d 3 1158
d 5 9082
d 5 3848
d 1 2064
d 1 13544
d 5 10496
d 3 20781
d 1 22670
d 3 22972
d 3 11452
d 4 10093
d 3 13410
d 4 16150
d 3 21981
d 1 8359
d 1 19432
d 3 11293
d 1 12806
d 4 21660
d 1 8842
d 3 24917
d 3 6278
d 3 14524
d 4 5311
d 3 10925
d 3 5149
d 1 15657
d 3 5605
d 3 13679
d 4 6900
d 1 4311
d 3 24921
d 4 16944
d 3 22903
d 1 9344
d 1 15777
d 5 13144
d 1 19088
d 1 2550
d 5 8559
d 3 12303
d 3 347
d 3 715
d 5 18396
d 4 3263
d 1 6613
d 3 23383
d 3 3069
d 1 22846
d 3 11872
d 3 8126
d 3 3155
d 3 15556
d 3 6396
d 1 11571
d 3 2256
d 3 3680
d 1 2669
d 1 19759
d 3 5526
d 5 21911
d 1 10351
d 3 24089
d 5 12185
d 1 2987
d 3 2614
d 1 10306
d 3 6190
d 1 1733
d 5 9081
d 4 18712
d 5 20496
d 1 12665
d 1 19015
d 3 5323
d 3 12253
d 1 3552
d 4 20369
d 1 23063
d 1 14790
d 1 2854
d 4 12409
d 3 7512
d 5 18113
d 3 2270
d 3 18845
d 1 10754
d 1 21207
d 1 19228
d 5 7504
d 1 412
d 3 3355
d 3 12200
d 1 8236
d 3 14090
d 1 7805
d 4 24189
d 3 1038
d 4 23377
d 3 3960
d 1 24774
d 3 3819
d 5 10084
d 3 12167
d 3 17572
d 5 12921
d 3 1502
d 3 19660
d 5 22343
d 4 1402
d 4 1401
d 3 8396
d 3 19589
d 1 24266
d 3 18044
d 3 3449
d 4 8123
d 1 13891
d 1 21668
d 1 15425
d 3 14431
d 3 20927
d 3 21243
d 1 11934
d 1 13129
d 1 4421
d 4 24445
d 1 15181
d 1 3900
d 1 8039
d 1 12156
d 1 19495
d 1 20795
d 1 5166
d 3 6227
d 4 171
d 3 10080
d 5 16863
d 3 17329
d 4 6335
d 4 1008
d 3 17167
d 4 8308
d 1 24536
d 4 3113
d 1 24424
d 3 20621
d 3 19518
d 1 7714
d 4 20776
d 4 22571
d 1 11069
d 3 7918
d 5 7480
d 5 24795
d 3 16680
d 1 12047
d 3 5837
d 1 23501
d 1 23255
d 3 18362
d 1 23604
d 3 10807
d 5 19469
d 3 9911
d 3 213
d 3 11574
d 1 8597
d 1 17693
d 3 13971
d 3 22708
d 1 7878
d 1 6632
d 5 3820
d 1 16889
d 1 21739
d 1 13106
d 3 13246
d 3 13712
d 5 10965
d 3 24698
d 3 3592
d 1 9048
d 1 3980
d 3 1847
d 3 7542
d 5 20962
d 1 7352
d 1 1523
d 4 14713
d 5 15146
d 1 4451
d 3 17609
d 4 7335
d 3 5978
d 3 23832
d 4 5937
d 5 7416
d 1 9895
d 1 9276
d 3 17143
d 5 4149
d 4 7303
d 3 20101
d 3 1209
d 1 3128
d 4 17265
d 1 22900
d 3 13244
d 1 2467
d 1 16595
d 5 86
d 3 24202
d 5 11685
d 1 12883
d 3 9368
d 1 22285
d 5 21760
d 3 17
d 3 7959
d 1 18989
d 5 651
d 3 11206
d 4 1757
d 3 5749
d 1 12163
d 1 23527
d 4 24137
d 3 14972
d 1 16465
d 3 14005
d 1 2726
d 3 21528
d 3 2072
d 1 10524
d 1 22365
d 3 2064
d 1 8946
d 4 12553
d 4 2553
d 4 16426
d 1 16936
d 4 1591
d 1 24165
d 3 8297
d 3 18477
d 5 12619
d 1 8811
d 1 24480
d 1 8969
d 3 22648
d 3 13877
d 1 9299
d 3 13801
d 1 18215
d 5 16104
d 3 14812
d 3 22198
d 1 17635
d 1 3315
d 1 1849
d 1 1850
d 4 19913
d 4 17628
d 4 16492
d 1 5384
d 5 7207
d 3 12271
d 1 9101
d 3 6681
d 4 18599
d 5 1036
d 1 1405
d 3 6220
d 3 14612
d 1 10376
d 5 15922
d 3 19222
d 3 8121
d 4 17331
d 3 19188
d 1 15046
d 1 10589
d 4 4730
d 3 20211
d 1 1732
d 1 9098
d 3 20930
d 1 8397
d 3 20160
d 1 14298
d 1 16343
d 3 7504
d 3 5816
d 4 20198
d 3 13309
d 3 7856
d 1 13383
d 1 17896
d 1 11056
d 1 19244
d 3 17921
d 5 13638
d 1 24068
d 1 23094
d 1 12851
d 5 16768
d 1 3592
d 3 3544
d 1 19203
d 3 17920
d 5 24518
d 3 5253
d 1 14521
d 3 4903
d 3 5243
d 3 3868
d 1 18878
d 5 23367
d 1 14685
d 1 23899
d 3 5267
d 1 23759
d 4 17778
d 1 15083
d 3 3606
d 1 9206
d 1 11759
d 1 18441
d 3 14878
d 3 5160
d 1 14267
d 3 10438
d 1 10970
d 4 5303
d 3 14525
d 3 5992
d 3 4307
d 3 24978
d 3 12939
d 3 11481
d 3 21874
d 3 21875
d 3 21876
d 5 7384
d 3 22440
d 3 13318
d 5 23323
d 1 15956
d 4 3218
d 3 860
d 1 24012
d 3 17140
d 1 13523
d 1 23579
d 1 15729
d 1 14493
d 3 12026
d 1 11919
d 5 11703
d 3 8042
d 1 21380
d 5 23986
d 3 12655
d 3 11405
d 3 23883
d 1 3606
d 3 12991
d 3 10013
d 4 1165
d 1 1083
d 5 14801
d 5 18109
d 3 13357
d 1 18691
d 3 4943
d 3 13977
d 3 24168
d 5 14996
d 1 24577
d 1 23032
d 1 6020
d 1 11847
d 3 14160
d 1 20338
d 5 4192
d 1 7922
d 1 20046
d 1 23573
d 3 13632
d 5 10104
d 1 3316
d 3 7920
d 1 10086
d 4 14371
d 1 24899
d 4 232
d 1 5038
d 3 1506
d 1 7132
d 3 3344
d 3 17098
d 3 13777
d 1 23522
d 4 213
d 4 20600
d 3 4305
d 1 13871
d 3 11925
d 3 23525
d 3 12665
d 3 7820
d 1 14461
d 3 17980
d 5 9393
d 1 7358
d 4 22572
d 3 7782
d 4 16766
d 1 19225
d 3 2509
d 1 21910
d 3 9609
d 4 4545
d 1 10430
d 4 1052
d 5 23027
d 3 8851
d 1 2596
d 3 3312
d 1 4093
d 5 17880
d 1 24653
d 1 18640
d 4 3948
d 3 14134
d 5 5436
d 3 10403
d 1 17129
d 3 6055
d 1 20794
d 5 13081
d 3 16746
d 1 21807
d 3 6726
d 5 429
d 3 20747
d 1 13982
d 1 19528
d 4 6263
d 1 11998
d 1 13633
d 1 225
d 1 7080
d 3 18778
d 3 18823
d 1 22122
d 1 14104
d 5 24282
d 1 21805
d 1 12824
d 1 14900
d 3 9680
d 3 14778
d 3 16258
d 3 5466
d 3 12282
d 1 7961
d 4 6826
d 3 93
d 4 7214
d 1 23372
d 4 14589
d 4 13941
d 5 10133
d 3 17650
d 3 17955
d 4 5039
d 3 16109
d 3 17027
d 3 23141
d 4 19599
d 1 18452
d 3 18274
d 1 1251
d 3 23182
d 4 19651
d 3 6857
d 4 15673
d 3 10108
d 3 15511
d 5 24958
d 1 23052
d 5 17078
d 5 6627
d 4 18292
d 3 20120
d 1 12309
d 1 12762
d 3 3050
d 3 3345
d 1 7721
d 1 5205
d 1 5206
d 1 5207
d 3 23853
d 1 21391
d 3 412
d 1 9854
d 1 14453
d 3 2558
d 1 7306
d 1 17155
d 3 19258
d 3 24268
d 3 20852
d 1 24031
d 1 15034
d 1 10782
d 4 16812
d 1 2667
d 3 3394
d 3 7207
d 3 22944
d 3 4956
d 1 21689
d 1 11545
d 4 23675
d 1 21951
d 3 9016
d 1 3528
d 1 8559
d 1 12403
d 3 235
d 3 20976
d 3 23548
d 3 21424
d 3 2000
d 3 21877
d 1 9736
d 3 24262
d 3 8208
d 5 15793
d 1 1207
d 3 431
d 3 7150
d 4 13068
d 1 14245
d 1 21633
d 3 22370
d 3 12278
d 1 22924
d 1 7699
d 3 4695
d 1 17487
d 1 18003
d 5 17526
d 1 8674
d 1 15336
d 3 714
d 1 9743
d 4 9287
d 3 3821
d 1 19003
d 3 16104
d 1 8209
d 1 22003
d 1 1698
d 5 7660
d 4 15983
d 1 2076
d 3 11624
d 1 8947
d 1 4892
d 1 13000
d 1 18801
d 3 14857
d 4 15566
d 3 21095
d 1 8662
d 1 15508
d 1 4444
d 3 19095
d 5 12363
d 3 12451
d 3 11329
d 3 16820
d 3 1077
d 1 11989
d 3 17892
d 3 21920
d 5 16310
d 3 10399
d 3 16765
d 3 24412
d 1 5723
d 1 9570
d 3 21990
d 1 11511
d 3 24918
d 3 15947
d 1 23054
d 3 10131
d 1 12737
d 3 4463
d 1 19174
d 4 21476
d 1 19482
d 1 19484
d 1 24245
d 5 15663
d 3 6430
d 1 10309
d 3 2265
d 5 17504
d 3 10486
d 1 9848
d 1 20977
d 4 8587
d 1 12919
d 1 15771
d 3 11775
d 3 5551
d 3 8757
d 1 24275
d 3 12296
d 1 15173
d 3 9979
d 1 18346
d 1 18156
d 3 281
d 3 19533
d 3 14373
d 3 7939
d 1 17900
d 3 11726
d 5 19694
d 1 13767
d 1 14176
d 3 8987
d 3 19064
d 4 2085
d 1 9703
d 1 18770
d 3 1007
d 1 4378
d 1 5538
d 3 18559
d 1 22084
d 5 1594
d 1 7076
d 1 10686
d 1 18088
d 3 15317
d 3 24498
d 1 15279
d 3 8061
d 3 8305
d 1 7760
d 3 21881
d 3 6755
d 1 22775
d 1 1153
d 1 3378
d 3 3348
d 1 12013
d 3 1165
d 1 7024
d 1 17625
d 3 6747
d 1 16446
d 1 4603
d 3 9999
d 3 24990
d 5 12635
d 5 13033
d 3 8140
d 1 1462
d 5 10368
d 1 22626
d 4 8213
d 1 19245
d 3 15041
d 3 215
d 3 3156
d 5 13350
d 1 10272
d 3 12198
d 1 5109
d 3 2444
d 3 13166
d 3 15770
d 3 19043
d 4 21417
d 1 16291
d 1 24160
d 4 16687
d 3 3577
d 3 861
d 1 14162
d 1 3018
d 1 21901
d 3 21228
d 1 21051
d 3 21518
d 5 5851
d 5 5850
d 1 13203
d 1 13204
d 3 24441
d 4 18266
d 3 21281
d 3 20717
d 3 3973
d 5 18827
d 3 5761
d 3 19311
d 1 9589
d 3 23072
d 5 9489
d 1 2981
d 1 14189
d 1 21740
d 1 13917
d 3 9594
d 1 17579
d 3 21328
d 1 19988
d 1 9917
d 3 18118
d 5 11073
d 3 18465
d 1 10212
d 4 3798
d 4 10123
d 1 14491
d 3 8123
d 3 22061
d 1 13595
d 1 15000
d 1 21516
d 1 3642
d 1 22142
d 3 7998
d 4 19693
d 1 9067
d 1 7844
d 1 9880
d 1 10650
d 3 16041
d 5 17899
d 1 10061
d 1 21381
d 3 20584
d 1 18598
d 1 4461
d 1 11658
d 1 15054
d 1 12894
d 4 15502
d 1 11465
d 1 2308
d 3 12283
d 1 13351
d 3 17786
d 1 24388
d 4 3927
d 1 8016
d 3 13188
d 3 2299
d 4 4398
d 3 5623
d 1 22580
d 3 7848
d 3 16002
d 3 13423
d 1 6969
d 1 3352
d 5 18252
d 4 9104
d 1 7799
d 3 4678
d 1 12453
d 1 9686
d 5 4811
d 1 19847
d 4 16458
d 5 18018
d 3 20245
d 5 8550
d 1 20122
d 1 5287
d 1 8889
d 1 12639
d 3 19225
d 3 11761
d 3 3153
d 3 24808
d 1 14678
d 3 23287
d 3 19305
d 1 14884
d 1 10106
d 1 19206
d 1 9138
d 4 10890
d 4 4922
d 3 11456
d 1 11134
d 1 19081
d 3 13893
d 3 4089
d 1 20963
d 3 17670
d 3 4926
d 1 12001
d 4 3577
d 3 8855
d 3 9920
d 1 2506
d 1 14148
d 3 23228
d 3 17537
d 3 6439
d 1 3072
d 5 20497
d 1 13425
d 1 14420
d 4 13065
d 1 9321
d 1 11176
d 5 1027
d 5 7709
d 1 13276
d 1 12304
d 1 3336
d 3 23360
d 3 7101
d 3 4925
d 1 7550
d 3 4857
d 5 1612
d 3 6667
d 3 824
d 3 18664
d 3 13235
d 1 14359
d 4 13536
d 3 4524
d 3 1088
d 4 9698
d 4 19604
d 3 4722
d 3 7166
d 3 7168
d 5 14387
d 4 15237
d 1 24516
d 3 13796
d 1 12388
d 3 20646
d 1 6541
d 3 10223
d 1 21213
d 3 13208
d 3 13209
d 3 13210
d 3 17573
d 4 21829
d 5 11377
d 3 2648
d 1 8594
d 3 16135
d 1 1853
d 1 7989
d 1 20204
d 1 14967
d 3 10558
d 3 11926
d 5 3821
d 3 22054
d 3 23540
d 3 23541
d 5 22248
d 3 21172
d 4 14651
d 4 2476
d 1 2142
d 1 18824
d 3 22763
d 3 18850
d 3 23592
d 3 8469
d 4 10598
d 3 341
d 3 5475
d 1 5271
d 3 11059
d 3 630
d 3 11482
d 5 18812
d 5 195
d 1 9725
d 1 17308
d 1 17554
d 3 12330
d 1 23306
d 1 22420
d 3 17248
d 3 24283
d 4 3673
d 3 2272
d 5 3519
d 4 8112
d 3 5710
d 1 9467
d 3 6997
d 3 13068
d 3 15461
d 3 8218
d 1 21438
d 3 8091
d 3 22626
d 4 23661
d 3 9362
d 1 23574
d 1 1016
d 3 1613
d 1 18028
d 1 24071
d 3 10539
d 1 11780
d 4 23255
d 3 12776
d 3 3857
d 4 4734
d 3 15078
d 1 8438
d 3 23235
d 1 21047
d 3 1508
d 4 10312
d 1 6018
d 1 17199
d 3 3038
d 3 3681
d 1 17897
d 1 22583
d 3 12272
d 1 21667
d 5 5465
d 3 14677
d 5 24139
d 3 18692
d 5 9501
d 5 24468
d 3 2583
d 1 15368
d 1 15814
d 4 233
d 1 2704
d 3 7071
d 1 17481
d 3 24203
d 5 16982
d 4 10097
d 1 17276
d 3 5995
d 1 8762
d 1 19990
d 1 19991
d 3 18574
d 5 1218
d 3 16450
d 3 17107
d 5 8514
d 1 24759
d 4 9341
d 1 2354
d 1 22400
d 4 5970
d 4 20279
d 3 20589
d 1 9823
d 1 11268
d 1 24674
d 1 19496
d 1 5554
d 3 11788
d 1 2755
d 5 1569
d 3 20931
d 1 5208
d 1 3974
d 3 8521
d 3 15278
d 1 3661
d 1 23741
d 3 12557
d 4 18145
d 3 2231
d 1 13205
d 3 6155
d 1 8577
d 3 7721
d 1 9744
d 1 16370
d 5 11488
d 1 24979
d 3 3006
d 1 10448
d 1 11853
d 3 12162
d 3 19150
d 5 7229
d 4 23453
d 1 12385
d 5 18956
d 4 14224
d 5 1972
d 3 24070
d 1 22642
d 1 11544
d 1 14775
d 3 9888
d 1 12572
d 1 1541
d 3 15828
d 1 16472
d 3 21137
d 3 7914
d 3 5687
d 1 5597
d 1 6474
d 1 14414
d 1 16621
d 4 16985
d 1 24710
d 3 11218
d 3 24196
d 3 5751
d 1 23866
d 4 23376
d 1 4430
d 1 8064
d 3 15336
d 3 13983
d 3 20275
d 1 8424
d 3 7970
d 1 22495
d 3 18765
d 1 12682
d 4 2491
d 1 17705
d 3 8734
d 1 18996
d 4 4923
d 3 7455
d 4 13122
d 3 1206
d 1 251
d 3 22845
d 1 8084
d 1 10274
d 1 24688
d 3 15896
d 1 18199
d 3 19661
d 1 2651
d 1 19674
d 1 24863
d 1 15391
d 5 9550
d 3 20909
d 1 6184
d 3 2001
d 3 19443
d 3 23800
d 1 6273
d 5 11327
d 1 22308
d 1 2101
d 3 5367
d 1 12804
d 4 153
d 3 22563
d 5 24724
d 3 277
d 1 13208
d 4 24326
d 5 1428
d 1 7938
d 4 23184
d 1 6904
d 3 6682
d 1 15816
d 3 10684
d 1 17700
d 1 7724
d 1 21374
d 3 665
d 3 12554
d 1 18744
d 3 21583
d 1 10179
d 1 13768
d 3 17679
d 4 19597
d 3 3637
d 3 11529
d 1 19665
d 3 23924
d 4 3025
d 3 24390
d 3 17743
d 1 9941
d 4 22500
d 3 24236
d 3 9281
d 3 2383
d 1 11273
d 1 15893
d 1 20829
d 5 16897
d 3 16288
d 3 5801
d 1 5624
d 4 21404
d 5 16042
d 4 11742
d 4 22883
d 3 20520
d 1 23461
d 3 10187
d 3 14633
d 3 813
d 1 20743
d 1 6145
d 1 6379
d 1 24964
d 1 10329
d 3 18560
d 4 22498
d 5 2556
d 4 12082
d 1 7814
d 3 10662
d 3 5868
d 1 2632
d 3 8470
d 3 17348
d 3 7405
d 3 18608
d 4 21587
d 3 2496
d 3 12785
d 5 15655
d 3 22185
d 3 4046
d 3 22992
d 3 5737
d 1 7126
d 3 10419
d 1 15003
d 5 12208
d 1 6222
d 1 13967
d 3 17982
d 1 16782
d 1 19457
d 3 3652
d 3 3653
d 3 7063
d 3 7594
d 4 14517
d 3 3062
d 3 12374
d 3 10193
d 5 10559
d 1 5925
d 1 19041
d 4 2693
d 1 16068
d 3 2548
d 5 9666
d 1 8962
d 1 16204
d 4 15622
d 4 21736
d 4 20325
d 3 20283
d 3 8941
d 1 16349
d 1 17567
d 1 1410
d 1 10556
d 1 12630
d 4 12564
d 3 18388
d 3 6135
d 5 8450
d 1 13861
d 3 12425
d 4 11364
d 3 1985
d 4 7143
d 1 18442
d 3 8591
d 5 18622
d 3 19546
d 1 14912
d 1 1888
d 4 11160
d 3 11923
d 3 19845
d 1 8443
d 1 7422
d 3 18355
d 1 18627
d 1 11770
d 1 24753
d 3 9098
d 4 3593
d 4 23687
d 3 20213
d 1 15401
d 3 7828
d 3 21891
d 1 16050
d 1 19056
d 1 10687
d 4 4593
d 1 6721
d 4 5673
d 3 10761
d 5 4458
d 3 19189
d 5 7124
d 1 9176
d 5 12280
d 3 7490
d 1 8239
d 5 2389
d 3 21294
d 3 20337
d 1 21568
d 3 17774
d 3 14465
d 1 17227
d 3 14047
d 5 23456
d 1 6920
d 4 13778
d 3 1260
d 1 17687
d 5 3233
d 5 16666
d 3 8188
d 4 13006
d 5 18464
d 3 9205
d 1 19809
d 3 13700
d 1 13714
d 1 3946
d 4 488
d 5 6046
d 1 22669
d 1 7831
d 3 4021
d 1 933
d 1 13266
d 1 7361
d 3 687
d 4 23392
d 1 6830
d 3 122
d 3 23227
d 3 21170
d 1 10156
d 3 5001
d 3 8777
d 3 19583
d 3 8928
d 3 17294
d 3 9063
d 3 9065
d 5 11242
d 4 6659
d 1 12152
d 1 15856
d 4 1611
d 1 9150
d 1 15174
d 1 10499
d 4 17255
d 3 17561
d 1 12236
d 3 12989
d 1 10451
d 4 20909
d 3 19386
d 3 348
d 4 12148
d 3 24611
d 1 12841
d 1 5823
d 1 5771
d 1 19036
d 3 3970
d 3 22362
d 3 1840
d 3 4493
d 3 4494
d 4 10350
d 1 9229
d 1 1440
d 3 8212
d 1 14875
d 3 22622
d 1 6940
d 1 18820
d 1 4732
d 3 14138
d 3 14605
d 3 14606
d 1 7102
d 5 19324
d 3 3620
d 3 12075
d 1 14360
d 3 3517
d 1 5477
d 3 22333
d 4 11885
d 1 21460
d 5 16898
d 4 23633
d 1 19491
d 3 768
d 3 5069
d 1 1334
d 3 51
d 5 19587
d 3 2915
d 1 20175
d 1 17695
d 4 8545
d 3 11514
d 1 2084
d 5 4644
d 3 11596
d 4 5099
d 4 5057
d 3 21705
d 3 9077
d 1 16399
d 3 2708
d 5 5209
d 4 14087
d 3 19842
d 1 4419
d 1 7075
d 3 6579
d 3 18470
d 3 7769
d 5 15596
d 3 24848
d 3 3393
d 3 20504
d 3 13275
d 4 12767
d 3 12470
d 1 20696
d 3 22393
d 1 7984
d 1 17206
d 3 6464
d 1 9779
d 5 21230
d 3 1863
d 3 1855
d 3 9196
d 3 15103
d 3 23402
d 1 16338
d 1 13994
d 3 11630
d 3 17823
d 1 9435
d 4 9036
d 5 23678
d 3 11550
d 1 16694
d 3 10050
d 1 16970
d 3 16259
d 1 12610
d 1 17376
d 1 8132
d 3 15017
d 3 4344
d 3 14036
d 1 7738
d 1 23749
d 4 4633
d 1 1003
d 1 10040
d 3 5540
d 3 4769
d 1 7248
d 1 9710
d 3 3223
d 3 12605
d 5 11298
d 4 17847
d 3 11686
d 1 23272
d 1 22108
d 4 4984
d 5 19389
d 1 22745
d 3 6998
d 1 21795
d 1 21708
d 3 4200
d 4 6419
d 4 13369
d 1 18423
d 1 16957
d 1 5822
d 4 13304
d 1 1522
d 5 13250
d 3 5933
d 4 4580
d 1 3113
d 1 9940
d 1 2768
d 1 10280
d 1 9472
d 1 17415
d 4 8024
d 1 12477
d 3 22835
d 1 23523
d 3 10
d 3 19282
d 3 5216
d 1 24763
d 3 21558
d 3 6510
d 3 12668
d 4 16955
d 3 5490
d 1 24923
d 1 7981
d 1 13526
d 5 22940
d 1 8994
d 1 14711
d 1 17492
d 1 18490
d 1 24749
d 5 12359
d 1 10692
d 3 4026
d 1 22004
d 1 7035
d 1 1941
d 1 18197
d 1 7401
d 5 23676
d 3 9134
d 5 19348
d 1 8220
d 3 21681
d 3 24100
d 3 8232
d 3 16303
d 3 17792
d 4 10490
d 1 14728
d 3 12949
d 3 24248
d 4 13336
d 1 6388
d 1 17204
d 3 7940
d 4 16265
d 3 24541
d 1 18869
d 1 20663
d 3 4382
d 1 19749
d 4 16813
d 1 13546
d 1 3586
d 1 1167
d 3 2352
d 1 8164
d 3 9906
d 1 23703
d 3 13594
d 1 9616
d 1 19992
d 3 8177
d 1 21883
d 3 7331
d 1 13196
d 3 5555
d 1 10418
d 1 16792
d 3 15887
d 3 4738
d 1 8795
d 4 6499
d 1 7031
d 5 1864
d 3 12142
d 4 6188
d 3 11476
d 5 16485
d 3 15986
d 5 22393
d 1 1441
d 3 2417
d 1 20480
d 3 22409
d 1 17890
d 1 10816
d 3 4978
d 1 19197
d 3 5115
d 3 14189
d 4 19689
d 3 20966
d 1 15335
d 1 18943
d 1 19989
d 3 23184
d 3 16747
d 3 17411
d 1 8074
d 1 10452
d 1 9700
d 1 13032
d 1 3182
d 4 7610
d 3 23659
d 3 20464
d 3 22864
d 1 9121
d 1 17636
d 5 3830
d 4 12945
d 3 12259
d 1 18944
d 1 16427
d 4 23880
d 3 8528
d 3 8774
d 1 19094
d 4 20781
d 4 1971
d 3 7293
d 1 19070
d 1 18020
d 3 5106
d 3 12959
d 3 6320
d 5 23145
d 4 20919
d 5 9302
d 4 19603
d 3 15569
d 3 17088
d 5 22394
d 3 24559
d 3 9872
d 4 16988
d 3 2739
d 5 7129
d 3 2194
d 1 9855
d 3 3362
d 3 20585
d 3 14331
d 3 52
d 1 13906
d 3 9734
d 4 19397
d 4 22566
d 3 24765
d 5 13349
d 4 9870
d 1 20058
d 5 19064
d 5 5358
d 1 20626
d 3 11386
d 1 9334
d 3 8867
d 1 9615
d 3 21679
d 1 10735
d 5 8501
d 3 12697
d 1 17010
d 4 21444
d 1 3988
d 5 13004
d 3 5013
d 1 10990
d 1 16840
d 3 14969
d 1 14068
d 1 13542
d 3 13006
d 3 19907
d 3 9878
d 5 4829
d 3 24069
d 4 2761
d 1 12684
d 5 20240
d 1 14268
d 1 18726
d 3 21147
d 3 13433
d 4 12707
d 1 22902
d 3 15642
d 1 23779
d 3 7225
d 1 7432
d 1 19649
d 5 4653
d 3 15495
d 3 907
d 3 23315
d 1 15552
d 5 11476
d 3 668
d 3 9125
d 3 854
d 3 13589
d 3 10978
d 1 10138
d 3 6101
d 1 23798
d 3 19297
d 1 13190
d 1 16753
d 3 19277
d 1 24643
d 3 13215
d 3 6027
d 3 14483
d 3 14484
d 3 14485
d 5 14960
d 3 2344
d 3 19312
d 5 21144
d 4 8909
d 5 23938
d 1 24080
d 1 1446
d 3 17981
d 1 24435
d 3 1366
d 1 1734
d 1 6173
d 3 867
d 3 21259
d 3 22564
d 1 11166
d 3 8865
d 1 11351
d 3 11331
d 3 2659
d 5 20056
d 3 2830
d 3 23252
d 3 22834
d 3 13771
d 3 11398
d 3 5268
d 3 24653
d 3 10487
d 1 2045
d 4 17365
d 5 13480
d 3 5702
d 3 23327
d 4 11660
d 3 5621
d 3 19290
d 3 3192
d 1 3237
d 5 2823
d 1 4059
d 1 21538
d 3 22887
d 3 22888
d 1 20507
d 3 8278
d 3 22323
d 1 1343
d 3 24984
d 3 10492
d 3 13012
d 5 9513
d 1 18835
d 3 15384
d 1 6150
d 4 19843
d 1 16812
d 3 7860
d 3 5083
d 3 5084
d 1 24466
d 1 1848
d 1 19550
d 4 14466
d 3 14668
d 3 8978
d 3 10407
d 4 6937
d 1 14679
d 5 3128
d 3 2745
d 3 11810
d 1 13309
d 1 23800
d 3 15219
d 1 11688
d 1 24110
d 5 14118
d 3 19152
d 3 19206
d 5 17728
d 3 20265
d 1 9660
d 1 13968
d 1 1254
d 3 19331
d 1 14072
d 1 14539
d 1 9122
d 3 16556
d 1 12412
d 1 23797
d 3 24689
d 3 16000
d 1 2321
d 4 20869
d 3 10155
d 1 9724
d 5 13457
d 3 5175
d 3 8512
d 3 17181
d 3 219
d 4 8208
d 3 7554
d 3 11707
d 3 19145
d 1 15224
d 3 16623
d 3 22341
d 1 22035
d 3 734
d 1 18061
d 1 15770
d 3 12074
d 3 23259
d 1 5706
d 5 2964
d 1 1344
d 3 130
d 1 10128
d 3 776
d 1 16696
d 1 1554
d 3 13104
d 3 2421
d 1 19718
d 3 14657
d 1 13598
d 5 4522
d 1 3323
d 1 11616
d 1 7541
d 3 15570
d 5 14745
d 5 4419
d 1 23947
d 3 20737
d 3 4055
d 3 6902
d 3 4137
d 4 17943
d 5 17992
d 5 17991
d 3 22280
d 1 13641
d 3 19160
d 3 8405
d 1 24132
d 1 15320
d 3 2817
d 1 18792
d 5 19813
d 3 14317
d 4 16161
d 3 13675
d 1 11034
d 3 12534
d 3 19906
d 1 17583
d 3 7214
d 4 5732
d 1 9223
d 3 5935
d 3 4012
d 1 15659
d 3 18244
d 3 1269
d 1 10792
d 1 24322
d 3 13720
d 3 3875
d 5 19777
d 3 4855
d 3 4856
d 3 1680
d 3 16445
d 1 14893
d 3 1511
d 3 17871
d 1 20907
d 5 10841
d 3 19177
d 4 12946
d 3 6633
d 5 23013
d 3 15765
d 1 6741
d 1 14454
d 3 6722
d 1 21587
d 1 10416
d 1 19879
d 3 11933
d 1 9231
d 3 292
d 3 23191
d 5 16772
d 1 17339
d 3 7825
d 3 8021
d 1 14670
d 3 19021
d 5 16055
d 5 3432
d 1 10724
d 1 17711
d 1 11490
d 1 11073
d 5 20548
d 3 24402
d 3 13510
d 3 8586
d 1 5131
d 3 4311
d 1 23286
d 1 9228
d 3 21462
d 3 13913
d 3 19487
d 3 22751
d 4 16826
d 3 7941
d 1 11645
d 3 14891
d 5 4759
d 1 14374
d 3 4927
d 3 555
d 3 23435
d 1 16383
d 3 14435
d 1 23411
d 1 23078
d 3 18489
d 3 8467
d 3 2211
d 4 13214
d 5 1654
d 3 14571
d 3 13347
d 3 14640
d 1 18601
d 3 6412
d 3 24468
d 1 24910
d 1 5787
d 4 6800
d 3 18687
d 3 21025
d 3 5108
d 3 20718
d 3 19995
d 4 11386
d 3 7279
d 4 16536
d 3 23361
d 1 8711
d 1 12063
d 1 16670
d 1 18782
d 3 14749
d 1 3387
d 1 18700
d 1 19176
d 3 21554
d 1 14254
d 3 6316
d 3 594
d 3 22523
d 3 15605
d 3 3304
d 1 2342
d 3 15739
d 1 18730
d 1 21117
d 3 19521
d 5 14612
d 1 9856
d 4 21171
d 3 4965
d 1 13547
d 3 669
d 5 17202
d 3 13211
d 3 22447
d 1 13185
d 1 13569
d 3 7523
d 3 7889
d 3 7891
d 1 20049
d 3 23893
d 3 4385
d 3 7730
d 3 14117
d 1 7569
d 5 22617
d 1 8796
d 1 19881
d 1 9868
d 1 9869
d 4 2410
d 1 10027
d 1 7382
d 3 14932
d 5 12759
d 5 7986
d 1 10311
d 3 2061
d 5 8499
d 1 16633
d 1 1623
d 3 8118
d 1 19242
d 1 1610
d 3 13814
d 3 16689
d 5 1994
d 3 9066
d 4 10486
d 1 11726
d 3 11599
d 3 18273
d 1 19941
d 3 24376
d 1 5921
d 1 5922
d 1 17642
d 4 1923
d 1 4259
d 1 2470
d 1 3676
d 3 19816
d 1 19221
d 3 4495
d 1 5210
d 1 1844
d 1 9384
d 1 5490
d 5 4414
d 5 24922
d 5 15573
d 3 18344
d 1 13792
d 1 8637
d 3 11811
d 3 20582
d 3 13701
d 3 18412
d 5 17194
d 5 7053
d 1 20329
d 3 5659
d 3 11084
d 3 3895
d 3 20805
d 5 19616
d 3 11911
d 1 19564
d 1 24023
d 3 12091
d 1 6571
d 4 3055
d 1 12533
d 1 7593
d 4 4664
d 3 4811
d 5 16295
d 3 20204
d 1 4338
d 1 18870
d 4 8818
d 1 21591
d 5 11120
d 1 12269
d 1 13805
d 3 24800
d 3 4796
d 3 3882
d 1 18741
d 3 15077
d 1 20726
d 3 23511
d 1 18012
d 1 22748
d 1 12922
d 3 12229
d 3 12086
d 3 9230
d 5 6250
d 1 15369
d 1 1545
d 4 17958
d 4 22254
d 4 24187
d 5 3099
d 3 9813
d 1 10527
d 3 7413
d 4 19560
d 1 22314
d 1 2217
d 3 24068
d 3 2332
d 1 13620
d 1 14956
d 1 19692
d 3 10247
d 1 18010
d 4 8414
d 3 12935
d 1 4773
d 1 12690
d 1 16528
d 3 7549
d 1 11139
d 3 10722
d 3 14550
d 3 7997
d 3 14760
d 3 21541
d 1 910
d 3 19033
d 4 13489
d 3 17379
d 1 2730
d 1 19060
d 4 19718
d 1 14774
d 3 1352
d 5 10505
d 5 23150
d 1 18052
d 3 1043
d 4 4605
d 1 19743
d 3 22516
d 4 4514
d 3 4858
d 4 17591
d 5 24883
d 3 23695
d 3 22991
d 3 8681
d 3 8203
d 3 16289
d 4 22215
d 3 8365
d 4 954
d 4 14345
d 3 9539
d 3 7338
d 3 20193
d 1 2469
d 5 21848
d 1 24508
d 1 4339
d 3 10867
d 1 18394
d 1 14659
d 1 15587
d 1 4290
d 1 11206
d 4 11878
d 1 17409
d 1 23780
d 3 21682
d 3 6290
d 3 8001
d 3 6643
d 5 17405
d 3 12722
d 1 8595
d 3 16585
d 1 24312
d 1 8952
d 4 5238
d 5 20640
d 1 14409
d 1 4448
d 1 16099
d 3 14413
d 5 6229
d 4 7476
d 4 20220
d 1 24081
d 1 4268
d 1 11085
d 3 9008
d 3 7133
d 1 5700
d 3 2291
d 3 9537
d 3 5728
d 3 5729
d 3 2672
d 1 18731
d 3 23661
d 3 16926
d 5 21155
d 1 19095
d 4 6305
d 4 4434
d 1 14660
d 4 5939
d 4 10760
d 3 19259
d 3 18204
d 3 940
d 3 3098
d 5 17234
d 1 16560
d 1 15278
d 1 20800
d 1 17580
d 1 9164
d 1 5995
d 1 16362
d 4 6090
d 3 22386
d 1 2246
d 1 18481
d 3 16960
d 3 5113
d 3 1396
d 1 11169
d 3 21107
d 3 785
d 5 17297
d 3 4792
d 3 23745
d 1 4435
d 1 24467
d 3 17271
d 3 17033
d 1 7924
d 3 8902
d 1 6599
d 3 6113
d 3 24031
d 5 21785
d 1 15406
d 3 18319
d 3 12542
d 1 16481
d 3 3871
d 3 22522
d 1 6276
d 1 12620
d 1 24514
d 4 17440
d 1 22251
d 1 1932
d 1 3599
d 1 24295
d 1 19744
d 3 14849
d 3 23886
d 1 10217
d 1 10279
d 1 1519
d 1 15190
d 1 17623
d 1 11615
d 1 23060
d 4 12567
d 3 12765
d 1 3865
d 5 20870
d 1 8372
d 4 20458
d 4 12842
d 1 891
d 3 9676
d 1 21490
d 1 20870
d 1 17882
d 1 10219
d 3 21343
d 5 8448
d 5 14950
d 3 2492
d 3 14507
d 1 13068
d 1 20233
d 1 18580
d 1 17195
d 1 2799
d 1 6323
d 1 6324
d 1 6325
d 3 22889
d 1 9773
d 4 9463
d 1 9357
d 4 9652
d 1 3938
d 4 2993
d 3 15674
d 5 7064
d 1 11943
d 1 5418
d 1 12238
d 1 12866
d 1 12252
d 3 16592
d 3 4192
d 3 8002
d 1 20685
d 3 20459
d 5 1973
d 5 17063
d 3 15285
d 1 23716
d 3 21825
d 3 12030
d 3 3443
d 3 2080
d 3 7716
d 3 23311
d 1 12727
d 1 5200
d 3 9020
d 3 13251
d 1 5413
d 1 4598
d 4 16132
d 3 13266
d 4 15379
d 1 6888
d 5 23954
d 3 16546
d 1 23944
d 5 24648
d 3 4632
d 1 18231
d 3 5568
d 1 13370
d 1 11108
d 1 11353
d 3 8675
d 3 9468
d 3 3619
d 3 17074
d 5 9310
d 3 19920
d 1 1447
d 1 19585
d 3 23901
d 1 8681
d 1 5524
d 1 10029
d 3 23192
d 1 24434
d 4 10108
d 3 13772
d 4 12497
d 3 855
d 1 10737
d 3 21646
d 3 8252
d 3 7553
d 3 15332
d 3 19144
d 5 15787
d 1 20216
d 3 5070
d 3 18510
d 1 14406
d 3 3608
d 1 2343
d 4 12330
d 1 15259
d 1 15260
d 1 15261
d 1 22301
d 4 19908
d 3 16563
d 3 14951
d 3 39
d 4 13100
d 3 4932
d 3 24893
d 3 6870
d 3 15202
d 3 22607
d 3 11936
d 3 13663
d 3 6405
d 1 5661
d 3 20416
d 5 10188
d 1 6112
d 3 8299
d 3 15677
d 1 10028
d 1 6367
d 3 5429
d 1 18332
d 5 13668
d 3 19294
d 3 24448
d 3 21902
d 3 3117
d 1 19499
d 3 16543
d 1 23299
d 1 19192
d 3 784
d 1 2805
d 1 15392
d 4 22906
d 1 953
d 3 24336
d 3 12556
d 4 1
d 3 4452
d 1 6986
d 3 6057
d 3 23169
d 3 19977
d 3 18986
d 1 14497
d 1 5882
d 3 15933
d 1 2259
d 3 6163
d 3 6824
d 3 1610
d 3 9660
d 3 5053
d 3 7475
d 1 15621
d 5 12184
d 1 18550
d 1 10425
d 1 7365
d 1 23110
d 1 19776
d 3 12595
d 1 21312
d 1 6723
d 3 13436
d 5 6585
d 3 21203
d 3 9950
d 1 18240
d 1 21956
d 3 5197
d 3 5199
d 1 16634
d 4 7341
d 1 18665
d 1 11965
d 4 17165
d 3 4043
d 5 16554
d 5 3638
d 4 18854
d 1 7773
d 3 20857
d 1 14759
d 3 11988
d 1 16320
d 3 11519
d 1 9834
d 1 7239
d 1 3225
d 1 22903
d 3 1379
d 1 19866
d 3 2763
d 1 17545
d 1 18421
d 1 17258
d 3 12383
d 4 18475
d 1 20050
d 1 18993
d 1 20510
d 4 16912
d 3 10204
d 4 22659
d 3 2793
d 1 1306
d 3 21295
d 3 15072
d 3 3442
d 1 19980
d 1 15830
d 1 3145
d 3 20620
d 1 17741
d 1 20511
d 1 20242
d 1 16771
d 3 11531
d 3 22079
d 1 20434
d 4 13252
d 1 16354
d 1 15542
d 1 6725
d 3 7892
d 3 13822
d 3 10873
d 1 11949
d 3 11156
d 3 16358
d 1 22401
d 4 13491
d 1 4541
d 1 20330
d 1 21351
d 1 20214
d 1 14552
d 3 8603
d 3 13636
d 1 15232
d 1 21831
d 3 1598
d 3 2036
d 3 2037
d 3 24312
d 3 8189
d 4 10229
d 3 3019
d 1 2430
d 1 13607
d 5 6804
d 1 15819
d 3 10089
d 3 4587
d 4 14886
d 4 22124
d 3 22729
d 5 20446
d 1 8797
d 3 11047
d 3 12519
d 1 20573
d 1 4821
d 4 19115
d 1 15318
d 3 21365
d 3 9231
d 3 20096
d 1 16168
d 1 21610
d 4 23725
d 1 22252
d 1 7620
d 1 14073
d 3 4474
d 3 18434
d 1 23406
d 3 21454
d 3 7182
d 3 13854
d 3 13979
d 1 10966
d 1 11581
d 5 16190
d 1 11503
d 5 19382
d 1 6499
d 1 3769
d 1 3027
d 3 7228
d 1 7506
d 1 11518
d 4 16733
d 3 2733
d 3 8544
d 3 7318
d 1 8582
d 3 749
d 1 5610
d 4 675
d 1 2386
d 3 19974
d 3 21596
d 3 18523
d 1 17250
d 1 12341
d 3 962
d 1 1235
d 1 17920
d 1 8242
d 1 10629
d 4 3526
d 1 20939
d 3 1049
d 3 7388
d 3 22982
d 5 16130
d 3 13216
d 5 17080
d 3 22081
d 1 2649
d 3 9241
d 1 24554
d 5 6803
d 5 16874
d 1 8231
d 1 13366
d 1 21191
d 1 5923
d 3 12059
d 3 21434
d 3 18363
d 4 1536
d 3 17142
d 1 14309
d 1 22475
d 3 21051
d 3 12043
d 3 17336
d 3 9945
d 3 12166
d 1 2756
d 1 8660
d 1 23290
d 1 14929
d 5 11006
d 5 11063
d 1 991
d 1 16505
d 1 21436
d 3 7849
d 1 23081
d 4 18545
d 1 17872
d 5 17818
d 1 4313
d 3 14555
d 1 6400
d 3 20377
d 3 6768
d 3 6609
d 5 11209
d 4 10729
d 3 9706
d 3 13693
d 1 8874
d 3 7813
d 5 18467
d 1 18976
d 3 5629
d 1 16369
d 3 1897
d 1 2606
d 3 22154
d 3 1273
d 1 5240
d 3 20179
d 3 14068
d 1 16813
d 3 2831
d 3 12646
d 1 22837
d 3 5965
d 1 9215
d 3 21344
d 1 24475
d 1 14579
d 1 10801
d 1 9824
d 5 17938
d 3 21288
d 3 24235
d 3 3543
d 1 12159
d 5 17824
d 4 8415
d 1 3859
d 1 7584
d 4 4856
d 3 11306
d 5 13095
d 1 24420
d 3 724
d 3 18743
d 4 21077
d 3 3116
d 1 19243
d 5 22648
d 3 5820
d 1 20181
d 1 13823
d 3 19141
d 1 19817
d 3 19494
d 3 4542
d 3 3913
d 3 8620
d 4 20737
d 3 13010
d 4 22325
d 4 16767
d 5 4895
d 1 3015
d 1 3122
d 3 18270
d 5 5885
d 3 8788
d 1 22990
d 1 4810
d 1 23772
d 3 13135
d 4 20180
d 3 21633
d 4 10402
d 1 8959
d 5 15674
d 1 10417
d 1 4357
d 3 2177
d 3 20953
d 3 7830
d 1 23169
d 4 20806
d 1 2429
d 3 24404
d 3 8720
d 3 14904
d 1 3940
d 1 14506
d 1 20264
d 1 3376
d 3 13230
d 4 8827
d 3 13869
d 3 5201
d 1 23888
d 5 17115
d 3 11959
d 3 21603
d 1 15348
d 1 20163
d 1 5489
d 3 2313
d 1 10868
d 4 19123
d 3 3088
d 1 18901
d 1 13096
d 1 12774
d 5 8566
d 3 15675
d 3 19776
d 5 4370
d 1 7558
d 3 15230
d 1 2248
d 1 23557
d 1 1918
d 4 2470
d 1 15842
d 3 20059
d 1 20275
d 3 5773
d 5 8256
d 3 50
d 1 3369
d 1 4305
d 4 7806
d 1 3470
d 3 21409
d 1 7886
d 3 16068
d 4 5035
d 1 24244
d 3 2368
d 5 15920
d 3 12562
d 1 7107
d 3 5774
d 1 5800
d 1 1785
d 3 23145
d 4 7241
d 3 10053
d 1 14612
d 3 10968
d 3 22219
d 1 5585
d 1 23539
d 1 17055
d 3 648
d 5 19779
d 3 20845
d 5 7905
d 1 3646
d 3 12641
d 1 10905
d 3 17441
d 3 5569
d 1 15725
d 5 13380
d 3 10563
d 3 14486
d 3 13935
d 4 10730
d 1 5323
d 1 2530
d 5 24382
d 1 21426
d 3 23574
d 1 3127
d 1 23361
d 1 13953
d 1 8430
d 1 11633
d 1 5912
d 3 4390
d 3 3971
d 1 9846
d 5 6888
d 1 19462
d 1 22068
d 1 21543
d 4 2174
d 3 23653
d 4 14438
d 1 1162
d 4 24268
d 4 8716
d 3 20061
d 3 1611
d 1 6326
d 3 5438
d 1 20230
d 1 18216
d 5 13210
d 3 22698
d 4 22710
d 1 20453
d 1 9769
d 1 16625
d 1 9523
d 1 7433
d 1 11612
d 4 7355
d 1 7247
d 3 1216
d 3 15925
d 1 4669
d 3 13892
d 4 19662
d 1 18351
d 3 8968
d 1 17874
d 5 11818
d 3 6376
d 4 19677
d 1 24148
d 1 24841
d 1 11006
d 3 1348
d 1 13110
d 1 24796
d 3 226
d 1 2243
d 3 16510
d 4 23430
d 4 23429
d 1 2875
d 5 9795
d 3 2005
d 4 11842
d 1 16769
d 1 7403
d 5 6364
d 3 5917
d 3 4198
d 3 12249
d 3 10240
d 5 23944
d 3 8804
d 1 15275
d 1 12782
d 1 14760
d 1 20723
d 4 9345
d 1 12950
d 3 15334
d 1 21418
d 3 10146
d 1 11541
d 1 4103
d 1 9594
d 3 7770
d 1 17852
d 1 20105
d 3 5233
d 3 12077
d 3 4164
d 1 9682
d 4 21431
d 1 20637
d 3 2624
d 4 2089
d 5 7759
d 5 20561
d 3 16992
d 1 24631
d 3 5227
d 1 6051
d 1 24482
d 3 21360
d 1 5973
d 1 11953
d 3 13903
d 3 5867
d 1 1666
d 1 3016
d 1 6069
d 1 23813
d 3 14257
d 3 9322
d 3 5746
d 4 16497
d 4 13405
d 1 4595
d 3 18718
d 3 19467
d 3 19468
d 1 16901
d 3 12134
d 1 22794
d 3 19430
d 1 19896
d 3 9201
d 3 22532
d 3 3493
d 3 16121
d 3 16403
d 1 12562
d 4 20262
d 3 22961
d 4 12397
d 3 6042
d 3 4529
d 1 7356
d 1 21593
d 3 5322
d 3 3742
d 5 20769
d 3 16300
d 1 4655
d 5 13992
d 1 3188
d 3 3695
d 1 21964
d 3 6787
d 3 19212
d 3 19963
d 3 7269
d 3 17731
d 5 12723
d 1 10838
d 1 22134
d 1 7579
d 3 24826
d 5 23208
d 1 13892
d 3 24859
d 4 20864
d 4 11918
d 1 10630
d 1 18783
d 3 3264
d 5 3612
d 3 7739
d 1 10242
d 3 15406
d 3 7806
d 1 11557
d 3 12942
d 3 2791
d 3 14213
d 1 8558
d 3 10889
d 3 22540
d 3 10755
d 1 7762
d 1 18899
d 3 461
d 1 20652
d 3 20136
d 3 16031
d 1 23092
d 1 21911
d 1 12188
d 1 2834
d 3 20619
d 1 23874
d 1 7866
d 1 23468
d 1 1898
d 1 20136
d 1 21529
d 1 6958
d 1 3981
d 3 15220
d 3 5132
d 3 4027
d 5 9808
d 3 2226
d 3 24061
d 4 9521
d 5 7672
d 1 5944
d 1 7116
d 3 21237
d 1 9303
d 3 19120
d 4 8890
d 1 456
d 3 7596
d 3 23485
d 3 3897
d 1 1041
d 3 14412
d 1 9289
d 1 12479
d 1 6409
d 3 9524
d 4 13951
d 1 23877
d 3 6492
d 1 20128
d 5 18554
d 1 2109
d 1 5765
d 3 2341
d 4 6782
d 3 9900
d 1 15979
d 5 5015
d 3 8602
d 1 4233
d 5 6998
d 3 20945
d 1 12172
d 1 1868
d 1 17379
d 4 21839
d 5 8830
d 1 8090
d 4 20526
d 3 4163
d 3 9171
d 4 12610
d 3 7274
d 5 2641
d 3 20325
d 1 17982
d 1 1760
d 1 23674
d 1 3056
d 1 986
d 1 20213
d 1 5591
d 3 17682
d 3 23968
d 3 8478
d 1 11901
d 3 1963
d 1 18077
d 1 9942
d 5 5710
d 1 13300
d 1 10237
d 3 12092
d 1 9604
d 3 4940
d 1 23477
d 1 15122
d 1 14983
d 1 23049
d 4 17506
d 1 7471
d 1 20426
d 1 20827
d 1 6141
d 3 23250
d 5 12819
d 4 6710
d 1 24044
d 4 11979
d 1 18440
d 1 22133
d 3 5441
d 3 14641
d 1 19316
d 3 9749
d 1 8817
d 3 7742
d 4 18940
d 1 1700
d 4 16126
d 4 11018
d 1 9871
d 1 19204
d 4 9926
d 1 5485
d 3 16391
d 1 16961
d 5 5459
d 1 19193
d 4 23783
d 5 9083
d 5 9084
d 1 24556
d 3 21973
d 1 13568
d 4 19676
d 3 6077
d 1 3159
d 5 17024
d 5 6317
d 1 16202
d 3 7987
d 4 13931
d 1 4737
d 3 15772
d 1 13312
d 1 7663
d 3 23960
d 3 24605
d 1 15772
d 1 9469
d 1 19688
d 5 13059
d 3 11566
d 5 13088
d 1 19762
d 3 15305
d 3 24230
d 3 18048
d 4 1788
d 4 3828
d 3 14737
d 3 15517
d 5 1360
d 1 18722
d 3 14732
d 5 14053
d 3 9639
d 1 5806
d 3 16444
d 1 16368
d 5 19075
d 3 17090
d 5 15813
d 3 7727
d 3 13431
d 1 20176
d 5 7180
d 3 6642
d 3 22580
d 4 17722
d 3 2317
d 1 13368
d 3 8945
d 4 19706
d 1 12239
d 1 17058
d 1 9539
d 3 21402
d 1 1695
d 3 9678
d 3 17876
d 1 3757
d 4 18094
d 3 8525
d 4 4720
d 1 3450
d 4 2660
d 1 20056
d 3 19924
d 3 5944
d 1 13126
d 1 12653
d 3 7017
d 5 16192
d 1 14181
d 3 10304
d 4 11858
d 3 9313
d 3 24227
d 3 2856
d 1 5290
d 3 18283
d 1 13476
d 1 24289
d 3 8744
d 5 1166
d 3 23324
d 3 22900
d 3 18657
d 3 2024
d 1 10915
d 3 9826
d 4 12140
d 3 19245
d 5 19195
d 1 10876
d 5 2360
d 3 17545
d 1 3843
d 3 685
d 1 1220
d 3 8623
d 5 14091
d 4 3929
d 4 3931
d 4 3930
d 4 3933
d 1 4116
d 1 3705
d 3 15520
d 3 14360
d 1 16169
d 1 19346
d 3 20999
d 1 6767
d 1 16105
d 1 22306
d 1 5611
d 3 12535
d 4 2349
d 5 19084
d 1 21616
d 1 20441
d 4 23656
d 1 14681
d 4 16283
d 3 22817
d 1 4531
d 1 19855
d 1 3328
d 1 10587
d 1 24984
d 1 20505
d 3 11770
d 3 12120
d 4 8037
d 1 12834
d 5 15814
d 3 8805
d 3 19569
d 3 14202
d 1 4722
d 3 6067
d 3 23872
d 3 23067
d 5 20357
d 1 13268
d 1 2362
d 1 20509
d 5 17296
d 3 21634
d 1 21186
d 1 4953
d 3 3291
d 5 149
d 1 7826
d 4 6322
d 1 24206
d 1 6380
d 3 4526
d 4 9786
d 4 3884
d 3 21573
d 3 707
d 1 13051
d 5 18311
d 5 18312
d 3 12808
d 1 1199
d 3 7555
d 3 13442
d 1 21726
d 5 11341
d 5 9671
d 1 4412
d 1 16979
d 3 6933
d 1 10260
d 3 21903
d 1 15119
d 3 18625
d 3 8128
d 1 12998
d 3 14280
d 3 7543
d 1 17345
d 3 24159
d 1 2432
d 3 20318
d 5 10047
d 5 10048
d 4 23832
d 1 7424
d 4 16379
d 1 14093
d 3 1107
d 1 3751
d 5 15611
d 1 2314
d 3 6702
d 1 12716
d 3 5989
d 3 24367
d 1 9685
d 4 918
d 5 7200
d 3 24877
d 1 5500
d 4 5566
d 1 24037
d 1 15262
d 3 8446
d 5 19083
d 1 16962
d 3 17761
d 5 5478
d 3 14521
d 1 19934
d 1 13621
d 1 1761
d 3 22986
d 3 20806
d 1 19011
d 4 5182
d 4 20763
d 1 16947
d 3 8
d 5 7058
d 3 3217
d 1 12296
d 3 23575
d 3 12747
d 5 15587
d 1 16673
d 3 16922
d 1 22866
d 1 23816
d 1 13984
d 3 15577
d 1 7010
d 5 12701
d 3 20759
d 3 8379
d 3 19932
d 3 5200
d 3 19800
d 1 5766
d 1 21886
d 3 13398
d 4 4625
d 1 2155
d 3 13231
d 3 8726
d 5 9444
d 3 2642
d 3 6114
d 3 15447
d 3 14987
d 4 1365
d 1 4485
d 1 1923
d 3 2263
d 1 4565
d 1 16950
d 3 19236
d 5 14337
d 5 19076
d 3 20837
d 5 13341
d 3 10125
d 5 10439
d 4 4260
d 1 6889
d 1 17581
d 5 10884
d 1 16671
d 5 13186
d 5 19948
d 3 23226
d 5 9112
d 3 17702
d 5 10683
d 3 18838
d 1 22335
d 3 22108
d 1 24074
d 1 23023
d 5 22100
d 3 1899
d 5 1408
d 1 5450
d 4 3732
d 3 24547
d 3 3668
d 5 3886
d 3 23483
d 3 21383
d 5 17446
d 3 17575
d 4 12123
d 4 19475
d 3 17044
d 3 5091
d 1 18966
d 3 4076
d 1 11040
d 5 1983
d 3 5821
d 3 7686
d 1 8237
d 3 1272
d 3 21970
d 4 18042
d 5 5963
d 5 17799
d 4 1941
d 3 8373
d 3 985
d 3 15904
d 1 7305
d 1 3820
d 5 20302
d 3 4455
d 3 915
d 4 196
d 4 197
d 3 12566
d 4 20444
d 3 14445
d 1 12334
d 1 14691
d 1 13690
d 1 22884
d 1 14003
d 1 16321
d 4 6576
d 1 17393
d 1 7708
d 4 10659
d 5 23662
d 3 15733
d 5 8782
d 1 10921
d 3 19301
d 4 14251
d 1 8616
d 1 19651
d 1 7404
d 5 24945
d 3 8371
d 1 21614
d 3 4184
d 5 5365
d 1 2677
d 5 6801
d 1 5905
d 5 8462
d 5 1167
d 5 4980
d 1 5505
d 3 24179
d 5 20231
d 4 7858
d 5 20533
d 5 799
d 3 8049
d 5 19949
d 5 8178
d 3 5719
d 1 1360
d 5 23261
d 1 23658
d 1 11283
d 1 2227
d 3 1925
d 3 10719
d 1 21507
d 5 18338
d 1 15908
d 3 19011
d 3 2374
d 5 18555
d 1 16517
d 3 849
d 3 15749
d 4 22268
d 4 9398
d 3 20956
d 1 23113
d 4 11543
d 1 14734
d 3 7831
d 3 21997
d 3 4245
d 3 8646
d 1 3318
d 3 14661
d 1 5291
d 4 16790
d 5 19326
d 3 7441
d 3 11211
d 5 3613
d 1 20973
d 3 12081
d 5 19370
d 1 11865
d 5 6230
d 1 1825
d 1 23939
d 3 3054
d 1 13952
d 1 8041
d 1 15312
d 3 23359
d 4 24253
d 5 14534
d 1 3858
d 4 4299
d 3 22683
d 4 10846
d 1 7156
d 5 15165
d 5 20345
d 3 9525
d 5 21040
d 1 7628
d 5 14739
d 5 13354
d 4 15010
d 4 21836
d 5 7583
d 3 21687
d 1 21414
d 1 12253
d 1 18977
d 4 18762
d 5 16617
d 4 16284
d 5 119
d 5 22932
d 4 748
d 1 5958
d 3 15857
d 4 1706
d 5 22113
d 3 8164
d 5 2072
d 4 9397
d 3 18288
d 4 4577
d 1 9306
d 5 1170
d 4 20687
d 4 13270
d 5 24711
d 3 2319
d 1 14994
d 1 6113
d 3 19210
d 5 20090
d 3 19736
d 1 6516
d 3 13093
d 3 21624
d 1 14354
d 3 21445
d 3 19787
d 5 5411
d 1 15616
d 3 10774
d 3 6252
d 5 24110
d 5 17847
d 3 20786
d 3 19132
d 1 8026
d 4 19829
d 1 24797
d 5 11357
d 5 22448
d 3 23796
d 5 196
d 3 3834
d 4 7471
d 1 15091
d 4 1789
d 5 18964
d 3 11179
d 3 16286
d 1 6826
d 1 24587
d 1 4358
d 4 8284
d 5 2282
d 5 2283
d 3 23770
d 3 13322
d 4 2828
d 5 5956
d 4 5511
d 1 9519
d 4 5304
d 1 23806
d 4 17476
d 4 16678
d 5 47
d 4 15884
d 1 3170
d 3 1274
d 1 11076
d 1 2914
d 1 3889
d 1 4690
d 3 24139
d 4 4721
d 1 5280
d 4 8223
d 1 1255
d 1 17875
d 4 226
d 5 12931
d 3 22700
d 5 15498
d 3 3368
d 5 14852
d 1 21492
d 3 13744
d 4 12989
d 1 21640
d 4 18899
d 5 16254
d 1 1286
d 3 9080
d 3 725
d 3 1051
d 1 24453
d 3 10749
d 4 21598
d 4 8118
d 1 5091
d 4 13508
d 4 1632
d 4 22102
d 3 12705
d 4 8806
d 4 6632
d 4 15543
d 5 23977
d 5 10215
d 3 19823
d 4 11859
d 4 16510
d 5 12040
d 1 16467
d 3 19308
d 1 2024
d 5 6249
d 3 8382
d 3 23897
d 3 19135
d 4 22185
d 4 22186
d 1 14105
d 4 20676
d 5 21450
d 4 16287
d 3 20515
d 3 3147
d 5 11113
d 3 24275
d 5 7920
d 5 19085
d 4 8853
d 1 1577
d 5 14140
d 4 10470
d 1 3055
d 4 2176
d 1 21929
d 1 21215
d 4 12053
d 4 11833
d 3 22593
d 3 1774
d 5 5227
d 3 7334
d 1 6922
d 3 17647
d 4 10238
d 3 10809
d 1 8917
d 1 24428
d 5 23311
d 1 4555
d 3 13227
d 1 8588
d 5 13072
d 1 14878
d 5 23546
d 1 13637
d 1 7386
d 4 5537
d 5 8320
d 1 13071
d 4 1715
d 4 6641
d 4 12968
d 4 17311
d 1 14802
d 1 3887
d 1 5189
d 1 6711
d 5 8644
d 1 1669
d 5 8425
d 3 20295
d 3 4661
d 3 9782
d 3 23527
d 1 20588
d 1 2304
d 1 24341
d 5 906
d 5 13192
d 4 23989
d 5 17363
d 5 9085
d 1 3638
d 1 17334
d 5 5355
d 3 8677
d 5 693
d 3 20000
d 4 9857
d 1 14583
d 3 23546
d 3 20050
d 5 11046
d 5 13532
d 3 5968
d 1 12627
d 4 18552
d 5 6996
d 4 8902
d 3 10349
d 5 15740
d 3 18581
d 1 4824
d 5 3373
d 3 5696
d 1 4507
d 1 24893
d 3 15432
d 3 24001
d 3 9284
d 3 2724
d 4 10080
d 4 9016
d 1 4370
d 3 377
d 5 11601
d 5 11943
d 1 22585
d 3 20460
d 4 24625
d 3 22171
d 5 19466
d 1 21230
d 5 14317
d 3 4637
d 1 19783
d 5 13482
d 5 2176
d 1 1904
d 4 8133
d 4 3829
d 5 9608
d 3 20825
d 4 17922
d 1 24867
d 1 15961
d 5 6367
d 5 15021
d 4 18901
d 3 2577
d 1 18884
d 3 16602
d 1 9207
d 5 12559
d 4 14972
d 4 14706
d 3 12014
d 4 13966
d 4 23322
d 5 13176
d 4 6806
d 5 4142
d 4 12714
d 5 6855
d 3 11018
d 3 14653
d 5 1002
d 5 355
d 1 16615
d 5 19292
d 4 23833
d 4 19519
d 4 13925
d 1 9070
d 4 9203
d 5 6206
d 5 1874
d 3 21707
d 1 6175
d 4 8632
d 4 4250
d 4 24285
d 5 17657
d 5 18288
d 5 8032
d 4 19719
d 1 14089
d 1 14090
d 1 14092
d 4 1461
d 4 24031
d 3 15270
d 1 18234
d 1 1531
d 3 4597
d 4 3934
d 4 23698
d 5 9394
d 5 10446
d 3 2952
d 1 9417
d 1 2335
d 4 11178
d 1 1630
d 5 4817
d 5 7615
d 3 23871
d 3 4676
d 4 24724
d 4 3773
d 4 13579
d 1 2876
d 4 495
d 5 11314
d 5 16293
d 3 5317
d 5 9095
d 5 14815
d 4 4785
d 3 13870
d 4 24061
d 1 5117
d 5 4405
d 5 15512
d 1 815
d 3 6504
d 4 939
d 5 24611
d 5 24610
d 3 12613
d 1 16651
d 4 16770
d 3 12832
d 5 11489
d 4 1350
d 5 13388
d 3 10230
d 3 22999
d 1 3629
d 4 10117
d 4 13466
d 4 19746
d 1 17614
d 5 6889
d 1 23847
d 1 4150
d 1 13360
d 5 1106
d 1 12915
d 1 10604
d 1 10049
d 3 13178
d 4 6701
d 4 8119
d 4 7555
d 3 23177
d 4 7386
d 5 18492
d 4 13850
d 5 1633
d 3 16296
d 3 14545
d 4 20021
d 4 16715
d 1 24864
d 1 10281
d 1 11844
d 4 21390
d 1 2241
d 5 1439
d 1 20228
d 3 24347
d 5 18313
d 3 10097
d 3 17663
d 3 3118
d 5 776
d 1 7274
d 1 23314
d 1 17901
d 1 5326
d 4 5936
d 5 8546
d 4 21723
d 5 13338
d 5 12630
d 5 1238
d 1 15130
d 3 18193
d 5 14876
d 4 6866
d 3 1900
d 1 18364
d 3 6196
d 3 3785
d 1 2324
d 5 10547
d 5 1274
d 1 4698
d 4 17080
d 3 24938
d 3 16049
d 3 23231
d 4 6259
d 4 13108
d 5 5980
d 3 1834
d 1 4082
d 4 13896
d 4 13979
d 3 6204
d 5 18438
d 4 9250
d 5 7246
d 3 13998
d 5 18842
d 5 18135
d 3 3257
d 4 2217
d 1 16431
d 3 21362
d 1 17965
d 4 7011
d 4 10396
d 4 20764
d 1 10716
d 1 4638
d 4 16428
d 3 20109
d 5 6949
d 4 20649
d 1 9304
d 4 14259
d 3 7823
d 5 13263
d 3 14495
d 5 16260
d 4 21880
d 5 2284
d 4 11614
d 5 14498
d 3 1806
d 1 4119
d 4 10596
d 5 12714
d 4 15257
d 5 4179
d 5 1168
d 1 7317
d 4 19375
d 3 11939
d 5 11437
d 3 17144
d 5 14752
d 3 21451
d 4 14929
d 1 5586
d 5 7911
d 5 6880
d 1 16499
d 1 16371
d 5 14631
d 4 20491
d 4 14844
d 5 9220
d 5 2294
d 1 14848
d 5 4481
d 5 4133
d 3 16955
d 5 14850
d 3 21112
d 3 21113
d 3 19945
d 4 19797
d 1 4854
d 5 1423
d 1 20254
d 4 8238
d 4 4770
d 5 6959
d 4 19945
d 5 12774
d 1 7296
d 4 3426
d 1 21823
d 4 18941
d 1 21826
d 1 21819
d 4 14565
d 4 20586
d 1 24570
d 5 7650
d 1 10051
d 4 23734
d 1 22787
d 5 1325
d 5 9522
d 4 18848
d 5 12114
d 4 1888
d 3 22274
d 3 19596
d 3 22422
d 4 18892
d 1 3009
d 4 17852
d 5 11948
d 1 5541
d 5 22294
d 3 2337
d 4 2668
d 1 6618
d 5 13311
d 4 24708
d 3 14538
d 4 16081
d 4 7540
d 4 21506
d 5 1381
d 1 8116
d 4 8225
d 5 17848
d 4 11458
d 3 9056
d 3 20634
d 4 10152
d 4 8858
d 3 11534
d 1 18192
d 4 22073
d 1 4901
d 1 13396
d 4 15953
d 3 14745
d 4 17366
d 1 3434
d 4 7292
d 3 21245
d 4 19262
d 5 15185
d 4 19749
d 3 11344
d 4 6792
d 1 10922
d 4 11648
d 1 5592
d 4 4556
d 5 6788
d 3 19534
d 5 10890
d 3 7901
d 4 16056
d 3 9266
d 4 5877
d 5 15661
d 5 16565
d 1 8291
d 1 24094
d 4 3650
d 3 22150
d 4 6486
d 5 15283
d 4 15632
d 4 13302
d 1 24415
d 4 7963
d 3 11952
d 1 1814
d 5 11406
d 5 3965
d 5 361
d 5 22024
d 3 722
d 3 5582
d 3 24977
d 3 5262
d 4 8649
d 5 20202
d 4 22269
d 5 3852
d 3 11433
d 4 4646
d 3 4231
d 3 4232
d 3 4233
d 3 5896
d 1 20414
d 3 3718
d 4 5155
d 5 2188
d 5 6482
d 4 15560
d 4 16286
d 3 19469
d 5 5964
d 4 7706
d 3 11229
d 3 21251
d 4 10747
d 4 24677
d 4 20104
d 3 9267
d 5 73
d 3 11955
d 4 22663
d 5 20601
d 4 17974
d 3 2927
d 5 5989
d 1 12636
d 3 5806
d 3 5807
d 3 5808
d 4 6976
d 4 83
d 4 21372
d 4 6129
d 5 14181
d 4 22542
d 5 4739
d 5 17718
d 5 27
d 1 17609
d 4 5659
d 5 4665
d 3 2109
d 1 17863
d 1 16400
d 4 9076
d 5 21447
d 3 1215
d 5 2830
d 3 9491
d 3 6924
d 4 10155
d 4 12952
d 1 1421
d 4 8278
d 1 20670
d 3 19901
d 4 16646
d 4 18958
d 4 19958
d 4 6135
d 5 9078
d 3 18403
d 3 12815
d 3 23424
d 4 5286
d 3 10877
d 4 10963
d 5 18420
d 1 9369
d 4 17475
d 4 10245
d 4 198
d 1 11743
d 4 15301
d 4 18028
d 3 12121
d 3 23613
d 4 5242
d 1 2659
d 1 17180
d 5 1005
d 1 3043
d 5 17415
d 4 6044
d 3 6809
d 5 20457
d 3 4101
d 1 16757
d 1 17350
d 5 11213
d 5 15291
d 3 15312
d 1 21694
d 3 20708
d 5 13078
d 5 11657
d 4 10075
d 1 14108
d 4 2680
d 5 13784
d 1 5628
d 3 12165
d 3 15910
d 5 7654
d 5 22404
d 5 6486
d 1 6096
d 1 6098
d 1 17800
d 4 7453
d 4 6696
d 3 7370
d 5 11075
d 4 483
d 4 20939
d 1 13567
d 3 4400
d 1 24307
d 3 16219
d 3 3141
d 1 1380
d 3 15816
d 3 1977
d 3 8576
d 4 13312
d 1 13167
d 1 22441
d 4 6041
d 4 6684
d 4 11537
d 3 14971
d 5 5720
d 3 662
d 1 18453
d 3 7916
d 3 17994
d 5 15589
d 1 1826
d 3 4291
d 4 1425
d 1 19008
d 5 19591
d 3 2602
d 4 9149
d 1 16624
d 4 13509
d 5 784
d 1 21143
d 1 21144
d 1 3042
d 4 15126
d 4 8153
d 4 10446
d 1 21029
d 1 6217
d 3 15526
d 3 3258
d 4 6409
d 5 4041
d 4 11308
d 3 22571
d 5 2235
d 1 18326
d 4 1835
d 4 630
d 5 7345
d 4 24602
d 1 10625
d 4 5356
d 4 3475
d 4 23438
d 4 15891
d 1 7056
d 3 4776
d 3 19824
d 5 17916
d 5 17915
d 4 13861
d 4 15330
d 5 4301
d 4 16099
d 4 8580
d 3 2838
d 4 15683
d 5 4596
d 3 22426
d 4 17482
d 3 10396
d 5 9756
d 1 19969
d 5 22675
d 1 17792
d 3 21609
d 5 8859
d 5 11028
d 1 18417
d 5 2408
d 5 17447
d 3 14683
d 4 16556
d 3 14192
d 1 14157
d 3 2741
d 5 3624
d 1 14736
d 1 16156
d 5 7366
d 3 12640
d 3 1804
d 5 8996
d 5 22597
d 5 15273
d 1 9104
d 3 10834
d 5 21238
d 1 10073
d 5 7257
d 3 15573
d 1 19184
d 3 4669
d 5 14365
d 1 21978
d 4 24
d 5 15987
d 5 18764
d 3 21670
d 1 8970
d 1 12467
d 4 9603
d 3 6873
d 5 9210
d 1 21184
d 3 12394
d 5 2238
d 4 9566
d 1 2006
d 4 5181
d 1 19913
d 5 14853
d 3 15908
d 4 20922
d 4 16511
d 4 4947
d 4 12300
d 1 12724
d 3 23480
d 4 23439
d 1 14720
d 5 17018
d 3 3319
d 3 17897
d 4 7960
d 3 22779
d 4 20281
d 5 1379
d 1 24506
d 4 9304
d 1 12245
d 1 8816
d 4 19585
d 4 2004
d 4 20823
d 3 2607
d 3 14517
d 1 23343
d 4 24929
d 1 13060
d 3 9274
d 1 7960
d 4 5801
d 1 7270
d 3 22756
d 1 11420
d 5 2731
d 1 20787
d 5 14111
d 5 3271
d 4 9909
d 3 23440
d 1 1155
d 4 24176
d 3 2381
d 5 6860
d 3 2382
d 3 667
d 5 12258
d 4 408
d 3 3833
d 4 270
d 3 7960
d 1 15467
d 3 10025
d 4 15612
d 1 16663
d 4 4786
d 3 20406
d 3 8273
d 3 17868
d 3 7092
d 5 23056
d 4 9053
d 3 12660
d 3 21218
d 3 13613
d 4 5979
d 4 3067
d 4 17747
d 5 655
d 3 6984
d 1 19693
d 5 19764
d 1 13260
d 1 12649
d 1 23533
d 5 22449
d 1 15454
d 5 12808
d 3 3994
d 4 4478
d 1 9621
d 1 17217
d 1 17798
d 5 376
d 3 22874
d 3 11571
d 1 20709
d 3 21296
d 3 21297
d 1 8673
d 5 13901
d 3 11831
d 3 13057
d 1 5229
d 4 1733
d 1 2437
d 3 19223
d 1 14096
d 1 6812
d 1 17373
d 1 15447
d 1 15448
d 3 18804
d 4 21619
d 5 5160
d 1 23038
d 3 15888
d 1 14941
d 1 18697
d 4 251
d 4 1464
d 3 8226
d 5 18370
d 1 4592
d 5 10384
d 4 962
d 3 16477
d 3 18394
d 3 18395
d 4 18187
d 1 8111
d 4 24814
d 4 10169
d 3 10726
d 3 10151
d 4 6552
d 1 12027
d 3 17454
d 3 8318
d 5 17183
d 4 11377
d 1 20401
d 3 15849
d 1 9530
d 1 17182
d 3 14155
d 4 7853
d 3 19061
d 3 8463
d 1 7902
d 3 12477
d 1 3132
d 5 17683
d 1 22881
d 1 14860
d 3 1643
d 3 23829
d 5 7552
d 3 2848
d 3 12779
d 4 17016
d 3 23694
d 4 3080
d 5 23709
d 5 9403
d 3 14314
d 5 13625
d 3 15179
d 3 9276
d 1 19469
d 4 1533
d 3 155
d 3 156
d 3 23763
d 1 4673
d 1 24345
d 3 15433
d 1 20657
d 1 14611
d 5 17820
d 4 14924
d 1 7560
d 4 22544
d 4 13192
d 1 17436
d 3 3701
d 4 22451
d 1 5945
d 1 23762
d 3 13873
d 5 4729
d 5 24691
d 5 4758
d 3 15247
d 1 4941
d 1 13234
d 3 14214
d 1 11107
d 4 16181
d 1 3958
d 1 3982
d 4 7894
d 4 12086
d 3 14467
d 4 5084
d 1 8938
d 4 12477
d 1 23982
d 1 9152
d 1 18631
d 3 10688
d 1 21340
d 1 22478
d 3 13828
d 1 14373
d 3 12684
d 3 18934
d 3 24697
d 1 20473
d 1 18331
d 1 10125
d 5 19911
d 3 16956
d 3 7622
d 1 15092
d 4 15907
d 3 21126
d 5 16802
d 1 4270
d 3 21199
d 1 22357
d 1 19627
d 3 758
d 5 7978
d 3 15060
d 3 22263
d 1 19459
d 1 12050
d 3 6985
d 5 12585
d 1 14011
d 5 5685
d 5 14044
d 1 3888
d 3 18841
d 4 17750
d 3 18929
d 5 14380
d 5 2412
d 5 7535
d 3 6833
d 3 6434
d 4 24731
d 5 12303
d 4 23437
d 4 21877
d 1 12587
d 3 11392
d 3 5676
d 3 1852
d 4 5974
d 3 12621
d 4 19540
d 5 7401
d 3 1140
d 1 3831
d 1 22280
d 4 6082
d 5 7070
d 1 1593
d 5 9312
d 3 4935
d 3 22928
d 4 20739
d 1 6569
d 5 880
d 1 20297
d 5 10212
d 4 13453
d 4 110
d 5 21393
d 5 20593
d 3 3268
d 1 285
d 3 16597
d 1 24108
d 5 5072
d 1 16903
d 1 20311
d 3 1143
d 1 15612
d 1 21082
d 1 19135
d 1 16128
d 5 20149
d 5 7830
d 1 10312
d 3 4979
d 3 11539
d 3 15899
d 5 23260
d 5 969
d 1 12364
d 4 23201
d 1 2995
d 4 14588
d 4 15534
d 4 18425
d 1 16758
d 1 3289
d 1 10398
d 3 17975
d 3 10163
d 4 1799
d 1 2710
d 1 15129
d 4 5393
d 1 21969
d 3 13177
d 3 18357
d 1 19049
d 1 7182
d 1 5360
d 5 16339
d 1 3955
d 3 9514
d 1 5962
d 3 22346
d 1 17076
d 1 22129
d 3 16392
d 3 5809
d 1 21073
d 4 15812
d 1 19883
d 5 11498
d 3 16945
d 4 6833
d 5 17688
d 4 13905
d 1 10068
d 3 8490
d 3 13335
d 3 20028
d 5 16887
d 1 3884
d 5 17134
d 1 10768
d 1 2081
d 3 19429
d 4 4124
d 3 2967
d 3 16052
d 5 786
d 3 1835
d 1 1708
d 1 19358
d 5 7740
d 5 6231
d 3 10014
d 3 24537
d 1 24240
d 1 15240
d 1 10062
d 3 4968
d 5 18400
d 4 21825
d 3 21604
d 3 3265
d 4 11955
d 3 19398
d 1 15277
d 4 1592
d 3 13841
d 3 20881
d 3 20882
d 3 20883
d 3 11019
d 4 575
d 5 1158
d 1 1726
d 5 6467
d 4 19513
d 5 21293
d 5 8822
d 1 15892
d 3 21114
d 3 5436
d 3 7088
d 3 24481
d 3 6488
d 3 14860
d 5 7071
d 1 19489
d 4 3419
d 3 16582
d 1 15241
d 3 6778
d 1 12501
d 3 8917
d 3 14927
d 3 9636
d 4 15561
d 1 3848
d 3 17066
d 3 18741
d 3 14756
d 1 14050
d 1 18264
d 3 17684
d 5 23326
d 4 9073
d 1 3125
d 4 8720
d 5 14600
d 3 2204
d 5 1689
d 5 23452
d 1 6395
d 1 13150
d 3 3942
d 3 4181
d 1 19140
d 3 24309
d 3 7956
d 3 8375
d 3 2445
d 1 20045
d 3 4287
d 1 21777
d 3 24380
d 3 12250
d 1 16662
d 1 11492
d 4 2246
d 3 9973
d 3 19199
d 1 8610
d 5 20122
d 1 14248
d 3 12233
d 5 20788
d 3 12528
d 5 10302
d 3 10372
d 3 12421
d 4 21938
d 3 23988
d 3 6838
d 3 20840
d 3 21893
d 1 4078
d 1 20814
d 1 11535
d 3 10560
d 5 4743
d 1 19374
d 1 19375
d 1 19377
d 1 19378
d 3 2205
d 5 10129
d 1 2819
d 1 14998
d 3 16726
d 1 15285
d 3 10597
d 3 7895
d 1 15821
d 5 2005
d 1 18310
d 3 7902
d 4 3697
d 1 24099
d 3 21298
d 1 20326
d 1 21145
d 3 13494
d 5 7158
d 3 653
d 3 654
d 3 20891
d 5 7696
d 1 20945
d 3 8376
d 3 12588
d 3 11904
d 5 3094
d 3 10850
d 3 4186
d 3 3510
d 1 4149
d 3 13517
d 1 15481
d 3 5573
d 5 12191
d 1 19727
d 4 9802
d 1 20120
d 1 5103
d 1 7062
d 4 18168
d 3 2820
d 5 4357
d 1 6382
d 5 20737
d 1 3454
d 3 16414
d 4 2413
d 1 6331
d 3 4874
d 4 1630
d 3 18247
d 4 23982
d 1 9388
d 1 21072
d 1 22239
d 1 13748
d 1 10126
d 3 19247
d 1 14101
d 3 15543
d 5 21595
d 1 3822
d 3 5101
d 4 3706
d 1 23232
d 1 20634
d 5 4103
d 3 7798
d 5 7370
d 3 12335
d 3 1586
d 3 5421
d 3 17399
d 1 11774
d 3 2907
d 3 24358
d 3 2059
d 1 1699
d 5 20969
d 3 13174
d 4 5586
d 1 13121
d 5 5957
d 5 11999
d 5 4897
d 4 11488
d 1 14191
d 4 736
d 3 8541
d 3 18243
d 1 3503
d 1 3504
d 5 8935
d 1 21585
d 3 18092
d 3 19097
d 1 5950
d 3 5775
d 1 8543
d 1 20580
d 3 6
d 3 12774
d 1 5698
d 3 18332
d 1 9678
d 1 9679
d 1 15070
d 3 10598
d 1 5919
d 3 17539
d 1 23357
d 1 11840
d 1 2412
d 5 13060
d 3 8145
d 5 16629
d 3 6939
d 3 8997
d 3 12513
d 3 16504
d 1 22102
d 1 2529
d 5 24512
d 5 8014
d 1 21608
d 1 21058
d 4 1221
d 3 1094
d 3 23382
d 1 2027
d 3 20662
d 5 24609
d 4 12154
d 1 15873
d 1 12708
d 3 4118
d 5 8241
d 3 15214
d 3 14187
d 5 22836
d 3 2928
d 3 8397
d 1 15371
d 1 1402
d 1 16100
d 1 20057
d 3 1568
d 4 4024
d 3 22006
d 1 23171
d 5 17715
d 4 11089
d 4 6316
d 3 16053
d 1 14310
d 5 21475
d 1 5467
d 3 20252
d 1 19694
d 1 24902
d 3 8935
d 3 3160
d 3 6925
d 3 6065
d 3 20827
d 1 16807
d 1 1632
d 4 2723
d 3 4620
d 1 9644
d 3 17456
d 5 11451
d 3 19053
d 3 17398
d 1 14682
d 3 9804
d 5 16487
d 5 24970
d 1 15975
d 1 10933
d 3 953
d 5 6911
d 5 19567
d 4 1808
d 5 23802
d 5 6703
d 3 8558
d 4 24218
d 3 12093
d 3 355
d 5 18417
d 1 16125
d 1 23940
d 1 10310
d 5 5829
d 3 16209
d 3 7961
d 1 13117
d 3 6916
d 3 19185
d 1 11041
d 4 17206
d 1 9007
d 5 23279
d 4 15766
d 4 2991
d 1 12938
d 3 8260
d 3 3460
d 1 5223
d 3 6781
d 1 24497
d 3 18554
d 3 12399
d 3 20769
d 1 623
d 3 18733
d 1 20016
d 3 2173
d 5 4834
d 4 11405
d 3 19012
d 3 21272
d 3 8966
d 3 22954
d 3 18931
d 1 7470
d 3 22138
d 3 17288
d 1 12007
d 3 24351
d 4 24811
d 3 23733
d 3 18435
d 1 17518
d 1 15500
d 1 13159
d 1 23275
d 3 16513
d 3 11190
d 3 1807
d 3 7691
d 3 1732
d 1 3282
d 1 1651
d 1 10424
d 1 21827
d 1 11083
d 1 2937
d 3 12726
d 4 18147
d 1 11466
d 3 10657
d 5 17231
d 5 11030
d 3 7931
d 3 18248
d 4 20501
d 1 24237
d 3 22661
d 3 10618
d 3 12725
d 3 13132
d 3 16632
d 3 1988
d 3 1185
d 1 7927
d 1 15403
d 4 22945
d 3 13792
d 3 3905
d 3 15972
d 3 21035
d 5 3535
d 3 21727
d 5 10611
d 3 9100
d 3 4987
d 5 11160
d 3 4014
d 5 24015
d 3 9407
d 5 5492
d 1 19248
d 1 23845
d 5 21099
d 1 21155
d 1 14433
d 1 4463
d 3 10704
d 1 20208
d 3 23648
d 4 20222
d 4 1151
d 1 4237
d 1 8049
d 1 4278
d 1 8266
d 3 24540
d 5 11169
d 5 21095
d 1 12093
d 3 18842
d 1 22797
d 1 20964
d 1 5829
d 3 23059
d 5 4459
d 3 1687
d 3 10005
d 3 20879
d 4 7536
d 1 4258
d 3 14119
d 3 14120
d 4 18169
d 1 20084
d 1 19511
d 5 4165
d 1 6269
d 3 5934
d 1 17167
d 4 3077
d 1 18849
d 1 23751
d 3 23484
d 1 23842
d 1 17540
d 3 2060
d 3 19026
d 5 8775
d 3 1527
d 5 1502
d 1 9852
d 1 18159
d 1 12265
d 3 11153
d 3 20658
d 1 16548
d 1 1769
d 3 563
d 3 11453
d 1 15079
d 1 23876
d 3 24884
d 4 18512
d 1 10732
d 3 1238
d 3 11536
d 1 24988
d 3 19387
d 5 164
d 3 6333
d 5 22914
d 1 13664
d 5 1456
d 1 9985
d 3 2734
d 3 5567
d 1 3435
d 3 8380
d 3 6577
d 4 4964
d 1 8133
d 5 7037
d 1 24260
d 4 13126
d 1 19355
d 1 11003
d 1 2444
d 1 3505
d 4 13560
d 4 99
d 1 12651
d 1 23236
d 1 11773
d 4 4018
d 3 10835
d 1 17059
d 1 3826
d 3 24607
d 1 3805
d 3 24098
d 1 15648
d 1 8650
d 1 3692
d 5 533
d 5 14845
d 1 17728
d 5 2460
d 5 17395
d 1 24470
d 3 13574
d 1 19132
d 4 8341
d 3 6797
d 1 3561
d 3 23463
d 5 2124
d 1 20307
d 1 9766
d 3 14037
d 5 14351
d 1 22407
d 1 12848
d 3 22759
d 3 15548
d 3 12276
d 3 10576
d 3 7058
d 1 19950
d 3 16718
d 4 4073
d 1 23755
d 1 23737
d 3 15659
d 4 24302
d 3 1580
d 1 22584
d 1 19842
d 1 12827
d 1 21890
d 1 3697
d 3 21709
d 4 15383
d 1 24717
d 3 22317
d 1 15931
d 3 3248
d 5 22408
d 3 4384
d 5 535
d 3 15455
d 1 16388
d 1 5759
d 1 19512
d 1 2919
d 1 17752
d 3 12448
d 3 12122
d 1 16157
d 3 23604
d 3 1996
d 3 12984
d 3 15911
d 3 22088
d 1 19930
d 1 21539
d 3 16637
d 3 2876
d 1 24786
d 1 5584
d 3 3502
d 1 12204
d 3 395
d 1 22196
d 3 394
d 5 4887
d 1 12390
d 3 18397
d 3 13048
d 3 13049
d 3 11597
d 1 8619
d 1 8625
d 5 19806
d 4 16315
d 3 14173
d 3 4569
d 4 13698
d 1 11147
d 1 5714
d 1 17584
d 5 19437
d 1 2363
d 4 12756
d 1 3079
d 1 6203
d 3 6378
d 1 15364
d 1 16874
d 5 3745
d 3 5017
d 1 21936
d 3 16324
d 3 22462
d 1 16196
d 3 17292
d 3 17662
d 4 2356
d 3 9443
d 4 13105
d 1 8203
d 4 253
d 3 11186
d 3 8094
d 1 4584
d 3 16916
d 3 7218
d 3 13638
d 1 19394
d 5 12217
d 4 5696
d 3 8294
d 3 18
d 3 2370
d 3 11848
d 3 20680
d 1 17063
d 1 1820
d 1 7262
d 3 6513
d 5 4732
d 3 23453
d 3 1422
d 3 22803
d 1 2190
d 3 17634
d 3 17785
d 3 10965
d 4 157
d 1 10848
d 3 24952
d 3 7438
d 1 24972
d 3 24144
d 3 22617
d 3 9195
d 1 8274
d 3 17582
d 3 11144
d 1 3123
d 1 15494
d 1 11475
d 3 4888
d 1 4855
d 1 16684
d 1 10204
d 4 8311
d 1 6628
d 3 14102
d 1 4162
d 3 17485
d 3 17081
d 3 14039
d 5 3027
d 3 13545
d 1 15837
d 3 13608
d 1 9506
d 3 8513
d 3 3751
d 3 22602
d 3 14228
d 5 17006
d 1 6485
d 1 3979
d 1 18223
d 3 3354
d 3 20378
d 3 12526
d 3 300
d 3 15552
d 4 15230
d 1 4330
d 4 9855
d 3 9997
d 4 22004
d 5 3218
d 1 21159
d 3 20959
d 3 10474
d 1 10577
d 1 2757
d 3 13026
d 3 417
d 1 22240
d 3 12804
d 1 17002
d 3 15622
d 1 22470
d 4 21193
d 1 5317
d 3 10782
d 1 18524
d 3 14946
d 3 22355
d 1 21147
d 3 11269
d 1 7391
d 5 19708
d 4 16819
d 1 10593
d 1 4877
d 1 23889
d 1 6674
d 4 10647
d 3 18698
d 1 11703
d 3 18112
d 5 95
d 1 5606
d 5 8860
d 1 18809
d 1 13940
d 1 13941
d 1 13942
d 1 17950
d 5 22676
d 3 17306
d 1 18260
d 1 11156
d 3 16415
d 5 17127
d 1 5889
d 5 14610
d 4 5777
d 3 15289
d 3 18871
d 4 6865
d 1 18692
d 3 12446
d 3 8491
d 3 16162
d 3 6268
d 1 2375
d 3 7474
d 1 24239
d 4 2942
d 1 9894
d 1 18054
d 3 7676
d 1 23097
d 4 8372
d 1 16115
d 3 17346
d 1 12392
d 3 22869
d 1 8180
d 3 17357
d 3 7471
d 3 10590
d 3 18410
d 3 1259
d 1 24138
d 3 3042
d 5 17039
d 1 17441
d 5 5193
d 3 3904
d 3 5585
d 3 22926
d 1 23448
d 1 21401
d 3 2259
d 3 1435
d 3 9090
d 1 19372
d 1 10421
d 3 22574
d 3 24608
d 3 14741
d 5 21688
d 5 22820
d 1 1052
d 1 16159
d 1 9089
d 4 907
d 3 3802
d 3 16913
d 3 12718
d 1 6634
d 3 10949
d 1 10041
d 5 12225
d 5 11655
d 3 13176
d 3 10026
d 3 20841
d 3 21364
d 1 16859
d 3 14734
d 5 17367
d 1 10776
d 4 18182
d 5 22837
d 1 14026
d 1 7588
d 5 17545
d 1 12009
d 5 3330
d 3 11610
d 3 11611
d 1 5090
d 3 19843
d 3 15254
d 3 24449
d 3 1447
d 3 11725
d 3 15012
d 1 19370
d 3 18635
d 1 18585
d 1 13920
d 1 22741
d 1 15205
d 1 17613
d 1 1163
d 4 6930
d 1 7895
d 5 21636
d 3 15529
d 5 18413
d 5 5303
d 1 6372
d 5 21163
d 1 21889
d 4 18041
d 4 15175
d 1 11498
d 3 13727
d 4 8005
d 1 20994
d 3 12521
d 3 23895
d 3 18400
d 1 3436
d 1 7923
d 5 11858
d 1 9055
d 3 22867
d 3 18338
d 3 14574
d 3 23687
d 3 19332
d 4 7504
d 1 18446
d 1 17475
d 3 2324
d 3 4167
d 1 9114
d 5 132
d 1 19661
d 3 19340
d 1 20872
d 5 24647
d 1 21515
d 3 14121
d 3 6730
d 1 19379
d 1 3339
d 3 19492
d 4 18120
d 3 23781
d 3 6463
d 1 10296
d 1 20293
d 1 14567
d 3 13511
d 3 10606
d 5 8389
d 1 19157
d 1 15507
d 1 16571
d 3 8399
d 1 4345
d 1 610
d 3 12463
d 1 22022
d 3 13252
d 4 22657
d 5 22473
d 1 13080
d 3 11424
d 1 22831
d 4 2154
d 3 19480
d 3 17095
d 3 17052
d 3 20186
d 3 11358
d 3 23734
d 3 2707
d 1 10487
d 5 20695
d 3 5226
d 1 20488
d 3 2140
d 1 10301
d 1 17555
d 1 9004
d 3 19403
d 1 16965
d 1 16966
d 4 13278
d 4 14605
d 3 10689
d 3 7337
d 4 12660
d 5 13518
d 3 9145
d 3 17414
d 3 11112
d 3 22929
d 4 2310
d 3 11479
d 1 17937
d 1 24660
d 1 7216
d 3 11343
d 1 9853
d 1 2808
d 3 17106
d 3 21637
d 3 21638
d 3 21639
d 3 2888
d 1 15735
d 1 24686
d 5 13361
d 3 1982
d 1 21861
d 3 16802
d 1 19998
d 3 19399
d 1 4042
d 3 9534
d 3 11921
d 3 6260
d 5 20386
d 1 11335
d 1 14097
d 3 158
d 3 8428
d 1 10711
d 4 16995
d 1 15244
d 3 8445
d 3 7670
d 3 4330
d 4 18317
d 3 10048
d 1 1625
d 1 17720
d 4 23445
d 1 8385
d 4 3074
d 1 21370
d 3 11908
d 3 2203
d 1 13037
d 1 10844
d 1 5756
d 1 4696
d 3 332
d 5 17245
d 3 20224
d 1 2740
d 3 24490
d 3 2229
d 5 2477
d 3 21000
d 1 22930
d 3 22853
d 5 7245
d 3 2394
d 3 3412
d 3 24885
d 3 409
d 1 24376
d 3 15448
d 3 13721
d 5 8124
d 3 12481
d 3 4759
d 1 9155
d 3 6402
d 4 3678
d 1 7639
d 1 16659
d 5 816
d 1 19679
d 1 9886
d 1 19194
d 5 3075
d 1 3730
d 1 15045
d 3 2796
d 5 24220
d 3 12629
d 5 15745
d 3 15483
d 1 9237
d 5 9647
d 5 8088
d 3 769
d 1 9093
d 1 24729
d 4 15159
d 5 13661
d 3 7639
d 1 3196
d 3 21514
d 4 2603
d 3 8122
d 5 17153
d 1 6925
d 1 15311
d 3 16703
d 3 2079
d 1 8561
d 5 22895
d 4 13479
d 1 6787
d 1 6603
d 4 13481
d 1 6245
d 1 2226
d 4 7189
d 3 23865
d 3 14315
d 3 12085
d 4 3015
d 3 16184
d 1 22210
d 1 22211
d 1 22212
d 3 11684
d 5 20396
d 1 22605
d 1 9253
d 4 2329
d 1 7259
d 5 4646
d 3 4070
d 3 3249
d 3 22334
d 1 21419
d 1 22079
d 3 6964
d 1 9593
d 1 9745
d 1 23535
d 3 19266
d 3 13895
d 1 6892
d 3 4745
d 1 19803
d 3 13027
d 3 8933
d 3 1998
d 3 22536
d 3 5305
d 4 5343
d 3 12494
d 3 7832
d 4 20760
d 3 8134
d 3 7362
d 3 23570
d 3 1344
d 1 18477
d 3 9055
d 3 17161
d 3 3924
d 3 23600
d 3 15292
d 3 18322
d 1 6357
d 3 24432
d 3 7982
d 3 3195
d 1 14106
d 3 14626
d 3 7056
d 1 14136
d 1 19250
d 5 11680
d 1 8410
d 3 20436
d 3 3398
d 5 4352
d 3 22672
d 3 167
d 3 24131
d 1 22391
d 3 23036
d 1 16759
d 1 1830
d 1 894
d 3 11813
d 1 4382
d 3 18302
d 3 11394
d 3 13596
d 4 18445
d 1 1779
d 5 18628
d 1 16751
d 1 22096
d 3 24032
d 3 2017
d 3 7099
d 1 22521
d 3 12756
d 3 8329
d 5 10589
d 5 16060
d 3 21592
d 3 21593
d 5 20383
d 3 10324
d 3 23823
d 3 7090
d 3 12901
d 3 1700
d 3 13424
d 3 17293
d 5 4883
d 3 2668
d 5 16227
d 5 13909
d 5 17149
d 1 4700
d 1 19343
d 1 2350
d 3 3991
d 1 10139
d 3 22780
d 4 17211
d 4 8570
d 4 24276
d 3 18780
d 3 22018
d 4 13246
d 1 6196
d 1 5351
d 3 1640
d 3 22739
d 3 18839
d 1 14241
d 1 20085
d 3 19313
d 3 6929
d 1 1124
d 1 14626
d 5 4412
d 3 23716
d 3 9091
d 3 203
d 1 7196
d 3 19159
d 3 10006
d 1 21342
d 1 1315
d 1 11667
d 3 16118
d 3 1417
d 3 14251
d 3 10823
d 3 23420
d 1 18053
d 1 9933
d 3 4628
d 1 22674
d 3 10391
d 1 4800
d 3 8137
d 5 10173
d 3 21273
d 1 22080
d 3 6830
d 3 12155
d 4 15943
d 3 16713
d 3 7837
d 1 19958
d 1 13828
d 3 6832
d 3 7630
d 1 5827
d 1 2010
d 3 4363
d 3 16762
d 1 21019
d 1 23121
d 5 6396
d 1 5660
d 4 18132
d 1 22457
d 1 15214
d 3 20599
d 1 14330
d 1 5045
d 1 2020
d 4 19833
d 3 22870
d 3 1617
d 1 11705
d 1 24561
d 4 18119
d 1 8014
d 1 12561
d 3 17720
d 1 3494
d 5 24491
d 3 9477
d 4 8377
d 5 19821
d 3 12218
d 5 2499
d 1 19444
d 3 21608
d 3 21292
d 5 13789
d 3 5186
d 1 3580
d 4 19626
d 1 22916
d 3 8336
d 3 8337
d 1 3134
d 3 14604
d 3 21905
d 1 23985
d 1 2319
d 1 7804
d 1 18261
d 1 9503
d 1 17459
d 1 14615
d 1 17763
d 1 13634
d 1 10867
d 3 21142
d 3 23469
d 3 18616
d 3 2104
d 3 17544
d 3 13407
d 1 7373
d 1 17571
d 3 7695
d 3 14688
d 1 23678
d 5 12108
d 3 22376
d 1 2748
d 1 21541
d 3 1569
d 3 19561
d 4 23616
d 4 9551
d 3 16179
d 1 12395
d 1 16333
d 1 17958
d 3 8494
d 1 5308
d 1 5608
d 5 8751
d 4 22148
d 1 9806
d 3 12447
d 1 3143
d 5 12625
d 1 14424
d 3 8285
d 5 21166
d 1 13184
d 1 6397
d 3 23882
d 3 9060
d 1 1276
d 3 22833
d 3 6355
d 3 21276
d 3 10060
d 1 1245
d 3 11451
d 3 9011
d 1 20666
d 1 1551
d 3 8536
d 1 24241
d 1 16967
d 3 16535
d 3 1662
d 1 12384
d 3 18944
d 1 14589
d 1 24269
d 5 10556
d 1 10730
d 1 7130
d 5 22595
d 3 1271
d 3 16994
d 3 18207
d 3 957
d 3 21437
d 1 13943
d 3 19780
d 3 19006
d 1 4443
d 4 6892
d 1 9113
d 3 20379
d 5 21134
d 1 10640
d 1 19291
d 3 23155
d 3 11627
d 1 17048
d 4 18644
d 1 10420
d 4 492
d 3 1420
d 4 8210
d 3 21320
d 5 21854
d 5 9327
d 4 21994
d 1 19875
d 3 222
d 3 17844
d 1 13209
d 3 23535
d 3 18626
d 4 13990
d 1 5924
d 4 1361
d 3 13551
d 3 8545
d 1 18732
d 1 21102
d 1 10449
d 4 16574
d 3 4187
d 4 15231
d 5 21096
d 1 18777
d 1 15049
d 3 3375
d 1 22408
d 1 9071
d 3 14713
d 3 3035
d 5 11071
d 1 6262
d 3 12683
d 1 13911
d 1 6604
d 3 23455
d 5 1879
d 1 9734
d 1 5202
d 5 15952
d 1 17468
d 1 11977
d 3 17496
d 3 12599
d 3 20491
d 1 23353
d 3 7230
d 3 16230
d 3 5163
d 3 16277
d 3 6607
d 1 22259
d 1 9768
d 3 850
d 1 15362
d 3 2767
d 1 16402
d 1 22556
d 3 24615
d 3 21704
d 5 9861
d 3 6727
d 3 21863
d 5 2725
d 1 13646
d 1 22104
d 1 24989
d 1 10819
d 3 11854
d 1 5231
d 3 212
d 1 7720
d 1 15286
d 3 5118
d 5 12482
d 1 18630
d 3 15355
d 3 14432
d 1 12930
d 3 9668
d 4 14395
d 3 9673
d 4 24027
d 3 24528
d 3 19025
d 1 5871
d 4 1229
d 4 22772
d 1 19519
d 3 8216
d 1 18391
d 4 8026
d 3 5932
d 4 5247
d 1 4648
d 3 6433
d 5 17088
d 1 5518
d 3 12095
d 3 12050
d 3 2550
d 1 5772
d 1 18863
d 5 20539
d 1 12375
d 3 20357
d 1 13477
d 5 22217
d 5 10296
d 3 21260
d 3 4514
d 1 22493
d 3 22430
d 3 1167
d 1 11203
d 3 1437
d 1 12232
d 3 19856
d 3 5031
d 3 5032
d 5 2147
d 5 20335
d 5 21847
d 3 5669
d 1 3910
d 1 22089
d 1 18811
d 5 21542
d 3 20711
d 3 16807
d 4 15754
d 1 20308
d 1 11178
d 3 24301
d 3 23877
d 1 4220
d 1 7552
d 3 12996
d 1 16868
d 1 19825
d 5 20025
d 1 19541
d 3 18984
d 3 24951
d 1 11689
d 3 8821
d 1 6783
d 1 2009
d 1 4217
d 3 10555
d 3 10127
d 1 5685
d 5 16605
d 3 15118
d 1 20752
d 3 14292
d 1 5849
d 1 3844
d 1 11287
d 1 10904
d 1 21103
d 1 19040
d 4 17819
d 3 20508
d 1 1704
d 1 8388
d 5 18379
d 3 8562
d 3 21962
d 3 12392
d 5 11543
d 5 12213
d 1 18616
d 3 23394
d 3 4969
d 4 11989
d 3 8357
d 3 16837
d 4 12613
d 3 21836
d 1 6934
d 1 6095
d 3 15316
d 1 18305
d 3 13823
d 3 1265
d 1 10294
d 1 18895
d 1 16111
d 3 24720
d 1 20474
d 3 10980
d 3 1866
d 3 23945
d 1 8075
d 3 12315
d 1 12803
d 3 14603
d 3 15609
d 5 1150
d 1 14402
d 3 15700
d 1 19351
d 1 16048
d 1 18806
d 1 10105
d 3 3419
d 4 19873
d 3 22656
d 3 17002
d 1 22213
d 1 10363
d 3 12300
d 3 13857
d 1 16366
d 3 21109
d 3 12903
d 4 12344
d 1 6447
d 3 10213
d 4 6139
d 3 1601
d 1 8613
d 1 9112
d 3 16377
d 1 12311
d 3 23448
d 4 6273
d 4 5013
d 3 19892
d 3 17845
d 1 23763
d 1 12518
d 3 21640
d 4 8434
d 5 18033
d 1 7992
d 5 24280
d 3 20810
d 3 17239
d 3 1390
d 3 1391
d 3 1392
d 1 3474
d 5 18534
d 1 11885
d 1 24943
d 3 4651
d 3 2452
d 3 8668
d 1 10571
d 1 873
d 1 9722
d 3 11582
d 3 12983
d 1 17936
d 1 23027
d 5 3788
d 3 11227
d 3 422
d 1 3432
d 1 23781
d 5 17500
d 1 14673
d 1 18419
d 3 4039
d 1 10643
d 3 15973
d 1 9167
d 3 2329
d 1 1407
d 3 9314
d 4 1266
d 4 18086
d 1 8270
d 1 4441
d 5 4539
d 1 21039
d 3 13797
d 1 1855
d 1 23045
d 1 17818
d 3 18175
d 3 9331
d 3 8531
d 5 22132
d 4 14624
d 3 24534
d 4 24415
d 3 1405
d 5 20586
d 1 10756
d 5 16962
d 1 23901
d 3 5018
d 1 7781
d 3 11113
d 1 1071
d 3 4783
d 5 19029
d 5 15953
d 4 5217
d 3 3717
d 4 18319
d 1 18610
d 1 11698
d 1 18961
d 5 16034
d 3 19765
d 5 24953
d 1 12568
d 3 10382
d 3 6699
d 1 4489
d 1 2040
d 3 6138
d 1 1707
d 1 17321
d 1 5618
d 4 19739
d 1 4137
d 4 432
d 4 17792
d 1 12691
d 3 12679
d 1 5309
d 1 23194
d 5 24126
d 5 7509
d 1 4632
d 1 11666
d 4 23708
d 5 5261
d 3 1032
d 1 5084
d 3 2549
d 3 12117
d 3 20818
d 3 4430
d 3 7033
d 1 5604
d 3 11171
d 3 10461
d 3 16006
d 3 6919
d 1 22393
d 1 14511
d 1 7158
d 4 6410
d 1 24723
d 3 7035
d 5 11619
d 3 17580
d 3 10010
d 3 10531
d 3 14388
d 3 753
d 4 14298
d 1 15226
d 3 23220
d 3 8125
d 5 22681
d 5 19519
d 3 5847
d 5 24316
d 1 20235
d 3 14984
d 1 3368
d 3 2200
d 4 4918
d 3 11613
d 5 18818
d 3 10838
d 1 17948
d 1 11636
d 3 18296
d 1 14644
d 4 5045
d 1 2320
d 3 414
d 1 17771
d 1 12943
d 3 10780
d 3 7268
d 1 17171
d 3 17938
d 5 9597
d 1 24135
d 3 13165
d 1 3741
d 1 8882
d 4 9824
d 5 20355
d 3 20358
d 1 8076
d 1 3549
d 3 11567
d 3 22608
d 3 3262
d 3 13908
d 1 13802
d 1 2180
d 3 3364
d 3 6325
d 3 7944
d 1 18723
d 4 3959
d 1 5252
d 3 5033
d 1 4056
d 5 15629
d 3 22614
d 3 22615
d 3 3704
d 1 7641
d 1 19516
d 1 8551
d 4 11157
d 1 12294
d 1 6164
d 3 16020
d 3 1795
d 3 5519
d 3 20692
d 1 17305
d 3 10473
d 3 16350
d 3 6408
d 3 1671
d 5 18494
d 3 10683
d 1 3765
d 3 2669
d 3 7265
d 3 13458
d 1 6373
d 4 11042
d 5 24266
d 3 4666
d 1 19385
d 5 13052
d 1 15402
d 5 4711
d 3 24425
d 3 14740
d 1 17662
d 1 9704
d 3 17347
d 1 2446
d 5 15270
d 3 13139
d 1 2230
d 3 10508
d 3 10383
d 1 13560
d 4 15717
d 1 8871
d 1 23320
d 4 17011
d 4 21380
d 3 24088
d 1 22091
d 1 11270
d 4 15813
d 5 19850
d 3 10436
d 1 12990
d 5 11925
d 1 17846
d 4 6936
d 3 7926
d 1 23458
d 3 18637
d 1 20494
d 4 11258
d 1 15390
d 3 11941
d 3 1328
d 4 10066
d 3 21793
d 1 21703
d 1 24049
d 1 7445
d 3 2924
d 1 13827
d 5 15666
d 1 4445
d 1 23268
d 4 13804
d 3 14997
d 3 17036
d 1 22729
d 1 18552
d 4 24067
d 5 8744
d 3 9304
d 3 9079
d 3 22490
d 1 15488
d 5 24709
d 3 12749
d 1 19869
d 1 3558
d 1 3559
d 3 16395
d 1 7143
d 4 1076
d 3 19349
d 3 6587
d 3 12797
d 3 14784
d 3 24748
d 1 21897
d 4 23135
d 3 24793
d 4 4030
d 3 17829
d 1 1310
d 4 6300
d 1 7328
d 3 12365
d 1 16299
d 1 20095
d 3 20079
d 3 11895
d 5 7976
d 3 4914
d 4 23937
d 4 16964
d 1 17220
d 3 339
d 5 2936
d 1 5683
d 4 17951
d 1 18275
d 5 16117
d 3 21958
d 3 5900
d 1 10163
d 4 24901
d 1 19075
d 1 3702
d 1 12876
d 1 13647
d 1 2507
d 1 5270
d 4 12805
d 1 18430
d 3 21595
d 4 17562
d 1 6517
d 3 14069
d 1 21931
d 3 16131
d 1 10108
d 3 8046
d 3 24327
d 3 24077
d 4 18195
d 1 6313
d 1 12999
d 3 23371
d 3 13843
d 1 8491
d 1 11677
d 5 19665
d 1 24390
d 1 21691
d 3 3215
d 5 7094
d 4 15807
d 5 14357
d 3 4989
d 4 77
d 4 15784
d 3 23266
d 3 5312
d 1 5734
d 4 15340
d 5 13119
d 1 14674
d 1 4388
d 1 4163
d 1 4164
d 1 4134
d 3 13826
d 3 2869
d 3 12464
d 3 16881
d 1 20832
d 1 6022
d 1 8306
d 3 10753
d 1 5046
d 3 20654
d 1 12955
d 3 17564
d 3 3437
d 3 23110
d 1 20893
d 1 17493
d 3 21697
d 1 17072
d 5 21468
d 1 8778
d 3 23741
d 3 10587
d 3 19562
d 3 24974
d 3 8658
d 3 20742
d 1 24961
d 1 22070
d 1 809
d 4 4500
d 1 7726
d 3 14316
d 3 14318
d 1 3350
d 1 14322
d 1 19388
d 3 21849
d 3 12945
d 1 17460
d 1 11819
d 1 18024
d 1 24518
d 1 20162
d 1 15272
d 4 13599
d 1 11668
d 5 17384
d 5 7840
d 1 7594
d 3 745
d 1 14616
d 3 3310
d 3 14627
d 1 14119
d 5 21087
d 3 6562
d 1 14536
d 3 1561
d 3 7330
d 5 10597
d 3 22028
d 1 4380
d 1 18822
d 5 2478
d 3 22304
d 5 21927
d 3 20309
d 3 7844
d 1 5550
d 4 21430
d 4 24965
d 1 8883
d 1 14037
d 4 23938
d 1 3962
d 1 11862
d 1 11863
d 1 11423
d 1 9327
d 1 22261
d 1 24569
d 1 6596
d 3 2406
d 1 16760
d 1 6912
d 1 4221
d 3 14375
d 1 10510
d 3 3202
d 1 6132
d 3 22868
d 4 3572
d 1 7055
d 3 13072
d 4 1405
d 4 12483
d 3 23102
d 3 21140
d 5 24809
d 1 22453
d 1 14514
d 1 1265
d 3 5094
d 3 20778
d 5 18951
d 1 18962
d 3 15948
d 4 15739
d 4 13482
d 3 5211
d 3 1676
d 1 3624
d 3 13688
d 1 11407
d 1 7376
d 5 2050
d 3 18019
d 3 3213
d 3 19894
d 5 3295
d 1 19356
d 3 3070
d 1 12070
d 3 13126
d 1 4036
d 3 23503
d 4 2405
d 4 1525
d 3 19702
d 5 17319
d 1 3879
d 1 8022
d 4 16262
d 1 16223
d 3 11492
d 5 19521
d 3 7683
d 3 14271
d 3 18721
d 1 6534
d 1 5840
d 1 9341
d 1 3610
d 3 14728
d 1 1929
d 1 15474
d 1 16561
d 1 15935
d 3 12622
d 3 11412
d 3 9052
d 1 23074
d 3 18849
d 5 15285
d 3 733
d 5 24657
d 3 23459
d 3 16278
d 4 21376
d 1 4752
d 3 20760
d 1 18611
d 3 15295
d 1 18348
d 4 13213
d 1 20679
d 3 22023
d 1 11817
d 3 23363
d 1 8215
d 1 8413
d 1 18543
d 1 18544
d 4 1019
d 5 24071
d 1 20869
d 3 2606
d 1 10565
d 3 18242
d 1 5761
d 4 14531
d 3 24322
d 3 24323
d 3 24324
d 3 22892
d 1 11450
d 1 5281
d 1 17594
d 3 10633
d 1 2836
d 1 4898
d 5 23074
d 3 11168
d 5 17908
d 1 23050
d 1 16231
d 1 11550
d 3 2471
d 5 22435
d 1 13575
d 1 3870
d 3 6658
d 1 20707
d 3 17301
d 3 23320
d 4 13097
d 4 12517
d 3 2982
d 1 21439
d 1 14952
d 1 4140
d 3 21743
d 1 12992
d 4 11470
d 3 17901
d 4 24404
d 3 23071
d 1 6525
d 5 23293
d 5 20691
d 3 24627
d 3 20826
d 3 16232
d 5 11328
d 4 13812
d 1 1031
d 1 11749
d 1 11579
d 5 15806
d 3 5140
d 3 2413
d 5 2316
d 4 19939
d 1 19936
d 1 3355
d 1 13975
d 1 19680
d 5 24466
d 5 16585
d 1 24456
d 3 6021
d 1 13685
d 3 9981
d 4 5620
d 3 18303
d 1 6769
d 1 8223
d 1 21822
d 1 12250
d 3 21610
d 5 21360
d 3 18452
d 3 21656
d 1 14971
d 4 4573
d 1 3807
d 1 19921
d 5 24557
d 3 12051
d 1 5182
d 3 1842
d 3 23563
d 3 5748
d 1 18654
d 3 16969
d 4 695
d 5 23787
d 4 4575
d 3 12478
d 1 15512
d 1 23722
d 1 10342
d 1 4160
d 3 21464
d 1 18136
d 3 18289
d 3 15550
d 3 17798
d 3 17799
d 3 17800
d 1 23583
d 1 6843
d 1 12951
d 1 9551
d 1 14509
d 4 8003
d 1 22945
d 4 22067
d 1 6386
d 1 16130
d 4 15535
d 1 4581
d 3 17217
d 1 17503
d 1 23707
d 3 5819
d 3 8431
d 1 7189
d 4 3059
d 3 4999
d 1 19406
d 1 24147
d 3 10984
d 4 6488
d 3 23632
d 5 23324
d 1 15118
d 3 8949
d 5 18886
d 1 23925
d 1 20638
d 3 14065
d 1 20770
d 1 5303
d 3 9395
d 3 24398
d 1 12273
d 1 4542
d 5 14652
d 3 9907
d 1 3206
d 1 18287
d 3 9543
d 1 21249
d 1 17318
d 3 10022
d 1 19139
d 5 21249
d 5 11092
d 5 3215
d 4 13493
d 5 22229
d 5 22228
d 3 19148
d 1 13527
d 1 23867
d 1 21664
d 4 24340
d 1 22987
d 1 17593
d 1 9792
d 3 21870
d 3 15365
d 5 23681
d 5 19561
d 1 18613
d 1 7118
d 3 2572
d 1 11598
d 4 11229
d 1 13331
d 1 24907
d 3 10503
d 1 9339
d 5 12479
d 3 22761
d 3 4981
d 3 4074
d 1 19207
d 1 6133
d 1 5686
d 1 5687
d 4 11982
d 1 1117
d 1 23588
d 3 19388
d 1 24903
d 3 8090
d 5 22135
d 3 7762
d 1 8389
d 1 5949
d 1 4604
d 3 1540
d 4 11909
d 5 4847
d 3 12549
d 5 5712
d 3 7030
d 1 13328
d 3 10652
d 3 5129
d 1 16605
d 3 24094
d 1 4976
d 3 14278
d 4 7285
d 1 18312
d 3 17446
d 1 11609
d 3 10995
d 4 20429
d 3 3169
d 3 18712
d 5 24772
d 3 21121
d 1 19974
d 1 5730
d 5 8132
d 3 8546
d 1 12743
d 4 1895
d 1 24845
d 4 16982
d 3 16227
d 3 9054
d 5 13139
d 1 12076
d 1 16170
d 3 23569
d 1 1122
d 5 3950
d 3 2020
d 5 7979
d 3 13392
d 5 14264
d 4 21777
d 1 2313
d 3 2465
d 1 4543
d 5 12101
d 1 14067
d 3 14286
d 3 660
d 5 18049
d 1 13505
d 1 24093
d 1 6263
d 3 2254
d 5 22589
d 3 23772
d 1 3274
d 4 8844
d 1 4129
d 1 3426
d 3 149
d 1 23013
d 1 6347
d 3 14440
d 1 7451
d 1 24623
d 5 20444
d 3 3657
d 1 7967
d 1 9565
d 3 22436
d 3 6996
d 3 4764
d 5 16320
d 1 7830
d 1 17256
d 4 4304
d 1 14847
d 3 6961
d 3 20034
d 4 20165
d 5 5248
d 1 13472
d 3 14071
d 1 6124
d 3 23117
d 1 9664
d 1 1956
d 4 1252
d 3 9805
d 3 13167
d 1 1532
d 1 4122
d 1 15287
d 5 19016
d 5 20709
d 3 17540
d 3 3820
d 4 8315
d 4 24041
d 1 13432
d 1 15855
d 3 16774
d 1 15695
d 1 24374
d 5 22192
d 3 19351
d 5 6271
d 1 19572
d 5 13023
d 4 7563
d 4 12298
d 1 17337
d 3 20372
d 1 17781
d 3 22677
d 3 2420
d 3 16319
d 1 9014
d 4 4526
d 3 10353
d 3 14804
d 5 16732
d 3 4042
d 5 21842
d 1 5454
d 3 24538
d 3 15020
d 3 1071
d 3 12338
d 3 24286
d 1 15132
d 3 5041
d 3 20537
d 5 22990
d 1 3985
d 4 13057
d 3 23975
d 1 14378
d 5 20871
d 1 16873
d 3 19370
d 1 23204
d 4 16430
d 1 24681
d 3 210
d 3 14793
d 1 18542
d 3 22560
d 1 2492
d 1 12397
d 1 10477
d 3 19729
d 4 14175
d 1 3830
d 3 8458
d 3 22616
d 1 16016
d 3 15545
d 1 6349
d 3 18161
d 3 18796
d 4 14883
d 3 6820
d 3 24220
d 3 1953
d 3 14038
d 1 11105
d 1 22417
d 1 21637
d 3 4082
d 1 21635
d 3 24260
d 3 10345
d 3 13795
d 1 8361
d 4 16202
d 4 5014
d 1 1188
d 1 5475
d 1 18812
d 5 23636
d 5 5612
d 4 20898
d 3 18290
d 1 8450
d 1 8451
d 3 6337
d 1 19793
d 3 10355
d 1 7553
d 4 8561
d 1 921
d 3 17985
d 1 10433
d 1 19275
d 5 2122
d 1 12656
d 3 20918
d 1 19283
d 1 6433
d 3 4341
d 1 12879
d 3 16021
d 1 12307
d 3 18699
d 1 14457
d 3 2367
d 3 350
d 1 18286
d 1 15601
d 3 3685
d 3 1716
d 4 2986
d 5 16511
d 1 19538
d 1 14645
d 1 23082
d 1 6696
d 4 27
d 1 16289
d 3 5009
d 1 15162
d 3 3794
d 3 2539
d 5 3773
d 1 9475
d 3 1848
d 3 22231
d 4 12735
d 3 24652
d 1 23430
d 3 23841
d 3 23793
d 3 7429
d 4 3940
d 4 5323
d 3 9169
d 3 6170
d 1 7549
d 3 18864
d 5 18075
d 5 18076
d 5 18077
d 3 17332
d 3 24362
d 5 23222
d 4 24626
d 3 19911
d 3 6628
d 1 4481
d 5 24018
d 1 17462
d 3 24444
d 3 15301
d 3 7675
d 5 21943
d 4 3349
d 3 8988
d 5 8254
d 5 7317
d 3 4283
d 4 8155
d 1 7846
d 5 2957
d 3 3237
d 3 5895
d 1 23590
d 3 10612
d 3 4030
d 5 5779
d 3 23046
d 3 16981
d 4 5097
d 4 5098
d 3 3823
d 1 2601
d 3 10374
d 5 855
d 3 17132
d 1 24115
d 4 21378
d 1 12891
d 5 5771
d 3 17878
d 5 13817
d 5 13818
d 3 18622
d 5 14356
d 4 19889
d 3 15392
d 1 7357
d 3 21565
d 4 18638
d 5 22462
d 3 20732
d 3 24964
d 1 4117
d 1 20107
d 3 2995
d 3 15989
d 5 9760
d 5 12933
d 1 7110
d 5 3791
d 5 18705
d 1 1200
d 1 21232
d 1 13577
d 1 11804
d 3 9891
d 3 13443
d 5 3975
d 5 3133
d 4 18887
d 3 17815
d 3 1736
d 3 14973
d 3 14825
d 1 16551
d 1 8667
d 1 12839
d 4 8738
d 1 4165
d 3 14992
d 3 11681
d 4 14412
d 3 20080
d 3 14216
d 5 12495
d 1 11867
d 3 17067
d 3 24671
d 3 19733
d 3 10621
d 3 23504
d 1 21341
d 1 17760
d 3 4663
d 3 18547
d 5 11648
d 1 4351
d 4 7360
d 3 19337
d 4 4309
d 3 1451
d 1 22624
d 3 23692
d 5 24903
d 4 14606
d 1 16851
d 4 13448
d 5 13171
d 1 3969
d 3 2714
d 3 9403
d 4 10341
d 3 13891
d 5 22134
d 5 36
d 1 4276
d 1 1009
d 3 9364
d 4 18408
d 5 8212
d 1 21803
d 1 6414
d 4 1388
d 3 17319
d 4 21846
d 1 1336
d 1 10617
d 1 15400
d 3 12491
d 4 24125
d 4 2445
d 3 11601
d 1 14040
d 3 10343
d 5 10100
d 5 4917
d 4 7522
d 1 6337
d 3 6874
d 1 5563
d 3 10330
d 5 5276
d 3 13205
d 3 14937
d 1 10854
d 1 20164
d 3 9687
d 1 2051
d 1 13742
d 1 10462
d 3 8043
d 4 1860
d 1 17743
d 1 3338
d 3 13967
d 1 17782
d 3 4611
d 5 20028
d 1 23833
d 1 1056
d 3 3697
d 4 16327
d 5 12286
d 4 6382
d 4 6383
d 3 174
d 1 11864
d 4 1573
d 1 17508
d 5 24019
d 1 5342
d 3 18313
d 3 5019
d 5 5599
d 1 20083
d 1 2036
d 1 21988
d 1 10314
d 3 9217
d 5 23223
d 4 19940
d 4 1309
d 3 1370
d 3 23582
d 4 21651
d 1 15128
d 3 12654
d 1 4104
d 3 4887
d 3 17004
d 3 22673
d 4 6245
d 1 14617
d 3 2164
d 5 17300
d 5 5226
d 5 11241
d 4 11003
d 3 24657
d 1 10806
d 1 24640
d 1 12270
d 5 430
d 3 7659
d 1 22699
d 4 15995
d 4 3913
d 1 13686
d 1 22092
d 1 20519
d 1 13879
d 4 21763
d 4 13744
d 4 20966
d 3 11259
d 3 7789
d 1 16932
d 3 13316
d 3 18713
d 3 2528
d 3 11899
d 1 19321
d 5 20713
d 3 7297
d 3 7040
d 4 6356
d 1 20894
d 1 10338
d 1 17425
d 5 9332
d 4 1626
d 5 24925
d 5 17205
d 3 14319
d 1 16380
d 4 8803
d 3 20897
d 4 19090
d 1 11125
d 3 19295
d 5 16170
d 3 22072
d 4 14107
d 4 15394
d 3 1547
d 4 8364
d 3 2155
d 3 10354
d 5 5169
d 3 17005
d 3 3482
d 1 21763
d 3 966
d 1 22720
d 1 2381
d 1 12420
d 3 1797
d 3 1775
d 3 24124
d 5 5895
d 5 1305
d 5 6101
d 4 7831
d 1 4830
d 1 11551
d 1 12704
d 4 783
d 3 1844
d 4 15435
d 1 5348
d 3 1118
d 1 1458
d 3 9552
d 4 15082
d 4 22339
d 3 12686
d 5 15088
d 1 22311
d 1 13506
d 1 5033
d 3 17302
d 3 11859
d 1 15769
d 3 4609
d 4 16118
d 4 169
d 3 15975
d 4 13500
d 1 6301
d 4 10190
d 3 7761
d 5 19865
d 5 13836
d 1 15602
d 1 1127
d 5 2173
d 1 3382
d 3 950
d 1 18246
d 1 3002
d 3 16402
d 3 16401
d 5 24813
d 1 15909
d 4 17422
d 1 19050
d 4 23903
d 3 14211
d 5 14294
d 1 20604
d 4 2664
d 3 4476
d 5 4733
d 3 2566
d 1 13217
d 3 11846
d 1 22988
d 3 23545
d 4 1096
d 3 21168
d 4 11413
d 3 17281
d 5 22379
d 3 21156
d 5 15547
d 3 211
d 1 12744
d 4 3032
d 1 13297
d 5 6551
d 1 24885
d 1 8452
d 1 12064
d 5 13592
d 4 24980
d 1 14953
d 1 10964
d 3 11516
d 3 17801
d 4 19846
d 5 19166
d 1 18740
d 3 4936
d 3 18700
d 1 10753
d 1 1238
d 3 22612
d 1 5699
d 1 1126
d 4 2432
d 4 10460
d 1 10142
d 1 11660
d 5 22049
d 4 7440
d 5 21790
d 5 21961
d 1 12648
d 4 24206
d 1 7939
d 5 3761
d 5 3762
d 4 9184
d 3 15840
d 3 12954
d 4 318
d 1 13069
d 3 10134
d 1 4123
d 1 2858
d 4 7523
d 1 13010
d 3 7187
d 1 24874
d 4 24896
d 5 16593
d 1 15972
d 1 21261
d 3 22730
d 5 2166
d 3 3587
d 5 16805
d 5 16855
d 1 6671
d 3 782
d 1 17627
d 5 11807
d 5 18078
d 5 13863
d 4 381
d 5 5903
d 5 17137
d 4 4436
d 1 22173
d 3 9887
d 1 22007
d 4 264
d 3 276
d 3 8255
d 1 4260
d 1 18521
d 5 1105
d 3 7661
d 1 23727
d 5 2135
d 3 19355
d 5 15924
d 3 8364
d 1 16351
d 1 14672
d 1 24965
d 1 2143
d 1 23002
d 4 22776
d 3 15915
d 3 13128
d 3 7175
d 3 3091
d 1 23160
d 1 2647
d 1 12989
d 1 12002
d 5 19780
d 3 7335
d 5 22300
d 4 2175
d 1 5448
d 4 5355
d 5 21709
d 4 19170
d 1 14471
d 3 4933
d 5 12112
d 3 11411
d 5 18668
d 4 21819
d 3 15943
d 1 16883
d 3 5622
d 3 24010
d 5 9653
d 1 209
d 3 6403
d 1 18025
d 5 15654
d 3 20821
d 4 5908
d 3 17339
d 5 3764
d 1 23285
d 5 20083
d 5 15807
d 1 16898
d 3 22951
d 3 6680
d 4 4799
d 3 11413
d 1 21599
d 5 11876
d 1 8281
d 3 23052
d 5 23457
d 3 9033
d 3 17593
d 3 17828
d 5 4060
d 1 10533
d 3 8250
d 3 21841
d 3 4729
d 3 16022
d 1 10746
d 5 18140
d 4 5599
d 1 16098
d 1 9638
d 1 24958
d 3 5046
d 3 16911
d 5 11201
d 3 12479
d 4 3821
d 4 12060
d 3 12455
d 4 16930
d 4 19293
d 3 11766
d 5 10221
d 1 1714
d 1 9203
d 3 12112
d 4 1997
d 4 10902
d 3 12187
d 5 6256
d 5 6735
d 1 11368
d 3 6152
d 4 23547
d 3 12379
d 3 3877
d 4 21200
d 1 16344
d 3 13247
d 4 16750
d 4 3219
d 5 8030
d 1 1475
d 4 10813
d 3 9277
d 1 4487
d 4 8610
d 1 8739
d 1 8740
d 3 18081
d 3 20624
d 4 18047
d 1 16081
d 1 3871
d 4 13445
d 3 1780
d 3 6818
d 4 18374
d 5 11973
d 4 18908
d 1 20023
d 4 16246
d 5 2197
d 1 12835
d 4 2232
d 3 22511
d 1 2298
d 4 4844
d 5 10370
d 3 10538
d 4 8101
d 3 10388
d 1 18545
d 5 13885
d 4 14833
d 4 308
d 3 23032
d 3 23033
d 1 9069
d 3 24458
d 4 7387
d 1 23562
d 4 17272
d 5 2515
d 1 10821
d 3 16509
d 1 10849
d 3 4304
d 4 15422
d 1 16152
d 1 10077
d 4 2161
d 4 5601
d 5 12150
d 3 19724
d 3 8918
d 5 21651
d 4 18871
d 4 20430
d 1 16310
d 4 21
d 4 1322
d 3 20625
d 3 10359
d 5 14374
d 3 23900
d 4 5600
d 5 10352
d 4 20422
d 3 7866
d 1 14363
d 1 14364
d 4 15242
d 3 6660
d 3 4238
d 1 8407
d 4 23532
d 1 16069
d 1 21308
d 1 20386
d 1 20886
d 1 16508
d 1 15142
d 1 2322
d 4 2978
d 3 15488
d 5 16135
d 5 6901
d 3 14356
d 1 13883
d 5 7318
d 5 9779
d 4 14867
d 4 16949
d 1 19518
d 5 13299
d 5 24237
d 1 23524
d 3 7839
d 1 13884
d 4 8310
d 1 17811
d 3 14469
d 1 8163
d 1 17590
d 1 20933
d 4 11450
d 1 20231
d 5 13172
d 5 20103
d 4 10901
d 4 15022
d 4 3006
d 4 20203
d 5 13690
d 3 12884
d 5 7063
d 1 15614
d 5 711
d 1 5988
d 5 14541
d 3 24190
d 1 1482
d 3 8841
d 1 7224
d 5 21714
d 3 12814
d 4 16062
d 5 473
d 4 12887
d 4 8845
d 5 6321
d 1 18513
d 3 2589
d 5 15637
d 1 7113
d 4 2912
d 4 8971
d 3 2975
d 3 14272
d 5 12214
d 3 3598
d 5 2150
d 1 19539
d 4 15288
d 5 10405
d 4 4928
d 5 6463
d 4 15104
d 4 2281
d 4 9671
d 5 11504
d 4 23743
d 3 11415
d 1 5168
d 3 23747
d 4 24309
d 4 5046
d 5 22443
d 1 2762
d 3 21576
d 3 10544
d 1 19231
d 4 21090
d 5 10644
d 3 5628
d 5 16091
d 3 22758
d 4 23180
d 5 1450
d 1 9627
d 4 23644
d 1 8373
d 4 20289
d 5 9678
d 5 14659
d 3 17594
d 1 2764
d 5 16697
d 1 4064
d 5 24969
d 4 7026
d 1 6094
d 1 18483
d 1 3139
d 1 22229
d 1 13405
d 5 17
d 1 15069
d 3 24325
d 4 4489
d 1 12251
d 4 17217
d 3 19908
d 5 9662
d 1 1897
d 4 10013
d 5 18295
d 4 1859
d 4 10732
d 1 9585
d 5 12311
d 3 3957
d 1 24359
d 1 8201
d 4 20926
d 5 2685
d 4 13118
d 4 2173
d 1 3768
d 4 9873
d 3 9337
d 1 18934
d 3 18098
d 4 14522
d 5 10385
d 5 960
d 5 252
d 4 15421
d 5 14627
d 1 13750
d 5 1059
d 4 5369
d 1 8495
d 3 4261
d 5 20982
d 1 21477
d 4 7321
d 3 15565
d 5 23923
d 1 17787
d 3 22960
d 1 10084
d 1 2132
d 1 24999
d 3 2466
d 1 12433
d 3 14321
d 3 6774
d 5 11834
d 1 12432
d 4 2411
d 1 23743
d 5 4640
d 1 9182
d 1 8324
d 3 14531
d 5 710
d 5 10200
d 1 19269
d 3 7283
d 4 8051
d 5 12700
d 3 1833
d 5 9172
d 1 19595
d 4 22792
d 1 6734
d 3 9982
d 1 17502
d 1 22194
d 4 15375
d 4 10871
d 4 24307
d 4 20889
d 4 10733
d 5 22252
d 1 9255
d 3 24488
d 3 22654
d 4 11149
d 3 20163
d 1 24890
d 5 646
d 3 24960
d 1 14799
d 1 9624
d 4 3613
d 1 11079
d 4 6850
d 3 16609
d 3 160
d 5 18605
d 5 20535
d 3 21546
d 1 10785
d 3 6753
d 4 14860
d 3 14508
d 5 24275
d 5 19157
d 5 11863
d 1 23437
d 4 10160
d 5 21521
d 4 22340
d 3 14472
d 3 15109
d 3 4845
d 5 1292
d 1 1906
d 4 18134
d 1 20227
d 4 14109
d 3 9210
d 5 4313
d 5 17386
d 4 7742
d 1 4966
d 1 901
d 1 20327
d 5 15603
d 1 20577
d 5 11448
d 3 22182
d 3 7047
d 1 17832
d 4 15581
d 4 17274
d 5 6677
d 5 23538
d 5 16518
d 1 12838
d 5 21680
d 5 6207
d 3 17006
d 1 16506
d 3 22401
d 3 15107
d 3 22473
d 3 12236
d 3 22644
d 1 11994
d 5 14191
d 5 15506
d 5 6971
d 4 16608
d 4 23078
d 5 6086
d 1 10091
d 3 20270
d 4 22923
d 1 4799
d 1 18708
d 5 14018
d 4 23497
d 4 19352
d 1 1376
d 4 1570
d 3 10881
d 5 16274
d 5 22720
d 4 6295
d 4 13806
d 4 10342
d 4 11468
d 5 19245
d 3 11071
d 3 18111
d 3 8689
d 3 21897
d 1 8581
d 4 9379
d 4 9793
d 1 9761
d 4 23238
d 5 16171
d 5 2584
d 5 1958
d 3 24638
d 3 8430
d 1 17448
d 4 17651
d 3 18016
d 3 10184
d 5 22869
d 4 6378
d 4 2676
d 5 3667
d 5 10718
d 5 8443
d 4 15795
d 3 13824
d 3 13825
d 4 15154
d 5 5611
d 4 1885
d 3 16982
d 5 1953
d 3 18597
d 1 1885
d 5 21169
d 5 13487
d 5 6187
d 4 14290
d 3 17355
d 4 9803
d 3 15487
d 3 6624
d 4 17727
d 5 20714
d 5 12312
d 3 13990
d 3 4808
d 1 24896
d 5 6512
d 3 236
d 4 15573
d 4 12040
d 4 13021
d 4 9285
d 5 16929
d 5 23378
d 1 16848
d 4 14548
d 5 1801
d 4 19839
d 4 5432
d 3 3350
d 1 16750
d 3 22053
d 1 17262
d 3 5599
d 4 4483
d 5 10795
d 1 2644
d 3 15453
d 1 9639
d 5 1956
d 1 10178
d 1 7745
d 3 7257
d 3 20523
d 5 17885
d 4 15958
d 1 4352
d 1 13978
d 3 24901
d 5 18674
d 3 18001
d 5 11967
d 4 717
d 5 2155
d 3 20699
d 5 24399
d 4 20078
d 3 246
d 3 22451
d 4 20660
d 5 13335
d 4 19982
d 3 9772
d 3 8894
d 4 23308
d 1 1901
d 3 5624
d 3 7410
d 5 2382
d 4 21634
d 5 14180
d 5 12085
d 4 8229
d 5 12429
d 3 21067
d 4 1106
d 4 5100
d 1 24679
d 4 20314
d 4 4056
d 3 986
d 3 9461
d 5 13030
d 1 439
d 1 19714
d 4 21105
d 5 15785
d 3 18401
d 1 8741
d 3 13984
d 1 2220
d 3 21538
d 4 11071
d 1 1281
d 4 23511
d 5 16986
d 5 6035
d 4 8694
d 4 5598
d 4 10243
d 5 4794
d 1 20860
d 3 21415
d 1 13482
d 1 12560
d 5 15484
d 3 1849
d 3 13384
d 3 4672
d 1 13380
d 3 6526
d 3 19156
d 3 10272
d 1 3529
d 5 284
d 4 22708
d 3 18156
d 1 8192
d 3 12108
d 3 10229
d 3 2095
d 3 13113
d 3 24417
d 4 4726
d 1 14606
d 3 21745
d 1 12426
d 5 18590
d 5 4303
d 4 8329
d 4 13648
d 1 1087
d 4 18409
d 1 21310
d 4 455
d 1 14207
d 5 19412
d 5 15486
d 5 12953
d 5 23071
d 1 8307
d 3 15244
d 4 22996
d 3 4937
d 4 21834
d 3 6603
d 4 21847
d 1 22235
d 4 7597
d 3 16554
d 5 22655
d 5 3792
d 3 17386
d 3 13136
d 3 20935
d 3 21953
d 1 22873
d 4 1310
d 3 8213
d 4 1946
d 3 21627
d 3 16559
d 4 17790
d 5 708
d 5 16843
d 3 5758
d 5 18512
d 3 9240
d 4 18838
d 4 11716
d 5 9874
d 4 5952
d 5 12538
d 3 24003
d 1 5725
d 4 3202
d 1 10780
d 4 9549
d 5 17162
d 1 21952
d 1 12663
d 1 12664
d 1 12666
d 3 9743
d 1 3359
d 5 6764
d 5 20507
d 3 6015
d 4 2571
d 1 20607
d 1 4007
d 1 17595
d 1 24223
d 4 19554
d 1 17378
d 5 1831
d 5 18838
d 5 22588
d 5 10147
d 4 10537
d 5 17853
d 3 780
d 3 5042
d 5 18895
d 1 10434
d 4 7429
d 1 19741
d 3 10110
d 5 15631
d 3 5419
d 1 21757
d 3 21564
d 1 5408
d 1 18539
d 1 24178
d 4 19581
d 3 19756
d 3 19507
d 3 21850
d 4 8288
d 5 7499
d 5 7890
d 4 5189
d 5 2476
d 4 5668
d 3 8584
d 1 18360
d 3 3004
d 3 12651
d 5 8046
d 1 8770
d 1 20034
d 5 23063
d 3 17618
d 3 15324
d 1 7025
d 5 23243
d 5 23687
d 5 18345
d 5 14255
d 3 6303
d 4 20042
d 5 24814
d 5 21554
d 1 3117
d 5 20
d 1 8902
d 4 13518
d 4 4933
d 5 1985
d 5 23286
d 3 15454
d 4 4899
d 4 19883
d 1 10639
d 5 7273
d 1 11112
d 5 7485
d 4 8896
d 5 23525
d 1 22753
d 3 487
d 1 1643
d 4 12848
d 5 19316
d 3 10522
d 5 2607
d 4 21597
d 4 14554
d 4 21724
d 4 5626
d 4 12645
d 3 17193
d 3 17747
d 3 18272
d 5 21195
d 5 12195
d 3 11151
d 5 23900
d 1 24100
d 5 12696
d 1 17185
d 5 19942
d 4 4803
d 3 1708
d 1 8458
d 3 5741
d 1 2067
d 4 24682
d 5 23508
d 1 11481
d 1 23513
d 1 1833
d 3 6102
d 1 3717
d 5 19154
d 4 20736
d 3 20506
d 5 17961
d 4 4925
d 3 1543
d 1 20682
d 4 834
d 3 2980
d 1 16248
d 5 9985
d 1 13284
d 1 11955
d 3 8377
d 3 20842
d 5 23653
d 1 8447
d 1 15708
d 1 1886
d 5 11678
d 3 22310
d 4 18810
d 3 3434
d 1 18431
d 5 11342
d 1 2946
d 3 10735
d 5 17798
d 1 22946
d 1 23459
d 4 7603
d 5 21681
d 3 24250
d 3 8676
d 4 8272
d 3 11189
d 4 9151
d 1 3275
d 3 19243
d 4 1100
d 5 23847
d 1 7414
d 1 22799
d 5 10218
d 3 24873
d 3 15467
d 3 8644
d 3 15481
d 3 13333
d 3 3693
d 1 16925
d 1 22979
d 3 5520
d 4 21905
d 1 10492
d 3 11822
d 5 23212
d 1 8024
d 3 21136
d 1 13063
d 1 3287
d 5 2341
d 3 18892
d 1 10980
d 5 16172
d 1 8357
d 5 18
d 5 13545
d 5 23845
d 3 24191
d 1 5400
d 4 14327
d 4 8063
d 4 14025
d 1 8032
d 3 260
d 1 17061
d 1 11488
d 5 17301
d 5 8768
d 1 12517
d 3 11999
d 5 9921
d 1 7574
d 4 14278
d 5 6136
d 1 1134
d 3 19662
d 3 8956
d 3 12045
d 4 671
d 5 20912
d 1 5627
d 1 23668
d 1 5361
d 5 14643
d 5 7325
d 1 1474
d 1 1215
d 4 22258
d 1 11999
d 5 1310
d 1 533
d 4 13817
d 1 7950
d 3 21219
d 4 3078
d 1 16094
d 5 8131
d 4 5366
d 5 19250
d 4 4959
d 1 19721
d 4 2079
d 3 161
d 3 1878
d 1 18534
d 5 7395
d 5 6789
d 5 21423
d 5 5246
d 5 2309
d 5 3029
d 3 4267
d 1 3983
d 4 19121
d 1 18127
d 3 22679
d 5 5274
d 1 3443
d 5 9163
d 3 23135
d 3 19100
d 1 6536
d 5 4050
d 5 19781
d 1 18173
d 3 14731
d 3 14441
d 1 12557
d 3 22178
d 3 12727
d 3 2403
d 4 15590
d 1 8238
d 5 348
d 4 1475
d 3 20885
d 1 11474
d 4 9629
d 1 23676
d 3 9897
d 3 11838
d 5 2415
d 5 7065
d 1 17680
d 3 23195
d 3 14182
d 3 22663
d 3 12951
d 4 22012
d 4 11883
d 5 24630
d 5 20599
d 4 21788
d 5 19367
d 1 14213
d 5 3393
d 3 12792
d 5 15602
d 4 14777
d 4 18150
d 3 773
d 4 5434
d 4 9271
d 4 9270
d 3 13119
d 1 14780
d 1 12380
d 3 4202
d 3 6093
d 1 16787
d 3 12169
d 3 18852
d 1 22355
d 4 697
d 1 2221
d 1 12343
d 1 10937
d 4 2665
d 3 60
d 1 22298
d 3 13580
d 1 23231
d 1 8288
d 3 17160
d 3 21931
d 3 4673
d 4 19694
d 4 8025
d 1 17174
d 5 14558
d 1 16926
d 1 2384
d 1 18709
d 3 11421
d 5 12932
d 3 1850
d 5 8089
d 3 18614
d 3 3410
d 1 9123
d 3 5434
d 5 3455
d 3 699
d 3 14546
d 1 10603
d 1 10122
d 4 6070
d 3 19641
d 5 4822
d 1 22249
d 3 10510
d 1 10790
d 1 8078
d 3 21440
d 3 1612
d 1 4465
d 1 12668
d 4 16890
d 1 10017
d 1 6788
d 1 1994
d 5 11987
d 3 17812
d 5 21883
d 3 8889
d 3 12263
d 1 7184
d 5 4798
d 5 17436
d 4 3906
d 3 5957
d 1 11443
d 1 8080
d 1 24445
d 5 1219
d 4 3239
d 1 8572
d 1 2307
d 5 4086
d 5 12166
d 3 11461
d 3 19790
d 1 19232
d 1 5979
d 5 14889
d 4 2146
d 1 5176
d 3 16983
d 5 10961
d 3 7489
d 3 24157
d 1 10978
d 3 21477
d 3 1234
d 5 14360
d 3 10429
d 3 20032
d 3 18420
d 4 9138
d 3 1297
d 4 6310
d 1 3681
d 3 23107
d 5 22363
d 1 18279
d 1 18280
d 1 18281
d 4 19878
d 3 23997
d 5 23598
d 3 3351
d 3 2213
d 3 13092
d 3 13024
d 1 1102
d 1 1106
d 3 16533
d 1 1197
d 3 24084
d 4 6147
d 5 11361
d 5 5079
d 4 11118
d 3 18737
d 4 4784
d 4 22011
d 3 10804
d 1 10631
d 1 3481
d 3 5546
d 1 11185
d 1 9789
d 3 11976
d 5 16085
d 4 6578
d 1 9762
d 4 12513
d 1 5110
d 1 10395
d 1 10394
d 4 19890
d 3 18869
d 1 20251
d 3 11676
d 1 1743
d 1 19644
d 1 23345
d 4 6668
d 4 20565
d 1 21431
d 3 11643
d 1 14834
d 3 23941
d 4 22888
d 1 19531
d 3 5179
d 1 21873
d 4 319
d 3 2747
d 1 8569
d 3 4483
d 1 20901
d 1 17653
d 1 9776
d 3 16160
d 1 20674
d 1 23397
d 1 7998
d 3 9665
d 1 11288
d 3 2283
d 1 24932
d 4 16786
d 3 8678
d 5 23141
d 4 8704
d 3 18371
d 3 20867
d 3 15754
d 1 17471
d 1 6155
d 1 17652
d 1 18302
d 3 18004
d 1 23945
d 1 23946
d 1 19453
d 5 4892
d 3 7962
d 3 186
d 1 11802
d 3 6016
d 3 2240
d 4 14303
d 4 13494
d 1 13582
d 1 9466
d 1 8928
d 4 16427
d 1 23900
d 5 6014
d 5 13091
d 3 14496
d 3 15033
d 1 17899
d 3 10209
d 3 20162
d 1 21226
d 4 16789
d 3 14051
d 3 24967
d 1 16020
d 1 397
d 4 19030
d 1 10975
d 3 23108
d 4 22192
d 3 3530
d 5 21550
d 1 14820
d 3 14084
d 3 22760
d 1 3952
d 3 15698
d 1 17306
d 3 19218
d 1 23718
d 3 16832
d 3 3807
d 5 16505
d 1 23956
d 1 17293
d 5 12038
d 3 3408
d 1 9302
d 3 24876
d 5 22402
d 3 24024
d 1 15444
d 3 6563
d 3 79
d 3 22212
d 3 7242
d 5 15259
d 3 13488
d 4 3916
d 1 15794
d 4 7261
d 5 5500
d 3 9030
d 1 15375
d 3 12273
d 1 23470
d 4 24470
d 1 4630
d 3 10428
d 3 17708
d 3 2078
d 3 10047
d 4 2614
d 5 5302
d 5 20527
d 1 12982
d 1 14365
d 3 24072
d 1 8976
d 3 14238
d 3 578
d 1 16725
d 3 13581
d 1 8710
d 3 20505
d 1 2772
d 1 14449
d 1 14905
d 1 9197
d 1 16203
d 3 4152
d 3 12055
d 1 21596
d 3 11884
d 3 2598
d 5 1942
d 1 9214
d 1 13989
d 3 22465
d 4 16534
d 1 9009
d 3 19060
d 4 5571
d 1 12697
d 3 24613
d 1 14112
d 3 11956
d 4 14195
d 3 21303
d 1 22316
d 1 4068
d 4 14610
d 3 11893
d 3 20694
d 3 23649
d 4 21315
d 1 7746
d 1 13073
d 1 8459
d 3 23374
d 4 1656
d 1 22832
d 5 12865
d 3 18348
d 1 17245
d 1 13155
d 1 8334
d 3 24566
d 4 21369
d 1 10282
d 4 19871
d 3 23596
d 4 23023
d 1 470
d 3 7974
d 1 19507
d 3 6805
d 3 18672
d 3 102
d 3 23927
d 3 23797
d 3 16603
d 1 15532
d 4 16639
d 3 19709
d 5 20674
d 1 1678
d 1 17367
d 3 12572
d 1 23894
d 1 4447
d 1 19037
d 5 13544
d 1 1325
d 3 17483
d 1 15485
d 1 23943
d 1 2377
d 1 6907
d 3 11258
d 1 24249
d 1 3057
d 3 5956
d 3 7046
d 4 12450
d 4 3091
d 4 3090
d 1 14894
d 1 24325
d 5 6558
d 3 766
d 3 17032
d 3 23014
d 5 12333
d 1 1320
d 3 3132
d 5 4970
d 1 17746
d 1 16516
d 1 17405
d 1 8099
d 1 19975
d 1 23341
d 1 6626
d 5 17354
d 1 7537
d 1 24665
d 3 11234
d 3 16127
d 4 13229
d 1 19632
d 1 6876
d 5 16233
d 5 20905
d 5 6995
d 3 21693
d 4 2360
d 1 7505
d 5 21560
d 1 7285
d 1 1877
d 1 5946
d 1 8205
d 1 7071
d 5 23076
d 1 13931
d 1 17416
d 1 14332
d 4 21512
d 5 19677
d 3 21618
d 3 16036
d 1 12244
d 5 18953
d 1 21309
d 3 11223
d 1 14839
d 4 1432
d 5 2695
d 3 8253
d 3 8254
d 1 22646
d 3 9762
d 3 18668
d 3 16550
d 3 656
d 4 16891
d 1 6246
d 3 3962
d 1 12625
d 5 23414
d 4 2880
d 3 9771
d 5 19410
d 3 22924
d 3 21427
d 1 19301
d 3 12757
d 3 266
d 1 7752
d 3 7545
d 1 12222
d 3 21446
d 3 3891
d 4 19041
d 1 9865
d 1 8987
d 1 4850
d 3 14570
d 5 12462
d 3 14017
d 3 23806
d 3 16018
d 1 17698
d 1 1271
d 1 5232
d 1 2511
d 5 22567
d 3 23034
d 4 13226
d 1 16482
d 1 4856
d 4 6962
d 3 13817
d 3 4566
d 4 17171
d 1 22017
d 1 15424
d 3 15111
d 1 17561
d 1 17562
d 3 17788
d 1 21765
d 1 23519
d 3 132
d 3 4032
d 3 4033
d 5 9524
d 3 23726
d 5 13970
d 1 24675
d 3 17843
d 5 3870
d 1 14810
d 3 10208
d 1 18165
d 1 2925
d 1 21569
d 3 16070
d 1 4545
d 1 22002
d 3 3411
d 4 10538
d 4 16021
d 1 6957
d 5 6385
d 4 21933
d 3 11237
d 4 7384
d 5 9784
d 4 19478
d 3 23654
d 3 4995
d 5 3164
d 1 5193
d 4 13544
d 1 13120
d 3 14340
d 3 20408
d 1 5981
d 1 15106
d 4 8805
d 3 24612
d 1 20809
d 1 10798
d 4 24787
d 3 16584
d 3 1940
d 4 6525
d 3 17408
d 3 10094
d 3 18130
d 3 428
d 4 7224
d 3 9391
d 3 2357
d 1 16963
d 4 21605
d 3 22744
d 5 2827
d 1 19985
d 1 14487
d 1 7244
d 1 14450
d 1 18871
d 5 18268
d 3 20816
d 4 19635
d 1 20244
d 1 21126
d 4 8922
d 1 19415
d 3 10470
d 4 23655
d 3 9976
d 3 10636
d 1 6809
d 1 22236
d 3 21257
d 1 2001
d 1 15641
d 4 23165
d 1 24261
d 1 7736
d 4 18164
d 1 2441
d 4 16710
d 3 22311
d 3 22328
d 1 7912
d 1 10385
d 3 14225
d 4 13222
d 5 13910
d 3 5929
d 1 20069
d 3 9959
d 1 23211
d 5 4722
d 3 16883
d 1 6031
d 1 11956
d 1 14224
d 1 18794
d 3 10365
d 3 24464
d 1 9567
d 1 4743
d 3 4670
d 3 24755
d 1 8188
d 1 3687
d 1 11878
d 1 19442
d 1 24641
d 1 12700
d 1 8077
d 5 17101
d 1 23705
d 3 4756
d 3 3174
d 3 24270
d 3 4289
d 5 2580
d 5 4776
d 3 19101
d 5 22097
d 3 22767
d 1 24690
d 3 10168
d 1 11790
d 1 20497
d 3 9338
d 3 2604
d 1 6435
d 1 18040
d 1 12147
d 1 22273
d 1 22274
d 1 22275
d 3 18658
d 3 13704
d 3 16177
d 3 22664
d 5 18437
d 3 23050
d 1 8623
d 4 11893
d 3 1898
d 1 18739
d 1 11722
d 3 2199
d 5 8512
d 1 19465
d 5 6584
d 4 578
d 1 3260
d 1 9805
d 3 4081
d 1 11319
d 3 4484
d 4 4574
d 5 2978
d 3 15468
d 3 16275
d 3 9124
d 1 12591
d 4 18923
d 1 17947
d 1 8691
d 1 20036
d 1 10002
d 3 22597
d 1 24815
d 5 17882
d 4 10774
d 1 17855
d 5 7668
d 1 1169
d 1 14710
d 1 15984
d 3 15963
d 1 24545
d 1 11189
d 5 21577
d 3 1341
d 3 6379
d 3 17677
d 1 23649
d 1 3124
d 4 5053
d 4 15442
d 1 16469
d 3 9746
d 1 13304
d 3 11636
d 3 24549
d 3 5858
d 1 18841
d 3 9382
d 1 24654
d 3 21118
d 1 10396
d 3 24576
d 5 7193
d 3 5221
d 4 11100
d 3 11143
d 5 9184
d 4 6796
d 3 16062
d 3 14391
d 1 4497
d 3 7684
d 3 14998
d 3 11062
d 5 343
d 3 7700
d 5 23339
d 1 10270
d 1 20689
d 1 3108
d 3 21187
d 1 10391
d 1 14601
d 4 13612
d 1 4065
d 1 22950
d 3 2141
d 5 14710
d 1 22592
d 1 17563
d 3 18989
d 3 16125
d 4 24659
d 4 1745
d 1 23869
d 1 3300
d 5 15159
d 3 22541
d 1 19976
d 3 8630
d 5 19357
d 3 12297
d 1 20635
d 1 17507
d 4 10803
d 1 3447
d 1 22424
d 4 14188
d 5 23760
d 3 24141
d 3 6334
d 3 22773
d 5 9984
d 3 12957
d 4 15305
d 4 13073
d 1 965
d 3 8829
d 3 19867
d 1 22649
d 1 17751
d 3 11126
d 3 19055
d 1 14481
d 1 21506
d 3 10623
d 1 4819
d 3 21860
d 3 15353
d 1 23098
d 3 8827
d 3 1928
d 3 1929
d 5 2977
d 1 15881
d 1 13570
d 1 21714
d 1 2267
d 3 18082
d 1 18745
d 1 18282
d 1 12143
d 3 17570
d 1 18622
d 3 9384
d 3 17817
d 1 20274
d 3 8691
d 1 8930
d 4 1216
d 3 17688
d 3 5290
d 1 20937
d 3 19040
d 1 7162
d 3 13353
d 1 6528
d 5 15683
d 3 10912
d 5 8890
d 3 12466
d 1 2371
d 1 7456
d 3 17760
d 3 9083
d 4 10000
d 1 13030
d 3 9428
d 1 12519
d 5 6869
d 1 3977
d 1 7176
d 1 992
d 3 22980
d 3 10529
d 3 16205
d 3 16206
d 1 6803
d 3 8560
d 1 22849
d 1 17009
d 1 2851
d 1 21001
d 1 1063
d 3 9114
d 3 11693
d 3 879
d 1 19593
d 1 21943
d 1 15950
d 3 5215
d 1 7060
d 4 11033
d 3 11178
d 1 1834
d 3 19052
d 3 13223
d 5 11681
d 3 3347
d 4 772
d 1 13034
d 1 17301
d 1 3767
d 3 20817
d 1 5853
d 4 9556
d 5 15037
d 1 14270
d 5 7177
d 1 19624
d 3 12232
d 3 13102
d 3 11891
d 3 23855
d 3 7333
d 4 19276
d 1 14382
d 3 2273
d 3 10340
d 3 14125
d 1 5943
d 5 16211
d 1 4159
d 1 11795
d 5 17031
d 3 23273
d 3 1473
d 1 17104
d 3 9634
d 3 13273
d 3 729
d 4 7800
d 1 8869
d 4 6467
d 1 1865
d 4 20095
d 5 19087
d 1 13462
d 1 10352
d 3 18784
d 4 8725
d 3 4286
d 4 7864
d 5 2295
d 3 5349
d 5 2085
d 1 14452
d 3 21524
d 3 15709
d 3 2202
d 3 10002
d 1 23811
d 4 2706
d 4 3328
d 1 22490
d 3 20468
d 3 5742
d 5 14636
d 1 21745
d 1 22237
d 4 20836
d 4 24877
d 4 6066
d 3 18634
d 4 15918
d 3 22030
d 3 4067
d 3 6083
d 1 5850
d 5 13046
d 3 8351
d 3 5976
d 3 19782
d 1 15426
d 3 4747
d 1 1736
d 1 24308
d 1 11364
d 5 9135
d 1 5123
d 3 22152
d 1 18617
d 3 23998
d 3 17789
d 3 24524
d 3 11100
d 1 19017
d 1 2795
d 1 7068
d 5 12856
d 3 12012
d 5 18687
d 5 13622
d 1 5967
d 3 16900
d 3 17498
d 4 14154
d 5 306
d 5 7468
d 3 20873
d 4 24673
d 3 13130
d 5 17758
d 3 6819
d 5 2486
d 5 6078
d 5 6080
d 4 22242
d 1 10779
d 5 23930
d 1 5049
d 1 10549
d 1 10791
d 5 9999
d 3 18012
d 4 16892
d 3 10118
d 3 23552
d 1 17286
d 1 10372
d 5 15656
d 4 19357
d 1 18814
d 3 7969
d 3 17184
d 1 19429
d 3 5508
d 1 22158
d 3 20631
d 5 23060
d 4 7686
d 1 7057
d 1 22620
d 1 2831
d 3 23958
d 3 21789
d 1 21804
d 1 3485
d 3 805
d 1 19130
d 3 23356
d 4 12670
d 3 23271
d 5 4321
d 5 19358
d 1 18315
d 5 15435
d 5 21469
d 3 767
d 3 17842
d 3 15528
d 5 17518
d 3 8474
d 4 4866
d 4 21595
d 1 5916
d 3 12810
d 1 21766
d 3 3292
d 3 15773
d 4 21528
d 4 16222
d 1 14334
d 3 8719
d 3 8664
d 5 868
d 4 20139
d 5 1028
d 1 885
d 4 4902
d 1 18771
d 1 23042
d 5 8234
d 1 20265
d 5 11457
d 5 11458
d 5 11459
d 4 1340
d 5 19859
d 1 2642
d 3 2620
d 3 15290
d 4 23510
d 1 24954
d 4 24564
d 3 17427
d 3 22213
d 3 3431
d 3 14958
d 1 23199
d 1 7205
d 4 6364
d 3 1801
d 1 23854
d 5 21759
d 3 18933
d 1 5549
d 3 20409
d 4 808
d 3 23728
d 1 8640
d 1 9535
d 3 7812
d 4 8247
d 5 4221
d 1 13061
d 3 19333
d 1 3584
d 3 23915
d 1 22309
d 1 1428
d 5 17000
d 4 24642
d 5 7336
d 5 17108
d 4 2297
d 4 19205
d 4 3066
d 3 10706
d 5 848
d 3 1059
d 1 17421
d 5 12506
d 1 16824
d 3 22875
d 1 19284
d 4 10018
d 3 19849
d 1 5016
d 4 16235
d 3 16133
d 1 4115
d 1 14212
d 3 10285
d 3 20299
d 4 18363
d 4 13605
d 4 19189
d 4 19190
d 1 4590
d 1 18720
d 3 13468
d 4 4267
d 1 10030
d 5 9437
d 1 10379
d 3 934
d 4 13909
d 1 9145
d 3 1503
d 3 18542
d 4 14277
d 5 17831
d 1 19191
d 1 10893
d 3 4148
d 4 5218
d 4 5219
d 1 21241
d 5 11326
d 1 2918
d 5 13423
d 4 20000
d 3 13614
d 1 11858
d 1 19898
d 4 6931
d 1 12496
d 3 17308
d 1 21719
d 5 169
d 3 15959
d 3 22128
d 3 1930
d 1 6344
d 3 15981
d 5 4371
d 1 2372
d 3 909
d 3 13226
d 1 23625
d 1 14408
d 3 10482
d 5 5584
d 4 1173
d 4 1504
d 1 16235
d 3 17709
d 1 23843
d 4 10905
d 3 22913
d 3 20577
d 3 20622
d 1 4851
d 1 12607
d 3 17016
d 5 11813
d 1 14882
d 4 7989
d 5 14230
d 5 22585
d 3 3779
d 1 1722
d 4 5294
d 3 11271
d 5 8405
d 1 6429
d 3 12704
d 3 2665
d 1 13875
d 5 7678
d 4 132
d 3 16441
d 1 14205
d 4 19529
d 3 9383
d 3 21988
d 3 23771
d 5 24697
d 5 14750
d 4 4337
d 3 4314
d 3 12658
d 1 3109
d 4 4340
d 4 16519
d 1 12176
d 5 8235
d 3 19385
d 1 12592
d 5 4478
d 1 15321
d 1 8323
d 5 9014
d 4 2177
d 1 20442
d 3 12372
d 5 19408
d 4 10524
d 3 5236
d 5 10085
d 3 14780
d 4 14486
d 3 3593
d 3 508
d 1 14846
d 1 15225
d 1 6290
d 5 15064
d 1 6770
d 3 8595
d 4 20472
d 4 10512
d 4 19993
d 4 16360
d 3 13465
d 1 8825
d 3 12560
d 1 16885
d 3 24696
d 4 10353
d 5 22116
d 1 20592
d 1 20438
d 1 21631
d 4 7768
d 3 19178
d 5 19294
d 5 16239
d 5 7767
d 1 15326
d 3 17286
d 3 20904
d 3 2056
d 3 6558
d 4 24161
d 5 22539
d 3 17264
d 4 23129
d 1 1672
d 3 23831
d 1 12662
d 1 5146
d 5 7369
d 1 4914
d 5 16675
d 1 14284
d 3 11136
d 1 2449
d 3 7983
d 5 2338
d 1 1399
d 3 10745
d 3 7158
d 4 10407
d 1 24703
d 4 3297
d 1 15502
d 5 21501
d 3 21478
d 1 18837
d 1 18838
d 1 18839
d 3 779
d 4 2418
d 1 16292
d 1 23163
d 5 13213
d 4 10356
d 5 20556
d 3 18365
d 1 21570
d 4 4887
d 1 1453
d 5 20841
d 1 18309
d 1 1794
d 1 6010
d 3 24302
d 1 18277
d 1 5077
d 5 2137
d 5 9822
d 4 21767
d 1 14829
d 5 4775
d 1 14396
d 4 19191
d 1 18445
d 3 13232
d 5 12955
d 1 4879
d 4 3939
d 1 9867
d 4 1029
d 5 17757
d 4 15021
d 1 22839
d 3 6489
d 1 8496
d 3 23494
d 5 10557
d 3 2842
d 3 7036
d 5 13047
d 1 7751
d 1 2219
d 4 1282
d 4 6022
d 3 10750
d 4 6689
d 3 4837
d 1 6933
d 1 1108
d 1 15053
d 3 20961
d 5 1257
d 3 18199
d 5 23735
d 1 16468
d 5 1790
d 1 4960
d 3 24060
d 3 14339
d 4 21208
d 1 10896
d 3 24059
d 1 8448
d 1 12102
d 1 11838
d 3 9411
d 4 16929
d 3 3323
d 3 6970
d 4 16760
d 1 12937
d 3 9225
d 1 24069
d 3 20633
d 3 13324
d 3 600
d 3 19406
d 1 22277
d 1 21869
d 3 17620
d 3 13691
d 3 17917
d 3 9071
d 3 9227
d 3 1946
d 5 16951
d 1 1752
d 3 13583
d 5 5679
d 4 19740
d 1 20067
d 1 13122
d 4 20663
d 3 9057
d 5 14347
d 1 15276
d 4 11689
d 4 11403
d 5 11920
d 5 2581
d 5 3154
d 1 10441
d 1 13016
d 3 2325
d 3 18411
d 3 14736
d 1 20037
d 1 11927
d 3 21635
d 4 6912
d 4 17519
d 3 13300
d 1 14924
d 1 22808
d 5 2811
d 1 12032
d 3 22965
d 3 22966
d 1 3778
d 3 4586
d 4 2708
d 4 21893
d 4 9214
d 1 19086
d 3 14191
d 1 24676
d 3 1572
d 3 8441
d 3 5203
d 1 7599
d 3 5686
d 1 12310
d 1 13691
d 1 13692
d 3 9763
d 5 5936
d 4 10649
d 1 17084
d 4 22457
d 1 9031
d 1 9930
d 5 9132
d 3 17235
d 1 15629
d 5 2296
d 3 3148
d 5 11191
d 1 13097
d 1 10741
d 5 15470
d 5 18478
d 3 4034
d 3 18419
d 1 8719
d 1 8720
d 1 3298
d 3 1097
d 4 12703
d 4 18625
d 3 11486
d 4 8641
d 3 11487
d 4 11554
d 1 12986
d 3 1325
d 5 16414
d 3 19826
d 1 6813
d 1 8677
d 3 13023
d 5 13221
d 3 10475
d 3 9536
d 3 18190
d 3 16340
d 4 39
d 4 5666
d 4 18628
d 3 8408
d 3 23490
d 3 23491
d 3 24736
d 5 701
d 3 7382
d 3 14473
d 1 12860
d 4 21335
d 3 22952
d 4 11957
d 3 12883
d 5 15901
d 5 2619
d 5 2620
d 4 5764
d 3 21660
d 1 5431
d 5 19218
d 4 18011
d 1 2674
d 3 24321
d 3 10298
d 4 4014
d 5 10140
d 3 20831
d 1 1677
d 4 3329
d 5 12446
d 3 11238
d 5 307
d 4 8471
d 5 9045
d 1 6791
d 1 12065
d 3 16208
d 1 3271
d 3 12754
d 5 10870
d 4 20132
d 4 15816
d 3 21403
d 5 20296
d 1 2903
d 1 15526
d 3 21600
d 3 17765
d 3 20411
d 5 4360
d 3 6216
d 3 6217
d 3 17805
d 5 16794
d 1 10541
d 3 15684
d 3 15498
d 3 3444
d 4 15302
d 4 5759
d 4 9498
d 4 4362
d 5 12606
d 3 1172
d 3 24571
d 1 20715
d 5 17196
d 5 11634
d 3 14730
d 3 6669
d 1 3536
d 1 22611
d 1 8636
d 1 4446
d 3 1626
d 4 12676
d 1 13538
d 1 12540
d 3 21232
d 3 21233
d 3 20813
d 3 23372
d 1 19182
d 5 24892
d 5 10447
d 1 20432
d 5 3958
d 4 18604
d 4 107
d 5 4680
d 3 4671
d 5 24739
d 4 4810
d 3 500
d 4 9471
d 3 4675
d 1 15839
d 1 2928
d 3 15221
d 3 3929
d 5 351
d 3 12524
d 4 5024
d 4 4440
d 3 5099
d 3 8048
d 5 9055
d 3 17818
d 4 20750
d 3 2591
d 3 8732
d 1 24117
d 3 21275
d 5 13726
d 3 15369
d 1 23598
d 3 10895
d 4 21813
d 5 24633
d 1 1270
d 4 16443
d 5 2483
d 1 16710
d 1 16712
d 3 19536
d 4 14932
d 5 19910
d 3 1204
d 3 14218
d 4 19444
d 4 3422
d 3 7701
d 3 15724
d 1 22428
d 1 13693
d 3 9567
d 4 8621
d 4 8592
d 1 14930
d 4 3175
d 3 22125
d 3 22126
d 4 14362
d 4 10114
d 4 11563
d 1 4891
d 1 21700
d 5 10436
d 1 10333
d 4 20742
d 3 9566
d 3 24452
d 5 23233
d 4 17692
d 1 3343
d 1 1166
d 5 751
d 3 18480
d 4 3220
d 1 10046
d 4 7870
d 3 14219
d 4 8701
d 1 18919
d 5 24091
d 5 16438
d 5 21627
d 5 20994
d 5 24806
d 3 17621
d 5 14971
d 1 22542
d 1 11573
d 1 12075
d 4 9635
d 1 12506
d 1 20600
d 1 13483
d 1 22587
d 1 10880
d 3 1262
d 5 4773
d 5 11461
d 4 88
d 1 14840
d 3 15234
d 3 19955
d 3 20410
d 1 19502
d 1 24900
d 5 5294
d 4 6786
d 1 14315
d 5 6076
d 1 16145
d 1 16146
d 5 14192
d 1 6707
d 5 15742
d 3 8786
d 3 12541
d 3 2584
d 3 19460
d 3 22584
d 4 24270
d 3 9136
d 5 2010
d 1 24580
d 4 13152
d 3 22180
d 1 16765
d 5 20175
d 1 13280
d 4 511
d 3 4648
d 3 5544
d 4 21128
d 5 17479
d 1 11050
d 5 16173
d 1 20583
d 1 21250
d 3 17918
d 3 21401
d 1 14602
d 3 7613
d 3 17874
d 3 3892
d 3 24744
d 3 7343
d 1 15462
d 5 6707
d 5 5764
d 5 2781
d 3 21404
d 1 4652
d 4 17339
d 4 8597
d 3 21085
d 4 3122
d 5 3868
d 4 752
d 1 17686
d 1 12115
d 3 17819
d 1 14695
d 4 14297
d 3 4612
d 5 23156
d 1 18733
d 1 24926
d 4 6347
d 3 12777
d 3 15951
d 3 16920
d 4 10017
d 1 4903
d 4 1945
d 1 24889
d 4 10230
d 4 18694
d 1 9787
d 3 9272
d 1 23834
d 5 19901
d 3 3335
d 5 6466
d 5 1079
d 4 17466
d 3 15547
d 1 7086
d 3 22191
d 3 3591
d 4 13663
d 4 22043
d 5 2854
d 1 14920
d 5 2273
d 5 3354
d 3 24110
d 4 9889
d 1 1249
d 3 21767
d 5 8608
d 1 14367
d 1 22221
d 5 20092
d 1 15745
d 1 8511
d 5 4658
d 4 19029
d 4 18888
d 1 21712
d 4 18867
d 4 17199
d 1 19999
d 4 10332
d 3 10188
d 5 4311
d 4 20741
d 4 12755
d 4 2172
d 3 9918
d 4 21127
d 5 11949
d 1 6607
d 3 14625
d 1 15202
d 5 7729
d 3 22141
d 4 10216
d 3 19983
d 1 16102
d 5 23607
d 1 8406
d 3 21846
d 3 7624
d 3 22059
d 3 6773
d 5 23479
d 1 17473
d 4 22249
d 3 3469
d 3 4180
d 3 642
d 3 8191
d 1 7888
d 1 8193
d 3 11794
d 5 347
d 3 21180
d 1 4009
d 1 4010
d 3 16549
d 1 5668
d 5 15682
d 3 15067
d 4 2298
d 5 23135
d 5 825
d 1 24168
d 5 15296
d 1 2014
d 1 7761
d 1 21223
d 1 21657
d 1 23095
d 1 11271
d 4 15063
d 5 22922
d 4 10019
d 5 87
d 4 15280
d 3 3011
d 3 4377
d 5 21007
d 1 13084
d 5 21904
d 1 1723
d 5 13630
d 3 4458
d 1 19150
d 4 22854
d 3 12371
d 1 4083
d 1 11670
d 5 19079
d 3 252
d 1 11697
d 1 23349
d 4 661
d 4 6669
d 3 13938
d 3 23584
d 3 17908
d 3 8498
d 4 693
d 4 19665
d 5 4515
d 4 11329
d 3 23233
d 1 11900
d 3 14706
d 4 4867
d 3 2028
d 5 4618
d 1 6635
d 3 17989
d 1 10902
d 4 1560
d 4 17284
d 3 6641
d 4 10421
d 5 14967
d 1 18269
d 1 9280
d 4 19692
d 3 15626
d 5 9451
d 5 5133
d 3 7712
d 4 14874
d 4 23722
d 3 13593
d 3 13234
d 3 10173
d 5 12999
d 3 19192
d 4 8301
d 1 22001
d 3 2065
d 1 18921
d 5 13578
d 1 23756
d 5 18911
d 5 6944
d 3 19286
d 1 9646
d 3 20595
d 5 16236
d 3 6629
d 3 6630
d 3 6971
d 3 6972
d 1 13525
d 1 11193
d 3 10314
d 4 8168
d 4 8686
d 3 5509
d 5 5619
d 3 7510
d 3 9643
d 1 1594
d 1 1595
d 1 17869
d 5 10264
d 3 2380
d 3 9827
d 1 4847
d 5 17348
d 4 17877
d 1 12138
d 1 15442
d 1 15443
d 1 15661
d 3 6448
d 5 8736
d 5 3002
d 1 2254
d 3 9481
d 4 1644
d 4 7781
d 4 14376
d 4 9182
d 4 6334
d 4 19195
d 1 20492
d 3 2895
d 5 3598
d 3 3189
d 3 4696
d 4 10056
d 4 11595
d 1 8374
d 1 18120
d 5 18241
d 1 15058
d 3 4799
d 4 8634
d 1 22014
d 1 1055
d 3 11132
d 1 22427
d 3 19806
d 1 5881
d 5 7647
d 5 23896
d 5 1990
d 3 20288
d 5 1515
d 4 10969
d 1 1234
d 5 12576
d 3 1788
d 1 21648
d 4 12134
d 4 14914
d 4 19033
d 3 19985
d 1 3102
d 5 9746
d 4 24742
d 1 5788
d 3 22177
d 5 6081
d 3 5734
d 1 19006
d 3 22133
d 3 6966
d 3 22396
d 1 5150
d 1 16802
d 3 4562
d 4 1890
d 3 6126
d 3 10481
d 3 6989
d 3 11823
d 1 8003
d 5 7333
d 5 7791
d 1 10484
d 5 8433
d 3 14782
d 1 10157
d 3 16105
d 3 14172
d 4 17926
d 4 21337
d 5 17529
d 4 18571
d 1 5022
d 3 16705
d 1 14005
d 1 14258
d 5 12958
d 3 13788
d 1 12342
d 3 18847
d 5 11243
d 5 12387
d 4 4808
d 1 16697
d 3 18808
d 3 3670
d 5 8048
d 3 18800
d 1 4653
d 1 9436
d 3 13039
d 5 24817
d 1 20524
d 1 14445
d 3 2899
d 5 21381
d 3 872
d 4 24933
d 1 22679
d 1 8560
d 4 22661
d 3 23721
d 3 23722
d 1 18655
d 1 7777
d 5 24457
d 3 8311
d 1 18085
d 1 18086
d 1 17704
d 1 19413
d 1 23048
d 1 15055
d 5 16317
d 4 14596
d 3 8045
d 1 6044
d 4 22283
d 5 3673
d 5 20464
d 3 9921
d 3 2948
d 3 13683
d 1 3896
d 1 15533
d 1 12987
d 4 6065
d 5 14772
d 4 16514
d 1 23897
d 3 11592
d 3 676
d 3 19614
d 1 4831
d 5 2279
d 3 1973
d 5 16738
d 3 23940
d 1 19074
d 3 10972
d 3 17103
d 1 16626
d 1 13997
d 3 8064
d 3 6627
d 1 20629
d 1 11223
d 4 21615
d 5 22630
d 3 12759
d 4 89
d 5 22482
d 5 21297
d 1 22346
d 3 15233
d 1 5629
d 3 6586
d 4 19052
d 3 21044
d 5 20481
d 4 11587
d 4 13255
d 4 45
d 1 9653
d 4 7359
d 1 21319
d 4 13339
d 3 14354
d 1 17027
d 1 15363
d 5 5722
d 5 8623
d 3 23004
d 1 24184
d 3 6197
d 1 3897
d 1 10914
d 1 17558
d 3 4464
d 5 22662
d 4 4501
d 3 6990
d 5 2838
d 4 22763
d 1 4792
d 3 6623
d 1 19044
d 3 2778
d 1 15752
d 3 22592
d 1 17631
d 1 5641
d 5 8589
d 3 10128
d 5 14640
d 5 24631
d 3 3501
d 3 17298
d 4 21863
d 3 20887
d 5 6638
d 5 22896
d 4 22974
d 5 10307
d 1 16487
d 1 15596
d 1 11883
d 5 17785
d 1 14755
d 1 4529
d 3 11380
d 3 20014
d 1 8767
d 1 12748
d 1 10317
d 1 19616
d 1 23875
d 3 8599
d 5 6533
d 1 13005
d 1 23107
d 3 17078
d 4 3072
d 3 3055
d 1 3041
d 3 3133
d 5 23543
d 1 5070
d 1 17510
d 5 23055
d 3 6422
d 1 9230
d 1 7780
d 1 6598
d 1 18174
d 4 15985
d 5 12261
d 3 1187
d 1 5763
d 4 5507
d 1 15861
d 3 21519
d 1 3364
d 5 5447
d 3 9369
d 4 15930
d 3 3299
d 3 3830
d 3 15298
d 3 2843
d 1 16022
d 1 20874
d 3 23466
d 1 2713
d 3 9484
d 5 10544
d 3 18846
d 3 12
d 1 4211
d 3 5005
d 5 23978
d 1 1943
d 4 23315
d 1 17877
d 3 24655
d 1 16713
d 3 6483
d 1 12714
d 4 5617
d 1 1287
d 1 2100
d 5 19584
d 1 11355
d 1 17147
d 1 16603
d 1 24645
d 1 10543
d 3 4414
d 1 8258
d 1 19654
d 4 6917
d 3 19125
d 3 8961
d 1 13729
d 3 2575
d 1 14981
d 5 1811
d 5 946
d 1 13219
d 3 22237
d 4 11140
d 1 13698
d 3 22967
d 3 19668
d 5 24150
d 3 6826
d 4 11697
d 1 11058
d 4 5220
d 3 9226
d 3 16341
d 4 19389
d 3 7533
d 4 11698
d 1 2769
d 1 21999
d 4 4662
d 1 10699
d 1 15928
d 3 16862
d 3 10091
d 3 21804
d 5 8778
d 4 3081
d 1 22069
d 1 23307
d 1 13561
d 3 10979
d 3 10981
d 1 22552
d 1 17810
d 1 9976
d 1 9977
d 3 22127
d 1 1429
d 4 10307
d 3 19897
d 1 4521
d 1 11055
d 3 21081
d 1 2415
d 1 17146
d 3 1188
d 4 23299
d 4 11733
d 3 989
d 4 8356
d 3 21926
d 3 17392
d 1 7423
d 1 7425
d 5 8494
d 5 24351
d 1 9405
d 1 3736
d 1 17346
d 3 24352
d 3 24384
d 1 3583
d 4 15258
d 3 6631
d 1 11776
d 1 15231
d 1 10574
d 5 15456
d 3 9157
d 4 3392
d 4 6228
d 3 8601
d 3 4346
d 1 6961
d 4 23742
d 5 10528
d 5 13189
d 1 17747
d 3 5931
d 3 1825
d 1 22310
d 5 9324
d 5 13476
d 3 12230
d 1 1146
d 3 23373
d 4 6250
d 1 5864
d 3 12439
d 1 19676
d 1 3496
d 3 3465
d 3 20051
d 5 19867
d 1 14855
d 1 18840
d 3 2937
d 1 16632
d 3 15038
d 3 22120
d 1 10698
d 5 12732
d 3 16569
d 5 11682
d 3 14328
d 3 15576
d 3 15664
d 3 2094
d 3 24895
d 1 24342
d 1 214
d 3 14830
d 3 3774
d 3 13723
d 5 16950
d 4 8447
d 4 14694
d 5 8809
d 1 4369
d 3 15866
d 5 13990
d 1 19573
d 3 21082
d 3 7484
d 1 11031
d 1 11897
d 4 21239
d 4 18177
d 3 21895
d 1 13589
d 5 20990
d 1 13386
d 1 16877
d 1 18253
d 3 11635
d 1 18916
d 3 3142
d 3 9787
d 5 1182
d 3 23492
d 4 14128
d 1 18447
d 1 11559
d 1 20693
d 3 2805
d 1 2576
d 3 18226
d 4 14892
d 5 19758
d 1 20452
d 1 9600
d 5 24333
d 1 7426
d 3 2399
d 3 12329
d 4 16713
d 5 16134
d 3 11150
d 1 10744
d 3 17855
d 1 18936
d 3 23180
d 3 13960
d 5 21209
d 1 2053
d 1 24515
d 1 2368
d 1 6039
d 1 14584
d 3 24733
d 1 990
d 3 12382
d 1 21497
d 3 13864
d 1 3140
d 3 18104
d 3 21143
d 3 19004
d 5 17419
d 1 20396
d 1 8721
d 4 10451
d 1 19247
d 3 1072
d 3 10081
d 3 17310
d 3 11142
d 4 11019
d 1 5119
d 3 8136
d 5 10999
d 3 652
d 1 5414
d 5 7508
d 3 2552
d 3 19198
d 3 16390
d 1 22944
d 3 3389
d 3 7552
d 4 450
d 3 16627
d 3 8543
d 3 5697
d 4 21145
d 5 17460
d 1 4438
d 5 8105
d 3 6975
d 1 8506
d 4 4888
d 3 23825
d 5 3325
d 5 2829
d 3 16672
d 3 8722
d 1 21900
d 1 21149
d 3 12261
d 4 17730
d 4 19091
d 4 8554
d 1 23355
d 3 18683
d 1 4671
d 3 1397
d 5 12369
d 3 1574
d 3 14689
d 1 11610
d 1 5625
d 5 24093
d 5 3039
d 3 16710
d 4 13727
d 4 18174
d 1 16904
d 1 13340
d 3 18099
d 3 1411
d 3 20289
d 4 7349
d 3 15338
d 1 7607
d 1 14423
d 1 15924
d 1 4763
d 1 19414
d 4 11401
d 3 631
d 4 20437
d 3 10705
d 3 21202
d 3 18317
d 1 9654
d 1 19409
d 1 4600
d 4 4194
d 5 5935
d 1 14459
d 1 5957
d 1 11339
d 1 17883
d 1 5669
d 1 12795
d 3 15881
d 3 17574
d 3 4644
d 1 2164
d 1 5284
d 4 3864
d 4 13332
d 3 19560
d 3 24109
d 4 19852
d 4 12391
d 1 16583
d 1 1596
d 1 18883
d 1 18885
d 1 18886
d 1 13161
d 3 15912
d 4 20440
d 3 11374
d 1 10710
d 1 10190
d 1 20921
d 4 10964
d 1 14467
d 5 18822
d 3 16628
d 5 22866
d 3 19503
d 4 9677
d 5 20582
d 4 6325
d 3 14601
d 3 8954
d 3 20548
d 3 11917
d 1 24265
d 1 8211
d 1 12618
d 1 22234
d 4 8679
d 3 21234
d 3 13536
d 4 16120
d 5 18949
d 1 24465
d 1 22454
d 1 10558
d 5 1033
d 3 24099
d 1 6003
d 1 4971
d 4 24799
d 5 13655
d 3 17859
d 4 24021
d 1 18571
d 3 16387
d 3 22629
d 4 7979
d 1 3441
d 3 2746
d 1 14792
d 5 22459
d 3 9363
d 4 21592
d 3 560
d 3 1615
d 1 8309
d 3 462
d 3 10218
d 4 10222
d 5 11151
d 5 22936
d 3 5981
d 4 13893
d 1 4523
d 5 2236
d 1 1318
d 1 16653
d 1 7449
d 4 24919
d 1 11048
d 4 14991
d 3 20875
d 3 15228
d 4 14682
d 3 23671
d 1 7155
d 1 13141
d 5 13539
d 5 2752
d 1 1931
d 5 13228
d 1 12745
d 1 13969
d 1 15217
d 1 18087
d 4 10929
d 3 24485
d 4 18733
d 1 15182
d 3 20798
d 4 12314
d 3 9835
d 3 22373
d 1 2174
d 3 20776
d 3 11732
d 1 2466
d 1 12187
d 5 21210
d 3 562
d 3 18988
d 3 1851
d 5 9288
d 3 12943
d 3 11115
d 3 24442
d 1 20366
d 1 9066
d 3 12416
d 4 112
d 1 12719
d 3 10528
d 1 16444
d 1 16698
d 3 11191
d 1 20017
d 1 7884
d 5 22937
d 3 22973
d 3 10062
d 1 15409
d 3 26
d 5 4584
d 1 11638
d 1 6860
d 5 24070
d 4 10
d 3 11847
d 4 18832
d 3 13645
d 1 23935
d 4 6351
d 5 6625
d 3 524
d 3 23333
d 4 18233
d 3 1047
d 3 23586
d 1 11428
d 1 24742
d 1 20280
d 5 7787
d 3 6649
d 1 23487
d 1 24788
d 1 11948
d 4 14372
d 1 2063
d 5 5347
d 1 16403
d 1 15264
d 1 13064
d 3 18079
d 4 1149
d 4 18932
d 3 21169
d 4 17655
d 5 9493
d 3 9745
d 3 18278
d 1 4011
d 1 2717
d 3 436
d 5 12147
d 5 19363
d 1 8416
d 5 11501
d 1 16636
d 1 15862
d 4 12587
d 4 18388
d 5 14371
d 1 5142
d 1 2718
d 3 4378
d 1 23841
d 1 15266
d 5 14206
d 3 24187
d 5 6770
d 1 10359
d 3 2684
d 3 13206
d 4 4072
d 3 23272
d 3 4422
d 3 15288
d 4 11145
d 3 7551
d 3 23009
d 1 16734
d 3 15889
d 4 20286
d 3 2478
d 1 2166
d 1 21722
d 3 4616
d 1 23996
d 5 15172
d 3 19147
d 3 3614
d 3 3615
d 3 3616
d 3 3617
d 3 3618
d 1 6553
d 3 3955
d 3 13459
d 5 20320
d 5 120
d 3 14289
d 5 24790
d 3 10747
d 5 19043
d 3 9148
d 3 10533
d 3 9625
d 1 18703
d 3 11704
d 3 5811
d 4 13409
d 1 24755
d 1 2347
d 1 9978
d 3 10977
d 3 420
d 1 7951
d 1 2969
d 1 4181
d 3 6501
d 5 9167
d 1 20574
d 1 16817
d 4 8318
d 4 402
d 1 20094
d 1 1064
d 3 21191
d 1 7112
d 1 7377
d 4 13586
d 4 2847
d 4 3254
d 3 20164
d 5 23413
d 1 13387
d 1 24343
d 5 24538
d 1 11520
d 5 15669
d 4 1247
d 5 20857
d 3 17250
d 3 5835
d 4 13190
d 1 900
d 5 16977
d 5 6436
d 3 2260
d 5 11403
d 1 24064
d 3 21543
d 3 1751
d 3 1706
d 1 22186
d 1 631
d 3 7154
d 1 502
d 3 19990
d 5 13878
d 4 14214
d 3 4326
d 1 23181
d 3 20331
d 3 14961
d 3 1477
d 3 13471
d 4 16643
d 5 20079
d 3 18206
d 3 10153
d 1 10917
d 1 16147
d 3 13381
d 3 4986
d 3 19959
d 5 1722
d 5 561
d 1 1066
d 4 16234
d 3 13685
d 5 17619
d 1 13220
d 5 21933
d 1 12089
d 1 20512
d 4 13978
d 5 747
d 1 1606
d 1 18254
d 4 22951
d 4 11481
d 5 5389
d 1 7995
d 1 22041
d 5 17315
d 1 2961
d 1 8941
d 5 5314
d 1 5644
d 5 12578
d 5 3421
d 3 3012
d 5 8557
d 1 6154
d 3 21560
d 1 21802
d 4 23958
d 3 15113
d 5 3566
d 5 6509
d 1 13047
d 4 12640
d 1 14586
d 1 14307
d 3 2331
d 3 5999
d 3 8292
d 1 24894
d 5 2653
d 1 12657
d 4 113
d 3 19612
d 1 4391
d 1 10805
d 4 19402
d 3 15400
d 5 4205
d 4 22393
d 3 472
d 4 11731
d 1 19522
d 1 24344
d 1 11414
d 3 12580
d 3 319
d 3 3856
d 1 17368
d 4 17960
d 3 19973
d 3 23215
d 3 301
d 1 2046
d 5 19526
d 4 9045
d 4 17170
d 3 17499
d 1 7554
d 3 5961
d 5 1872
d 3 24778
d 3 11981
d 1 23637
d 3 11192
d 3 287
d 1 8285
d 4 12045
d 1 18056
d 1 9574
d 1 1494
d 1 13734
d 1 24821
d 5 17284
d 3 7550
d 3 3632
d 4 6385
d 3 19179
d 1 1629
d 3 16702
d 3 14976
d 1 11877
d 5 8727
d 3 10788
d 4 4736
d 3 938
d 3 10824
d 3 19168
d 3 24363
d 1 10304
d 3 19316
d 1 5377
d 1 17212
d 3 5397
d 1 11686
d 1 14680
d 1 9406
d 3 23585
d 3 21411
d 4 2647
d 3 11997
d 5 2090
d 1 13218
d 3 23738
d 4 11044
d 5 18439
d 5 8471
d 5 6188
d 5 23059
d 4 12369
d 4 20678
d 4 21903
d 4 8339
d 1 2935
d 1 21609
d 3 1986
d 1 6654
d 1 2479
d 1 24747
d 3 9303
d 4 20773
d 1 23641
d 1 2215
d 1 2216
d 1 2218
d 5 13852
d 5 6674
d 1 16047
d 3 14049
d 3 16515
d 3 10169
d 1 8351
d 1 8352
d 4 19398
d 3 13923
d 4 6229
d 5 23545
d 5 6190
d 5 9232
d 3 19154
d 4 17732
d 5 23407
d 5 9026
d 1 24232
d 1 2841
d 1 16773
d 1 7743
d 1 3284
d 3 7607
d 3 19753
d 3 11834
d 1 2077
d 5 12378
d 1 22166
d 1 6898
d 5 8659
d 5 21279
d 3 17435
d 5 13188
d 1 18288
d 4 19439
d 1 5762
d 4 300
d 5 12586
d 1 20335
d 5 13849
d 4 16523
d 3 13019
d 5 13786
d 4 21030
d 5 2864
d 3 18485
d 5 9175
d 3 6518
d 1 10584
d 3 17368
d 3 24300
d 3 24102
d 3 22898
d 3 12135
d 4 972
d 1 12908
d 5 13953
d 5 12207
d 1 6551
d 5 5477
d 3 9683
d 4 8786
d 5 1505
d 1 10508
d 1 18717
d 5 17995
d 3 21341
d 3 15309
d 5 19803
d 4 13264
d 5 16165
d 5 9593
d 1 15235
d 3 10106
d 1 13783
d 3 6593
d 3 22076
d 1 20154
d 4 20433
d 4 17510
d 5 6728
d 1 16955
d 5 18655
d 5 20482
d 4 23677
d 5 17770
d 1 1301
d 5 4441
d 3 19504
d 4 4948
d 5 1762
d 3 356
d 1 8375
d 3 14678
d 1 18188
d 1 21991
d 4 683
d 1 17559
d 4 8012
d 3 6389
d 1 8695
d 5 407
d 1 11403
d 1 17142
d 3 3170
d 5 21472
d 4 11970
d 3 10605
d 4 9858
d 4 11055
d 4 18820
d 4 22367
d 3 15853
d 5 11522
d 1 10919
d 1 12900
d 1 9232
d 4 20380
d 4 12274
d 3 6006
d 4 4631
d 3 22735
d 4 20903
d 4 20673
d 1 7965
d 1 12968
d 4 15259
d 3 1276
d 4 13864
d 5 4634
d 1 17034
d 4 16072
d 1 21652
d 1 7420
d 1 8370
d 3 17946
d 1 10745
d 4 4624
d 3 19302
d 5 5835
d 5 1041
d 5 6273
d 1 24354
d 3 14078
d 4 7202
d 5 19741
d 1 11592
d 5 15311
d 3 737
d 4 17062
d 3 6650
d 1 15810
d 4 22013
d 5 15384
d 1 12368
d 5 11175
d 3 6793
d 3 2559
d 3 13579
d 1 12206
d 4 1126
d 4 13883
d 1 17454
d 1 1993
d 1 3375
d 5 22398
d 1 11874
d 4 23902
d 3 15062
d 3 1381
d 1 24817
d 3 1896
d 1 11239
d 3 10114
d 4 5384
d 4 4064
d 3 24535
d 1 14749
d 3 11311
d 4 17386
d 3 2697
d 1 14508
d 4 2960
d 1 12231
d 3 23612
d 4 10988
d 1 15416
d 4 11969
d 4 19267
d 4 9904
d 3 21338
d 3 19157
d 1 20209
d 1 23428
d 3 4275
d 1 9818
d 3 20952
d 3 17012
d 3 21802
d 4 12379
d 1 8436
d 3 16529
d 3 6091
d 1 17191
d 5 24151
d 5 11399
d 5 13177
d 3 20011
d 1 24027
d 1 9959
d 3 2862
d 1 13665
d 4 10511
d 1 11257
d 5 16164
d 3 23624
d 3 14953
d 4 13447
d 1 22458
d 3 21488
d 4 9035
d 1 18918
d 3 11679
d 3 2441
d 5 8313
d 1 23852
d 5 1667
d 3 3873
d 5 17478
d 3 12188
d 5 14187
d 1 6119
d 1 6120
d 1 6121
d 1 24505
d 3 15557
d 5 4954
d 4 14217
d 5 3905
d 1 22968
d 3 11863
d 3 20194
d 4 6928
d 1 21853
d 4 22835
d 1 8512
d 5 925
d 5 23860
d 5 8551
d 4 8333
d 5 21863
d 3 20777
d 1 14800
d 1 22246
d 4 17298
d 4 17297
d 1 8699
d 4 4186
d 4 13093
d 5 5958
d 4 24252
d 5 15411
d 3 6913
d 1 23873
d 4 582
d 1 24340
d 3 9880
d 1 19500
d 3 12497
d 1 4880
d 5 8527
d 3 19421
d 4 10995
d 1 984
d 1 4337
d 1 17432
d 3 15679
d 3 22318
d 3 1549
d 1 12609
d 4 13191
d 1 4753
d 1 10690
d 5 8276
d 1 24748
d 1 8612
d 1 11509
d 4 2933
d 1 1214
d 5 8356
d 1 5781
d 3 14269
d 5 23885
d 4 17731
d 4 21930
d 4 21356
d 3 288
d 3 13350
d 3 150
d 4 7314
d 1 5989
d 3 12324
d 3 23007
d 4 15017
d 3 6228
d 1 19906
d 5 18849
d 5 156
d 1 16911
d 4 5683
d 4 2265
d 5 20372
d 4 22530
d 3 21177
d 5 6738
d 3 4996
d 3 21100
d 1 5184
d 5 18880
d 3 18486
d 5 10922
d 1 18804
d 5 18926
d 4 20381
d 1 4394
d 4 7480
d 5 11896
d 4 12217
d 1 17231
d 3 15704
d 1 10257
d 5 394
d 4 10603
d 4 3255
d 1 16804
d 1 2200
d 1 2201
d 3 7996
d 3 8452
d 4 17872
d 1 22394
d 3 2214
d 3 23723
d 4 8016
d 1 21398
d 3 24727
d 4 14388
d 3 6191
d 3 1980
d 1 9716
d 3 4210
d 1 7905
d 4 2578
d 1 2222
d 3 18483
d 4 24372
d 5 15068
d 3 11048
d 3 14386
d 1 23640
d 4 973
d 3 16431
d 5 11229
d 3 11346
d 4 8425
d 4 240
d 4 2333
d 1 1748
d 3 20195
d 4 15874
d 5 21833
d 4 17461
d 3 17334
d 1 19880
d 5 16739
d 3 8384
d 3 284
d 3 286
d 1 11717
d 1 5468
d 1 1201
d 5 23844
d 3 2128
d 3 12838
d 3 12839
d 3 12840
d 5 4176
d 4 2916
d 4 8655
d 4 3955
d 3 17588
d 5 14124
d 3 21247
d 3 20663
d 3 10465
d 1 23717
d 4 21342
d 3 21308
d 1 13235
d 3 23090
d 4 11313
d 3 4509
d 1 24294
d 1 16577
d 5 750
d 5 24429
d 5 23542
d 5 15652
d 1 7666
d 1 24746
d 4 22897
d 4 22898
d 3 16413
d 5 15325
d 1 10579
d 3 18418
d 3 1367
d 5 8632
d 3 19754
d 1 10076
d 4 16641
d 3 9809
d 3 22200
d 5 14381
d 1 21000
d 1 17036
d 1 16281
d 1 7613
d 4 5784
d 3 19005
d 3 18262
d 5 11639
d 1 13348
d 3 17944
d 1 5331
d 5 9838
d 5 13908
d 3 6338
d 3 17652
d 5 17156
d 1 2559
d 1 4840
d 5 17870
d 5 10508
d 4 1720
d 3 21733
d 4 3717
d 1 23500
d 5 7329
d 4 17898
d 3 12410
d 1 3386
d 5 14445
d 1 21002
d 1 4476
d 4 19869
d 4 1654
d 3 21572
d 4 10223
d 3 21129
d 3 20863
d 4 24492
d 4 7260
d 5 16604
d 3 22711
d 3 6224
d 3 18466
d 4 13014
d 5 3825
d 1 4612
d 3 20131
d 1 11199
d 4 7259
d 3 6552
d 1 18110
d 3 24101
d 5 15313
d 3 19248
d 4 114
d 5 1263
d 1 11198
d 1 18925
d 1 8956
d 3 12714
d 3 13933
d 3 22941
d 4 8067
d 3 6298
d 3 338
d 5 3334
d 3 932
d 1 20520
d 1 8353
d 1 23646
d 4 14709
d 1 24555
d 4 12281
d 3 22026
d 3 20030
d 4 23662
d 1 11269
d 3 2266
d 3 894
d 5 12642
d 1 17365
d 3 8937
d 5 19386
d 3 19693
d 1 21733
d 1 7271
d 3 9709
d 5 10303
d 3 14788
d 4 14974
d 4 12699
d 3 18038
d 3 11158
d 1 3158
d 4 14790
d 3 6696
d 5 23380
d 1 7129
d 5 9347
d 3 19380
d 1 19320
d 5 7465
d 4 7886
d 3 18075
d 5 9169
d 1 13059
d 5 10101
d 5 17139
d 1 18735
d 1 11380
d 5 5
d 4 337
d 4 5067
d 5 8251
d 1 2272
d 4 12765
d 1 24738
d 1 21761
d 3 6795
d 1 3094
d 4 3515
d 1 2452
d 4 6676
d 5 17197
d 4 6376
d 5 12703
d 3 7477
d 3 1820
d 3 21043
d 3 21045
d 1 17524
d 1 7313
d 1 9726
d 1 11704
d 1 9083
d 1 13667
d 5 8154
d 3 1683
d 4 15109
d 1 21864
d 5 13368
d 1 2269
d 1 24276
d 3 6978
d 3 18612
d 3 2850
d 3 1205
d 3 11710
d 3 5653
d 1 5675
d 1 2151
d 3 22097
d 3 8903
d 5 14247
d 3 11711
d 4 16996
d 1 11330
d 4 19644
d 5 16032
d 1 4318
d 3 20249
d 3 11722
d 3 12729
d 5 9757
d 1 22777
d 5 24
d 4 6610
d 3 18404
d 1 15626
d 3 7646
d 1 1662
d 5 14110
d 3 113
d 3 21865
d 1 2054
d 5 21665
d 5 12497
d 1 19824
d 1 1068
d 3 8660
d 1 7808
d 3 6601
d 4 3191
d 5 20173
d 1 16129
d 1 21949
d 3 5982
d 3 23114
d 4 241
d 5 11824
d 3 14064
d 3 24386
d 3 3370
d 3 13808
d 4 24863
d 4 10761
d 1 12071
d 4 16688
d 3 1629
d 1 23396
d 1 24895
d 4 491
d 3 15388
d 3 7229
d 5 13831
d 3 1755
d 4 9305
d 5 15312
d 3 22893
d 5 9060
d 4 15727
d 4 10079
d 3 5342
d 1 24364
d 1 1426
d 3 15281
d 1 19907
d 1 6687
d 4 19339
d 1 11262
d 3 23905
d 1 6648
d 4 1238
d 4 19637
d 4 361
d 1 15706
d 4 15925
d 3 7808
d 3 7809
d 3 7810
d 3 4479
d 1 2934
d 5 14231
d 1 10762
d 4 24975
d 1 23623
d 5 14447
d 3 17883
d 1 18685
d 1 6913
d 4 1260
d 3 9816
d 4 6464
d 4 17452
d 1 12303
d 5 17215
d 4 24241
d 4 15451
d 1 21009
d 1 2590
d 3 22994
d 3 5975
d 1 914
d 4 7271
d 4 23639
d 1 24454
d 1 13444
d 3 13505
d 3 24881
d 5 16992
d 1 14698
d 1 6223
d 4 22129
d 3 13927
d 5 19049
d 1 18226
d 5 19205
d 5 12684
d 5 5573
d 3 15149
d 5 9707
d 4 22655
d 3 1020
d 3 21033
d 1 1576
d 1 13845
d 3 21181
d 1 16306
d 5 19365
d 1 5504
d 3 22157
d 3 13009
d 5 13963
d 1 17343
d 1 18342
d 3 2969
d 1 13211
d 3 11617
d 4 11146
d 5 6045
d 5 14146
d 1 24416
d 5 2437
d 3 16966
d 3 19317
d 1 20797
d 1 24233
d 1 18439
d 4 14005
d 3 24287
d 1 8861
d 4 140
d 1 24189
d 4 8246
d 4 20612
d 1 13737
d 1 24264
d 3 16213
d 3 346
d 1 10669
d 3 13859
d 3 14235
d 1 17070
d 4 16113
d 3 13591
d 3 5593
d 3 12770
d 3 7126
d 1 15667
d 4 20692
d 3 5472
d 3 657
d 5 11798
d 1 1854
d 4 19438
d 1 10931
d 3 12841
d 1 21306
d 1 21968
d 5 21049
d 1 21634
d 1 7581
d 4 9732
d 3 6468
d 5 7688
d 3 13504
d 5 1843
d 3 11348
d 1 23265
d 4 10100
d 3 4758
d 4 23744
d 3 1019
d 3 17182
d 1 1617
d 5 12557
d 1 23358
d 5 1785
d 3 473
d 3 19114
d 1 13286
d 1 23069
d 5 23948
d 4 6956
d 3 9823
d 4 24774
d 1 13710
d 5 12181
d 5 427
d 3 2429
d 5 11400
d 4 17793
d 1 14235
d 1 18369
d 1 16142
d 3 12027
d 1 8276
d 3 12239
d 5 23972
d 5 9713
d 3 4318
d 1 3652
d 4 2891
d 3 20393
d 5 17867
d 1 17465
d 5 8604
d 3 11557
d 4 23405
d 1 10627
d 5 7586
d 4 16550
d 1 11646
d 3 8814
d 5 5289
d 4 14233
d 4 15317
d 1 9658
d 3 18460
d 5 7241
d 4 11281
d 5 6008
d 3 17895
d 1 3818
d 1 21475
d 1 22982
d 3 11376
d 3 17393
d 3 23690
d 1 22581
d 1 368
d 1 15461
d 1 3666
d 5 1235
d 1 16590
d 3 12801
d 3 19992
d 4 20412
d 4 13906
d 5 10049
d 3 8089
d 4 11707
d 4 21197
d 4 10565
d 1 12478
d 4 18045
d 3 11709
d 4 8485
d 3 121
d 3 21641
d 1 12444
d 1 2634
d 1 17505
d 3 10839
d 5 13915
d 4 18976
d 3 5285
d 1 18737
d 3 6602
d 1 14854
d 1 18796
d 1 2489
d 4 18730
d 3 1734
d 5 3257
d 1 14573
d 5 4126
d 1 17088
d 1 8004
d 4 15071
d 1 21959
d 1 17338
d 4 24167
d 5 11173
d 1 5050
d 1 14955
d 3 20594
d 3 21146
d 3 14275
d 3 521
d 3 523
d 3 4576
d 3 15817
d 1 13919
d 3 13789
d 3 14729
d 3 3151
d 4 1220
d 5 18192
d 1 22596
d 1 22598
d 1 22938
d 3 8104
d 4 11083
d 3 2961
d 3 8076
d 1 1864
d 3 21750
d 5 24891
d 5 23859
d 5 10595
d 3 18109
d 4 8330
d 3 7824
d 1 20589
d 1 17989
d 3 3199
d 3 23938
d 3 9149
d 1 17820
d 3 14140
d 5 1625
d 3 20700
d 3 9208
d 1 2815
d 5 24926
d 5 11608
d 3 5167
d 5 3935
d 1 5334
d 1 19997
d 3 3640
d 5 2222
d 1 19089
d 1 12072
d 3 3171
d 3 2232
d 5 14210
d 3 13650
d 4 24627
d 3 21671
d 1 3785
d 1 5724
d 5 8969
d 3 18024
d 5 15854
d 4 16565
d 3 15599
d 1 20108
d 3 3739
d 4 3201
d 1 15836
d 1 16107
d 5 1375
d 3 14669
d 3 4149
d 1 4719
d 4 24538
d 1 23386
d 5 24637
d 1 19172
d 3 9040
d 3 736
d 3 17638
d 4 9752
d 1 13938
d 1 8863
d 1 13977
d 4 2321
d 3 17589
d 3 2377
d 5 24889
d 1 9410
d 3 14492
d 3 1992
d 1 14138
d 3 10982
d 3 14964
d 3 6457
d 3 3696
d 1 21534
d 3 10604
d 1 294
d 3 16861
d 1 5476
d 3 18210
d 1 15417
d 1 2069
d 4 4949
d 1 17684
d 3 16530
d 4 20079
d 5 6931
d 1 17249
d 1 9774
d 1 20888
d 1 17210
d 3 22718
d 3 4614
d 3 12948
d 3 6853
d 1 21425
d 1 3856
d 3 24650
d 5 16139
d 1 23445
d 3 21134
d 3 9559
d 4 22134
d 3 10471
d 3 14635
d 3 17082
d 3 1211
d 4 32
d 3 1123
d 1 24234
d 1 3276
d 1 24626
d 1 16327
d 1 20229
d 4 21816
d 3 17374
d 3 2238
d 1 3203
d 3 14754
d 4 14791
d 5 1699
d 1 6315
d 3 6784
d 3 23393
d 5 23767
d 1 19683
d 1 22803
d 1 17643
d 3 3843
d 3 19638
d 5 11707
d 5 15754
d 3 13298
d 4 4065
d 1 2907
d 1 6356
d 1 18510
d 3 3550
d 4 18059
d 1 19659
d 1 2709
d 3 1785
d 3 71
d 1 8800
d 4 14140
d 4 14141
d 1 21289
d 3 17394
d 5 6261
d 4 12453
d 3 6493
d 3 19905
d 1 22637
d 3 7202
d 3 2439
d 1 23823
d 3 7850
d 1 23288
d 1 3744
d 1 4746
d 1 8463
d 3 23783
d 3 4262
d 3 601
d 4 19495
d 5 7372
d 5 20080
d 1 14809
d 1 1422
d 3 16155
d 5 12414
d 3 5173
d 3 20824
d 1 17756
d 3 14288
d 1 9944
d 4 16853
d 3 1730
d 5 3225
d 3 3714
d 3 2012
d 3 5512
d 5 19700
d 4 8627
d 3 10326
d 1 23736
d 4 17343
d 3 5299
d 1 14063
d 1 24509
d 5 11729
d 5 7340
d 1 23173
d 1 11252
d 1 15009
d 3 5293
d 3 24192
d 1 6021
d 1 1438
d 5 20295
d 1 15487
d 1 18956
d 5 24994
d 1 22896
d 5 15369
d 1 4109
d 1 9258
d 5 3646
d 3 8943
d 3 14464
d 1 8151
d 3 19786
d 3 166
d 3 23167
d 4 19775
d 1 15334
d 3 20254
d 3 8016
d 3 8270
d 3 942
d 3 18110
d 5 3312
d 5 583
d 3 16733
d 1 3766
d 3 13225
d 1 16290
d 1 10026
d 3 11431
d 1 19403
d 1 11275
d 4 18749
d 1 15832
d 1 5790
d 1 24479
d 3 21591
d 3 6277
d 4 23302
d 1 17434
d 3 12899
d 1 7501
d 4 2203
d 1 21645
d 4 10166
d 5 5495
d 1 18687
d 5 4953
d 1 23266
d 1 11669
d 3 6490
d 4 7136
d 3 162
d 1 16730
d 5 3243
d 1 15756
d 3 19122
d 3 21798
d 3 15419
d 5 10428
d 3 3554
d 5 10046
d 1 11086
d 4 1993
d 1 17470
d 3 12856
d 1 11665
d 5 15028
d 1 5401
d 3 16642
d 5 5769
d 1 24834
d 3 11521
d 1 11113
d 3 18467
d 4 18156
d 3 19883
d 4 13708
d 1 22233
d 1 16126
d 3 13530
d 1 15807
d 1 22527
d 3 21227
d 1 22318
d 3 19558
d 3 21342
d 1 16720
d 1 1535
d 5 22917
d 5 22918
d 3 1037
d 3 1217
d 3 24401
d 3 22483
d 1 11732
d 3 8335
d 3 22335
d 3 7378
d 3 21046
d 1 1418
d 3 12587
d 1 24644
d 3 10566
d 3 11000
d 4 14840
d 1 13232
d 1 22570
d 4 9903
d 1 23029
d 5 19627
d 1 3475
d 3 14618
d 4 3039
d 5 8915
d 3 19571
d 3 23268
d 3 7811
d 1 20135
d 1 13534
d 1 3699
d 1 20437
d 1 8344
d 1 13048
d 1 4680
d 3 5607
d 1 11442
d 1 19786
d 1 13263
d 3 19868
d 1 3756
d 5 10773
d 5 13269
d 3 7102
d 3 1861
d 4 21874
d 3 21636
d 1 10147
d 3 18211
d 4 4224
d 3 6719
d 5 10909
d 3 13472
d 1 17786
d 5 17627
d 1 3764
d 3 16601
d 1 5278
d 3 8507
d 3 4396
d 5 13479
d 4 21725
d 3 15402
d 3 16887
d 3 19520
d 3 21407
d 3 23334
d 1 19733
d 1 9386
d 5 1993
d 3 22358
d 5 5005
d 1 14540
d 3 13084
d 1 14805
d 1 21194
d 1 11131
d 3 788
d 1 24003
d 1 11190
d 4 16721
d 4 9801
d 5 23551
d 3 13461
d 3 21946
d 5 17492
d 1 7546
d 1 5799
d 5 5432
d 1 11306
d 1 24317
d 4 8450
d 3 20509
d 1 23776
d 3 12386
d 4 6646
d 3 17242
d 3 13853
d 1 18004
d 4 2259
d 5 21066
d 3 20405
d 3 8264
d 3 16233
d 5 2049
d 4 1352
d 1 15923
d 4 2133
d 5 1817
d 3 14817
d 3 20013
d 4 21941
d 3 13473
d 4 10395
d 3 2531
d 3 9730
d 1 2147
d 1 14873
d 4 3108
d 4 10061
d 1 10056
d 1 13212
d 1 1221
d 5 19314
d 4 18190
d 3 20557
d 1 16239
d 1 22006
d 3 14358
d 3 19633
d 1 23323
d 1 5032
d 5 11131
d 4 21345
d 3 10613
d 3 16967
d 5 12368
d 1 14890
d 1 23701
d 5 4805
d 5 11905
d 3 15537
d 5 24023
d 5 24024
d 3 20453
d 3 183
d 1 1244
d 1 15738
d 3 23808
d 1 12588
d 1 20661
d 5 16427
d 4 11040
d 3 3108
d 1 20450
d 1 8886
d 4 1154
d 3 435
d 1 22464
d 5 18612
d 4 22125
d 3 21689
d 1 1863
d 4 19841
d 3 12755
d 1 19162
d 1 11678
d 4 13421
d 1 12604
d 4 21410
d 5 8565
d 1 15427
d 3 19703
d 1 15863
d 1 16064
d 5 7720
d 1 16087
d 5 2543
d 5 9475
d 3 4031
d 5 17112
d 1 21574
d 5 21623
d 1 14887
d 5 8719
d 3 21607
d 4 19589
d 4 7131
d 1 9149
d 3 24447
d 1 18415
d 3 2410
d 3 1707
d 1 21706
d 3 14498
d 1 15964
d 4 14143
d 5 23626
d 1 4287
d 4 1677
d 1 4551
d 1 23354
d 1 23808
d 4 7300
d 4 1871
d 4 1872
d 4 1873
d 4 1874
d 4 362
d 4 2081
d 3 6474
d 5 11750
d 5 5882
d 1 10035
d 1 19836
d 3 13103
d 1 1268
d 5 17950
d 5 10174
d 3 20856
d 3 28
d 5 8930
d 1 11047
d 4 9055
d 4 18883
d 5 22894
d 4 14988
d 5 951
d 4 3443
d 5 1501
d 3 4338
d 3 10082
d 1 9243
d 5 11469
d 3 9949
d 1 9579
d 1 8115
d 4 16936
d 5 14813
d 3 16687
d 5 6341
d 4 22505
d 3 21077
d 4 7879
d 1 20684
d 1 1841
d 1 22940
d 1 9936
d 4 10371
d 3 16750
d 4 24129
d 1 13745
d 1 17887
d 5 959
d 5 10692
d 1 19844
d 5 5006
d 3 19393
d 1 6649
d 1 2810
d 4 9091
d 1 22503
d 4 20149
d 3 7381
d 4 6207
d 1 21130
d 4 8684
d 3 4183
d 1 24873
d 1 9402
d 4 20384
d 5 12003
d 4 17895
d 1 7405
d 5 21517
d 4 13785
d 1 6621
d 3 6718
d 3 10798
d 1 10898
d 1 5387
d 3 11257
d 1 11013
d 1 1644
d 5 18462
d 1 6358
d 1 10210
d 3 23889
d 5 17173
d 3 3808
d 3 11618
d 5 10966
d 1 16628
d 3 3107
d 5 6525
d 3 2289
d 1 15011
d 1 12775
d 4 1683
d 3 12818
d 4 18227
d 1 9125
d 5 7113
d 1 10466
d 3 17718
d 3 7575
d 3 21032
d 1 19710
d 5 17613
d 5 6490
d 5 3910
d 1 22349
d 5 4761
d 3 10906
d 1 2339
d 3 18834
d 5 22239
d 3 5309
d 1 4760
d 5 16461
d 3 5740
d 4 23550
d 3 13161
d 4 2131
d 4 3063
d 3 11653
d 3 17630
d 5 2377
d 4 23037
d 3 9560
d 5 8737
d 4 22902
d 1 17722
d 1 18628
d 5 3939
d 1 10628
d 3 5335
d 5 15412
d 5 6827
d 1 19028
d 3 12006
d 1 9424
d 5 3823
d 5 5330
d 1 10244
d 3 1917
d 1 15271
d 1 2233
d 3 6182
d 1 20190
d 3 4028
d 5 20432
d 3 20140
d 1 6427
d 5 20421
d 3 1724
d 4 12101
d 4 12102
d 1 23407
d 5 9651
d 1 16973
d 3 16432
d 5 21645
d 3 11510
d 3 16029
d 3 4445
d 3 15457
d 5 10179
d 3 22995
d 4 9970
d 3 13160
d 1 23518
d 4 8862
d 5 13096
d 3 23526
d 5 17270
d 5 14757
d 4 252
d 1 10870
d 1 19279
d 1 9536
d 3 10203
d 5 13336
d 5 5580
d 4 1710
d 3 13791
d 3 4527
d 4 14240
d 1 7564
d 4 24546
d 4 9509
d 3 12571
d 1 1324
d 3 9198
d 5 13899
d 5 20964
d 1 8827
d 5 22673
d 3 11666
d 1 7485
d 3 1339
d 4 12185
d 4 22568
d 5 17257
d 3 14652
d 3 14651
d 4 6868
d 5 13029
d 4 152
d 4 11139
d 5 10511
d 1 12178
d 3 9715
d 1 12779
d 1 5279
d 5 17174
d 1 20462
d 5 2703
d 1 1484
d 5 10806
d 3 1394
d 1 7627
d 4 2845
d 3 3210
d 1 18245
d 5 13346
d 1 2959
d 5 12826
d 3 8339
d 4 20284
d 1 20531
d 3 6470
d 3 23153
d 5 23552
d 3 20217
d 1 3273
d 5 2965
d 1 5783
d 4 10336
d 3 18774
d 4 12906
d 3 14098
d 3 10278
d 3 15970
d 4 23761
d 5 20819
d 3 12159
d 4 11647
d 5 13465
d 5 6580
d 4 13887
d 4 12511
d 4 21585
d 3 4859
d 3 19371
d 1 13143
d 3 1207
d 3 18010
d 4 15002
d 3 14390
d 5 6874
d 3 21711
d 1 9780
d 1 4474
d 5 12366
d 1 22599
d 5 14556
d 1 11191
d 1 17757
d 1 13182
d 5 11836
d 5 24933
d 3 8532
d 5 21817
d 3 11906
d 5 22919
d 5 2633
d 5 11142
d 4 11112
d 1 3420
d 1 988
d 4 14041
d 1 13744
d 4 3474
d 4 17123
d 3 5282
d 4 19504
d 5 23931
d 5 15714
d 4 2082
d 3 5724
d 3 23580
d 4 9218
d 1 19431
d 3 16720
d 4 1610
d 4 6447
d 5 17749
d 4 20664
d 1 24387
d 5 10346
d 5 20705
d 3 12721
d 3 18077
d 1 6083
d 3 2416
d 3 5765
d 5 23103
d 3 20285
d 1 9775
d 5 14723
d 5 23975
d 4 23854
d 1 16537
d 3 16454
d 4 1973
d 3 535
d 3 1594
d 5 23280
d 3 485
d 4 21460
d 4 23474
d 5 952
d 1 6708
d 5 23922
d 4 12683
d 1 11371
d 3 24208
d 1 1459
d 4 14665
d 3 8573
d 5 22925
d 4 9772
d 5 8452
d 3 21120
d 1 14897
d 1 2261
d 3 206
d 4 21413
d 1 10145
d 3 5297
d 3 11322
d 4 24639
d 4 6869
d 4 1875
d 1 2380
d 3 7384
d 4 15377
d 4 647
d 4 23552
d 4 20428
d 5 15844
d 5 13379
d 4 3555
d 5 5363
d 3 15310
d 5 18903
d 4 1467
d 3 15593
d 1 12932
d 5 1734
d 3 18863
d 3 15456
d 1 18603
d 5 16599
d 1 21916
d 4 15403
d 1 12154
d 1 11623
d 4 4579
d 4 20439
d 4 5915
d 5 18692
d 3 5722
d 5 17355
d 4 7999
d 4 3483
d 5 17119
d 4 6068
d 4 11156
d 5 2255
d 4 6602
d 1 20889
d 3 11773
d 3 19249
d 3 701
d 1 5650
d 4 23966
d 5 15862
d 1 21363
d 1 10676
d 4 20683
d 1 3207
d 5 15558
d 4 6013
d 5 4203
d 5 9715
d 1 4683
d 3 11602
d 4 23789
d 1 12158
d 5 12615
d 5 20201
d 4 16317
d 1 12856
d 4 4216
d 5 8594
d 5 49
d 4 16304
d 3 3484
d 1 16756
d 5 8168
d 4 17512
d 5 12850
d 3 18343
d 1 21973
d 5 7577
d 5 17951
d 5 9926
d 4 18069
d 4 22163
d 5 21408
d 4 21646
d 4 19729
d 3 19298
d 4 5951
d 4 9967
d 5 12413
d 3 23813
d 3 20320
d 5 870
d 5 16793
d 4 13514
d 5 8123
d 3 16901
d 4 6035
d 4 16702
d 3 9187
d 3 16226
d 3 16005
d 4 17674
d 4 2929
d 4 16573
d 4 2164
d 5 4718
d 4 4204
d 1 22664
d 5 5183
d 1 18504
d 5 15322
d 5 15975
d 5 9927
d 1 7327
d 5 18335
d 3 2657
d 3 21395
d 5 6044
d 4 19133
d 4 16450
d 1 23642
d 3 17629
d 4 10656
d 4 11605
d 5 4069
d 5 6452
d 4 12651
d 4 4782
d 1 21851
d 4 21782
d 5 7367
d 5 7210
d 5 94
d 4 11794
d 5 1342
d 1 16513
d 5 18375
d 1 16996
d 3 6582
d 5 20756
d 5 3248
d 4 2032
d 3 13541
d 3 11484
d 5 4005
d 4 11901
d 5 19582
d 5 5856
d 3 13145
d 5 8537
d 5 3101
d 3 3641
d 1 7236
d 4 20416
d 4 20417
d 5 10103
d 5 22578
d 5 6520
d 3 7888
d 5 18488
d 5 22523
d 5 5387
d 3 15579
d 1 1642
d 4 15905
d 4 3860
d 4 14570
d 5 3911
d 5 9346
d 4 10146
d 4 23613
d 5 12196
d 1 2911
d 4 1482
d 4 3703
d 4 20998
d 1 21055
d 5 18730
d 4 18422
d 4 18823
d 5 3276
d 5 12445
d 4 1469
d 4 23170
d 1 10759
d 4 23394
d 5 15476
d 5 11395
d 5 23531
d 3 2920
d 5 20727
d 5 8001
d 4 3136
d 5 5959
d 3 3045
d 1 3050
d 5 17837
d 5 15525
d 4 20805
d 3 13922
d 4 21882
d 5 4444
d 4 3461
d 5 7173
d 5 6771
d 5 14216
d 5 14217
d 5 14841
d 3 24587
d 3 15994
d 5 19706
d 1 14753
d 4 2167
d 3 9622
d 4 9886
d 5 433
d 4 6888
d 4 20988
d 4 10386
d 4 6208
d 5 20223
d 4 2512
d 5 17294
d 4 20348
d 5 853
d 3 3715
d 3 9966
d 4 4637
d 3 1048
d 4 22767
d 4 5479
d 5 21214
d 5 6667
d 3 11432
d 4 23355
d 5 15051
d 1 8338
d 4 18969
d 5 14790
d 5 17154
d 4 4644
d 4 649
d 5 2586
d 3 22477
d 3 14670
d 4 18960
d 4 5747
d 4 5748
d 1 1634
d 4 18967
d 5 9012
d 3 13466
d 4 10607
d 1 19274
d 4 21374
d 1 7690
d 4 5610
d 1 20772
d 5 9170
d 3 18534
d 4 15382
d 4 3326
d 5 24617
d 3 100
d 3 18487
d 3 9754
d 3 15308
d 3 16932
d 5 16779
d 4 7103
d 1 10373
d 4 9099
d 4 17155
d 4 12588
d 5 20069
d 3 12867
d 5 3816
d 5 6062
d 4 1855
d 5 7136
d 1 20708
d 5 17726
d 3 1126
d 4 11297
d 4 513
d 5 4201
d 5 4661
d 5 1363
d 5 961
d 5 15376
d 4 17438
d 5 22823
d 5 19511
d 5 16820
d 4 13228
d 4 18435
d 5 9837
d 3 20784
d 5 22332
d 4 17514
d 4 24173
d 5 9476
d 3 13411
d 5 1484
d 4 20857
d 5 5507
d 5 18489
d 1 13552
d 4 615
d 4 22693
d 5 11547
d 4 577
d 5 24238
d 3 15367
d 1 9689
d 3 1298
d 4 9197
d 5 3800
d 4 17809
d 1 15742
d 1 5572
d 4 20387
d 3 5533
d 4 19559
d 4 9792
d 4 650
d 4 15940
d 5 4785
d 5 22714
d 4 3921
d 4 22845
d 4 17862
d 5 2652
d 4 7150
d 1 1894
d 4 2169
d 5 21215
d 5 7627
d 4 14222
d 4 4610
d 1 24484
d 5 6372
d 4 9329
d 1 1775
d 5 5118
d 4 17888
d 5 4166
d 4 13626
d 4 13627
d 4 1915
d 5 21691
d 5 20947
d 4 9860
d 3 20678
d 3 3780
d 4 24091
d 4 101
d 5 13241
d 4 19381
d 4 16917
d 5 8407
d 5 11520
d 5 1562
d 1 6763
d 1 3269
d 5 16920
d 4 17988
d 5 766
d 4 6371
d 4 18052
d 1 8920
d 5 18290
d 5 2708
d 5 16259
d 4 10852
d 5 13083
d 4 1754
d 5 18373
d 5 10808
d 5 16979
d 4 24469
d 4 21575
d 5 8097
d 5 4762
d 1 16122
d 1 2909
d 4 9517
d 5 8939
d 4 13512
d 5 6823
d 4 24142
d 1 23446
d 4 3691
d 4 7130
d 5 11545
d 5 18392
d 3 6816
d 3 17964
d 4 8754
d 1 8925
d 5 10021
d 4 18419
d 4 4548
d 4 4549
d 4 11872
d 4 2389
d 4 22833
d 4 8376
d 4 17167
d 4 11752
d 5 669
d 5 7963
d 4 23452
d 5 3436
d 4 1752
d 4 7982
d 4 24944
d 5 2907
d 5 2125
d 4 15872
d 5 15752
d 1 934
d 1 9361
d 5 20512
d 5 18516
d 5 18274
d 4 3903
d 4 13573
d 5 4446
d 4 11940
d 5 17222
d 5 6335
d 5 5552
d 5 20190
d 4 7361
d 3 21833
d 4 17044
d 5 958
d 4 14287
d 3 9893
d 5 483
d 4 3177
d 5 14601
d 3 2076
d 5 9106
d 5 12950
d 4 19851
d 4 4735
d 5 3986
d 4 20197
d 4 21357
d 4 6557
d 3 21166
d 4 9476
d 1 11230
d 5 5027
d 4 5824
d 4 15844
d 5 5839
d 1 15520
d 5 20077
d 5 22687
d 5 17314
d 1 23067
d 5 20761
d 4 1235
d 4 2492
d 3 21755
d 4 21726
d 4 16465
d 5 23109
d 4 14288
d 5 15598
d 1 6546
d 4 21527
d 4 9522
d 4 1684
d 5 24313
d 4 18148
d 5 22573
d 4 23596
d 4 17257
d 1 23836
d 4 19649
d 4 18489
d 4 10058
d 1 9951
d 4 10042
d 5 10712
d 5 19820
d 1 9293
d 3 1932
d 5 8622
d 4 22195
d 4 3637
d 5 15808
d 4 13427
d 5 3076
d 5 15277
d 5 3983
d 1 13703
d 5 4982
d 5 5437
d 5 5438
d 5 5439
d 4 20122
d 4 3976
d 3 23460
d 5 4583
d 5 14565
d 3 6121
d 4 1901
d 4 21963
d 3 14738
d 3 19289
d 4 4849
d 4 5307
d 4 13510
d 4 6303
d 1 2563
d 5 8886
d 5 20757
d 1 22631
d 4 17158
d 3 7581
d 4 4979
d 3 20355
d 4 9581
d 3 16096
d 4 20323
d 5 17575
d 3 10967
d 5 18245
d 5 1700
d 4 10644
d 3 22577
d 3 22576
d 5 11688
d 4 2931
d 3 14990
d 4 24743
d 4 18957
d 4 23889
d 5 22829
d 5 11434
d 4 10850
d 5 14288
d 5 11197
d 5 19141
d 5 15102
d 4 567
d 1 11567
d 4 2132
d 4 24798
d 5 6930
d 4 3160
d 4 12020
d 1 9331
d 4 18118
d 5 16871
d 5 8304
d 1 929
d 1 11499
d 4 15750
d 5 9835
d 4 13644
d 5 14203
d 5 6766
d 5 7502
d 5 23686
d 5 14457
d 5 14458
d 4 22679
d 5 13037
d 4 7308
d 5 11954
d 4 11008
d 5 7062
d 4 21993
d 5 21332
d 3 24053
d 4 21980
d 3 12376
d 4 1413
d 4 3617
d 5 12549
d 4 24269
d 5 8106
d 5 6274
d 4 16260
d 5 6348
d 4 52
d 5 7733
d 5 7734
d 4 10558
d 4 7930
d 4 18097
d 1 16187
d 5 7105
d 4 6969
d 4 8458
d 4 19683
d 5 10774
d 4 11108
d 5 8682
d 5 1624
d 1 18938
d 5 17920
d 5 21067
d 4 3624
d 1 1119
d 4 24594
d 5 5074
d 1 16853
d 5 5902
d 1 12205
d 4 13193
d 5 18156
d 1 20932
d 4 648
d 5 21976
d 5 14598
d 5 11455
d 5 12996
d 5 2340
d 5 7192
d 3 22668
d 4 13087
d 4 18904
d 4 15796
d 1 21698
d 4 17585
d 5 1507
d 5 18731
d 4 4187
d 3 2138
d 5 23532
d 4 17891
d 5 16918
d 4 2639
d 4 2789
d 1 22883
d 1 8692
d 5 11647
d 5 6296
d 4 21969
d 5 14681
d 5 2051
d 5 4492
d 4 9447
d 3 16737
d 5 8805
d 5 10826
d 4 5997
d 4 18478
d 5 11172
d 4 4048
d 4 5135
d 4 18520
d 5 17494
d 5 530
d 5 14695
d 4 16937
d 1 5135
d 5 10282
d 4 24418
d 4 14839
d 5 21763
d 1 15720
d 5 15561
d 4 16690
d 5 14553
d 5 14554
d 3 5276
d 4 4713
d 3 22573
d 5 20430
d 4 14099
d 5 23041
d 5 24595
d 3 12743
d 4 18329
d 5 22196
d 5 15284
d 5 3384
d 5 3088
d 4 4616
d 4 23872
d 3 22884
d 5 5866
d 4 3105
d 5 146
d 4 20722
d 5 13406
d 4 4400
d 1 12898
d 5 19840
d 5 24852
d 5 19978
d 1 5079
d 4 17745
d 5 808
d 3 13584
d 5 12454
d 4 12210
d 4 17634
d 4 292
d 1 17796
d 4 14796
d 4 24739
d 4 13754
d 5 8208
d 3 17567
d 4 21650
d 5 5379
d 3 22542
d 5 9557
d 5 23683
d 4 7561
d 1 10057
d 3 19682
d 3 19407
d 4 14666
d 4 2983
d 4 20028
d 1 16245
d 5 686
d 3 17661
d 5 13236
d 4 17940
d 3 17129
d 4 16036
d 3 17528
d 4 21924
d 3 5725
d 5 17634
d 1 20081
d 5 445
d 4 21055
d 5 539
d 4 10633
d 5 8913
d 5 2876
d 5 3908
d 5 15930
d 5 4348
d 5 4278
d 4 15737
d 5 11851
d 3 6752
d 5 11321
d 4 23620
d 5 24184
d 5 11227
d 5 835
d 4 13687
d 3 21011
d 5 22018
d 5 4904
d 4 13563
d 1 4169
d 4 8839
d 4 8916
d 4 14182
d 5 5154
d 1 24263
d 4 19416
d 4 16737
d 4 11231
d 5 14085
d 5 24551
d 5 22429
d 5 23816
d 5 5380
d 4 20503
d 4 7705
d 5 75
d 4 18202
d 4 2114
d 3 18250
d 1 23418
d 5 14416
d 5 2755
d 4 4600
d 4 533
d 5 569
d 3 10339
d 3 15273
d 5 21333
d 4 22981
d 4 12305
d 4 569
d 1 18914
d 5 905
d 4 20037
d 3 8039
d 3 13827
d 5 5955
d 1 12148
d 5 4916
d 5 1291
d 5 16399
d 4 19075
d 5 181
d 4 7425
d 4 6069
d 4 5086
d 5 12982
d 5 8221
d 4 15481
d 5 2508
d 4 19449
d 5 16921
d 5 9959
d 5 24394
d 4 19613
d 4 19412
d 4 14907
d 4 17810
d 4 8657
d 5 21077
d 3 16534
d 5 17275
d 4 23476
d 4 10658
d 3 18318
d 5 9337
d 5 13266
d 4 20388
d 1 23708
d 1 8363
d 5 18934
d 4 12106
d 5 17806
d 3 302
d 3 12716
d 5 12202
d 1 15247
d 5 18334
d 4 15506
d 1 6977
d 1 2509
d 5 12892
d 4 14980
d 5 4574
d 5 5141
d 5 14411
d 4 23635
d 5 23699
d 5 19879
d 3 15416
d 5 15694
d 5 15157
d 5 9054
d 5 7849
d 5 4512
d 1 20962
d 5 12352
d 4 14281
d 4 2900
d 5 14163
d 4 3951
d 1 3506
d 5 21973
d 4 9996
d 4 1004
d 4 12982
d 5 14935
d 4 3441
d 5 22456
d 4 6115
d 4 16305
d 4 23869
d 4 12837
d 1 11996
d 5 22815
d 5 770
d 3 1461
d 5 15634
d 4 9127
d 5 13797
d 4 6315
d 5 20423
d 4 265
d 5 4395
d 5 20587
d 5 15256
d 4 23517
d 3 16688
d 4 6350
d 3 21041
d 4 18724
d 4 2381
d 4 4550
d 1 5145
d 4 9606
d 5 13632
d 1 968
d 5 12616
d 1 19900
d 5 18707
d 3 14724
d 4 16545
d 5 2921
d 5 20168
d 5 13798
d 3 2223
d 1 9957
d 5 10854
d 5 1946
d 5 3010
d 5 2395
d 5 1212
d 5 15098
d 3 18807
d 5 22832
d 4 20945
d 4 6607
d 5 9590
d 4 14067
d 5 3766
d 4 22169
d 4 19156
d 4 20591
d 3 5217
d 5 17387
d 4 20148
d 5 21719
d 5 13773
d 5 15799
d 4 20017
d 4 9046
d 5 21953
d 5 3335
d 5 13523
d 4 22404
d 4 22405
d 4 24881
d 4 2003
d 4 12597
d 5 11441
d 3 4406
d 4 9974
d 5 9679
d 4 3070
d 1 24636
d 4 11791
d 5 22030
d 4 5612
d 5 3
d 4 18012
d 4 24174
d 4 24923
d 4 18092
d 4 1552
d 4 15155
d 5 6974
d 4 406
d 4 17896
d 4 17251
d 5 13276
d 4 17876
d 1 16438
d 5 4231
d 5 11752
d 4 2812
d 4 14650
d 5 23139
d 4 7044
d 4 13805
d 1 20246
d 5 1178
d 5 12757
d 5 23070
d 3 9203
d 5 16321
d 5 14931
d 3 18495
d 4 4473
d 4 2610
d 4 7030
d 4 16679
d 5 18868
d 5 6682
d 4 7683
d 4 11134
d 5 5801
d 5 3059
d 5 193
d 1 7394
d 5 15910
d 1 19308
d 5 8257
d 5 7735
d 4 20584
d 4 22811
d 5 3985
d 4 23463
d 4 14908
d 3 14743
d 4 21221
d 5 602
d 5 603
d 5 1127
d 4 21966
d 4 434
d 5 19268
d 4 13877
d 4 4192
d 5 19449
d 5 1067
d 3 3710
d 4 17391
d 4 392
d 5 18737
d 4 15834
d 4 6744
d 5 20017
d 1 5366
d 5 11288
d 3 22918
d 4 10217
d 5 16262
d 5 16263
d 3 20135
d 5 11720
d 4 5253
d 4 15323
d 3 10717
d 4 11953
d 3 20932
d 5 1857
d 4 24287
d 4 18194
d 5 14078
d 5 16402
d 4 8503
d 5 1663
d 5 7048
d 4 3480
d 1 9013
d 4 5835
d 5 3551
d 4 19417
d 5 536
d 4 24719
d 5 4564
d 1 17285
d 5 3069
d 4 21227
d 3 21211
d 1 8358
d 5 22818
d 5 10888
d 4 18332
d 3 15937
d 3 2622
d 3 3015
d 5 9454
d 5 15991
d 5 7814
d 5 8820
d 5 10686
d 4 11737
d 3 23551
d 4 16459
d 5 16836
d 4 17164
d 5 16237
d 4 11469
d 5 14511
d 5 14858
d 5 13054
d 1 18908
d 5 21965
d 5 8556
d 5 23342
d 4 23876
d 4 19684
d 4 219
d 5 20229
d 4 24199
d 4 11411
d 4 6426
d 4 8758
d 1 15649
d 5 16707
d 4 4934
d 4 18127
d 4 9852
d 1 9273
d 5 13391
d 5 9016
d 4 23636
d 5 18244
d 5 13875
d 1 19790
d 5 23811
d 5 22197
d 4 9687
d 5 1133
d 5 11349
d 5 13129
d 4 23167
d 4 6311
d 5 13353
d 4 16066
d 5 19842
d 5 14143
d 4 1215
d 4 7865
d 5 15933
d 4 24330
d 4 925
d 4 21715
d 5 17092
d 5 12564
d 4 5964
d 4 15972
d 5 20359
d 1 24957
d 4 15845
d 4 12066
d 4 8870
d 3 20469
d 4 13928
d 5 15247
d 5 10494
d 4 15551
d 5 9353
d 1 4127
d 4 16957
d 1 15073
d 5 3410
d 4 18702
d 5 2434
d 5 19586
d 5 4178
d 5 282
d 3 14965
d 5 10939
d 5 24427
d 5 7396
d 4 3468
d 4 4903
d 3 11957
d 5 5536
d 5 9290
d 5 15280
d 3 13565
d 3 7492
d 5 23470
d 5 9730
d 5 14476
d 1 1774
d 4 18387
d 5 6782
d 4 8143
d 5 16658
d 4 7712
d 1 3293
d 4 9112
d 4 531
d 1 11090
d 4 5131
d 5 5324
d 5 14682
d 3 9529
d 1 17131
d 4 4787
d 4 16554
d 5 8832
d 4 8581
d 5 5440
d 1 21299
d 5 2583
d 5 13300
d 5 1947
d 4 22563
d 5 19341
d 5 7323
d 4 10638
d 5 2617
d 4 7812
d 1 8860
d 5 15428
d 4 3779
d 4 15398
d 3 2014
d 5 20899
d 4 23456
d 4 17846
d 5 6275
d 4 19118
d 4 9171
d 4 7334
d 5 21122
d 5 18266
d 5 9584
d 1 24814
d 3 21904
d 3 5310
d 4 3391
d 3 18254
d 5 5746
d 1 3401
d 5 20191
d 4 7586
d 3 4259
d 4 22406
d 4 3675
d 3 1638
d 3 1875
d 3 20567
d 4 3866
d 4 15260
d 1 10323
d 1 11562
d 5 18015
d 5 3136
d 4 19237
d 1 7653
d 4 17785
d 5 5331
d 5 17609
d 1 15206
d 1 15207
d 1 15208
d 5 11627
d 5 4537
d 5 2231
d 5 13886
d 5 24221
d 5 24090
d 1 16356
d 5 12391
d 4 13628
d 4 15897
d 5 21914
d 1 13587
d 5 15371
d 5 2230
d 4 544
d 5 16653
d 4 18122
d 5 8484
d 5 19033
d 4 17031
d 4 19069
d 5 11125
d 5 16728
d 1 9568
d 5 17223
d 4 7417
d 4 7644
d 4 22944
d 4 3625
d 5 2856
d 4 24304
d 5 14512
d 4 23013
d 4 14023
d 5 374
d 5 9968
d 4 471
d 4 12894
d 5 17641
d 5 8633
d 4 10731
d 4 18675
d 4 8504
d 4 3370
d 5 3510
d 5 9862
d 5 17792
d 4 24400
d 4 3861
d 4 15338
d 5 9497
d 5 13521
d 1 11365
d 3 151
d 3 11045
d 5 23589
d 3 16782
d 4 2466
d 1 7256
d 3 17261
d 5 7809
d 5 12962
d 5 3091
d 5 990
d 4 18131
d 5 14233
d 1 7881
d 5 13762
d 5 2657
d 5 891
d 3 14751
d 5 18185
d 1 15150
d 5 12373
d 3 15371
d 4 22878
d 5 17433
d 4 18841
d 4 14981
d 4 885
d 5 7350
d 5 23731
d 4 15189
d 5 17036
d 3 21830
d 4 18799
d 1 7021
d 5 3077
d 5 17051
d 4 15533
d 4 480
d 4 10531
d 4 2720
d 4 15643
d 4 15087
d 1 22228
d 5 231
d 5 13274
d 4 12743
d 4 15730
d 5 11918
d 3 22115
d 5 10584
d 4 14574
d 4 3776
d 3 18815
d 4 18144
d 3 19230
d 5 4617
d 5 3901
d 5 24552
d 5 15542
d 1 8333
d 5 10756
d 4 10618
d 3 543
d 5 9352
d 5 19606
d 3 3998
d 5 6318
d 4 19905
d 4 19104
d 4 395
d 4 12721
d 5 2789
d 5 14459
d 5 11548
d 5 2407
d 5 10292
d 5 5373
d 4 8396
d 3 3967
d 5 11774
d 5 14218
d 1 24337
d 1 10552
d 1 2697
d 4 4470
d 4 20643
d 3 23852
d 1 15177
d 3 24216
d 5 8816
d 4 20961
d 4 23771
d 3 16245
d 3 10282
d 4 20883
d 5 20251
d 1 19488
d 1 14405
d 1 7084
d 3 4398
d 4 14380
d 5 5993
d 1 21716
d 4 18490
d 4 4132
d 1 22177
d 5 21070
d 4 23873
d 5 8264
d 5 10637
d 5 18765
d 5 23464
d 4 1414
d 3 1472
d 4 20719
d 4 561
d 1 8818
d 5 12305
d 4 13597
d 4 20418
d 5 7815
d 3 4301
d 4 16242
d 4 150
d 5 13571
d 5 9021
d 5 21922
d 5 6349
d 5 2215
d 5 5051
d 5 13174
d 3 20797
d 5 1118
d 4 1960
d 5 19579
d 1 15762
d 4 16165
d 4 4608
d 5 19398
d 5 3888
d 1 5904
d 3 20170
d 5 12377
d 4 8387
d 1 20837
d 3 11950
d 4 22512
d 4 10601
d 4 7400
d 3 19980
d 5 6548
d 4 11339
d 5 23638
d 4 128
d 4 399
d 1 15813
d 1 19208
d 3 15629
d 5 15115
d 4 7213
d 4 20018
d 1 8398
d 4 7289
d 4 3942
d 4 14490
d 5 3909
d 4 3581
d 5 20854
d 5 328
d 5 14011
d 5 20424
d 5 7836
d 4 24240
d 4 22596
d 4 18569
d 5 18845
d 5 1038
d 4 22891
d 5 7250
d 3 20382
d 3 20989
d 5 5985
d 5 16403
d 4 7121
d 1 13611
d 5 18891
d 3 24633
d 3 8079
d 4 17698
d 4 9253
d 4 764
d 1 5363
d 5 9447
d 5 4518
d 1 15597
d 4 8454
d 5 6811
d 3 17436
d 4 9400
d 5 2614
d 3 23939
d 4 9657
d 3 4295
d 4 12451
d 5 4055
d 3 6685
d 4 10754
d 4 4507
d 4 1518
d 3 11256
d 1 11326
d 3 17611
d 1 9385
d 4 23007
d 4 1115
d 1 4674
d 5 9967
d 3 12543
d 5 24897
d 1 5395
d 4 481
d 5 16345
d 4 14593
d 5 22218
d 5 12792
d 4 23788
d 4 20146
d 3 6673
d 4 6071
d 4 15306
d 5 8733
d 4 24286
d 5 14286
d 5 3433
d 5 15732
d 4 21883
d 4 11816
d 1 16296
d 3 3494
d 4 24412
d 4 10655
d 3 7506
d 1 3851
d 4 6543
d 4 12975
d 5 4543
d 3 12702
d 4 17252
d 5 4470
d 5 7258
d 1 14120
d 4 6194
d 1 6802
d 3 10262
d 5 22293
d 5 14705
d 5 8278
d 5 7781
d 5 23578
d 4 13243
d 5 15168
d 4 9660
d 5 15942
d 1 5249
d 5 11976
d 4 1992
d 3 1247
d 4 16827
d 4 22895
d 3 7123
d 5 11567
d 5 14765
d 3 22923
d 4 21935
d 5 17128
d 4 14453
d 5 15186
d 5 604
d 3 14797
d 5 4349
d 5 663
d 3 18440
d 5 22198
d 4 12673
d 4 2901
d 1 2751
d 1 10607
d 3 19110
d 4 18044
d 5 15016
d 4 18436
d 4 7941
d 1 17132
d 3 24371
d 4 8058
d 5 14656
d 1 13769
d 3 7156
d 4 15482
d 5 9369
d 3 12796
d 3 4197
d 4 8815
d 5 15122
d 3 11723
d 3 15169
d 3 23532
d 4 3088
d 5 10845
d 5 24004
d 4 22170
d 5 831
d 4 22576
d 5 15031
d 1 4405
d 5 23929
d 3 9894
d 5 13365
d 5 21054
d 5 117
d 5 4131
d 3 23400
d 3 23401
d 4 2323
d 3 19501
d 3 16551
d 4 20304
d 4 4853
d 4 5188
d 3 7493
d 4 5109
d 4 6092
d 1 6810
d 1 2844
d 5 22824
d 1 24423
d 5 9924
d 5 22890
d 3 14818
d 4 12267
d 3 11568
d 3 11569
d 4 5982
d 4 3427
d 3 15101
d 5 8541
d 3 9433
d 5 13830
d 5 759
d 1 18955
d 1 2568
d 1 2571
d 5 4741
d 5 9866
d 5 3255
d 4 6712
d 5 18642
d 1 4182
d 5 8372
d 5 5162
d 1 12579
d 4 5396
d 1 21576
d 4 4372
d 1 16546
d 4 12131
d 4 2574
d 4 4868
d 5 13851
d 4 103
d 4 12252
d 4 22590
d 5 11299
d 5 23403
d 5 19937
d 4 10253
d 5 9815
d 5 13793
d 5 13744
d 4 13254
d 1 21626
d 5 3206
d 4 23515
d 4 82
d 1 15209
d 4 21722
d 1 9333
d 3 6384
d 4 3106
d 5 22566
d 1 8915
d 5 9771
d 3 10994
d 5 7390
d 5 16264
d 3 6894
d 4 17769
d 5 22561
d 5 15874
d 1 10330
d 4 3733
d 4 9507
d 5 15501
d 4 23979
d 1 8939
d 5 20281
d 1 8124
d 5 24283
d 4 11187
d 1 16580
d 5 2572
d 4 10740
d 1 9373
d 1 12962
d 4 2701
d 5 2835
d 5 14645
d 1 13296
d 4 22310
d 3 9300
d 3 16578
d 4 8819
d 5 17952
d 5 18717
d 5 9485
d 3 22823
d 3 8097
d 1 14844
d 1 1618
d 4 16067
d 4 16528
d 1 7233
d 3 12323
d 5 11062
d 5 18107
d 4 23626
d 3 6511
d 5 24207
d 3 21913
d 4 387
d 4 18337
d 3 1201
d 3 20370
d 1 3739
d 1 15383
d 3 7124
d 1 23247
d 4 9178
d 1 13829
d 5 8460
d 5 4493
d 3 23628
d 5 21959
d 5 19608
d 5 20039
d 3 14831
d 1 11362
d 5 17699
d 1 19594
d 1 4889
d 5 2983
d 1 23566
d 1 20419
d 3 3847
d 3 21544
d 4 17181
d 5 17318
d 3 459
d 3 3041
d 1 3418
d 4 15605
d 3 1915
d 5 14263
d 5 6806
d 4 11561
d 5 246
d 1 17417
d 4 7014
d 4 742
d 5 13524
d 4 7772
d 3 20038
d 5 11540
d 5 17365
d 3 21797
d 1 22632
d 5 23415
d 4 7062
d 5 18846
d 5 11315
d 5 11376
d 4 18855
d 1 22569
d 5 3623
d 1 4416
d 4 8053
d 3 17400
d 4 18033
d 3 19458
d 5 24816
d 1 5190
d 1 19590
d 1 8031
d 3 9581
d 4 5082
d 5 16481
d 3 23837
d 4 21161
d 5 10678
d 5 9549
d 4 4924
d 4 13554
d 4 10203
d 4 186
d 4 11653
d 5 20989
d 4 3272
d 1 977
d 5 2331
d 3 14710
d 4 13637
d 4 14850
d 3 2100
d 1 19647
d 3 5424
d 4 17035
d 4 2927
d 1 15957
d 5 6040
d 3 8361
d 1 8901
d 3 4258
d 5 63
d 5 8742
d 4 20010
d 3 5489
d 3 2821
d 4 4761
d 5 398
d 3 7571
d 5 24775
d 5 12432
d 3 16369
d 5 767
d 5 15867
d 5 15866
d 1 1501
d 1 15359
d 3 1192
d 1 23370
d 1 2361
d 5 14936
d 5 7726
d 3 12894
d 4 9202
d 4 2301
d 4 5438
d 4 4524
d 4 2840
d 4 17038
d 4 16331
d 1 3575
d 4 10028
d 3 17371
d 3 415
d 3 24056
d 3 5353
d 5 5448
d 4 1368
d 4 19661
d 1 12678
d 1 13076
d 3 22190
d 1 1829
d 3 24572
d 5 11708
d 4 14402
d 4 4375
d 4 4374
d 4 8492
d 4 5055
d 4 5054
d 1 7322
d 1 4288
d 1 15960
d 4 11204
d 1 16123
d 5 6656
d 3 13108
d 3 4894
d 1 15147
d 3 17538
d 1 6988
d 1 6000
d 5 52
d 3 2495
d 3 5447
d 3 22405
d 3 8243
d 4 8402
d 1 16358
d 3 12876
d 3 21805
d 3 18613
d 1 5215
d 3 10236
d 5 3869
d 5 8441
d 5 8918
d 3 18540
d 3 8899
d 4 20435
d 5 11352
d 5 14859
d 4 8612
d 1 9753
d 3 7814
d 5 18899
d 5 3678
d 3 14858
d 3 21506
d 1 3735
d 3 22183
d 3 22184
d 4 23226
d 3 18521
d 4 4504
d 1 19591
d 1 15782
d 5 2932
d 1 10414
d 5 6932
d 4 5644
d 1 6162
d 4 16037
d 1 22168
d 5 15971
d 3 603
d 1 2244
d 5 21586
d 1 11298
d 4 15524
d 3 9298
d 3 18908
d 5 4279
d 3 19677
d 3 13125
d 3 2912
d 1 11152
d 1 23197
d 3 14798
d 3 24430
d 1 24589
d 1 9588
d 5 17809
d 3 22685
d 3 21244
d 1 11993
d 4 16983
d 3 16769
d 3 15205
d 1 24030
d 5 5760
d 5 6790
d 5 20676
d 4 9859
d 3 19488
d 1 10134
d 5 16837
d 5 14363
d 4 22606
d 5 1592
d 4 12889
d 4 23996
d 3 6312
d 5 6532
d 4 5843
d 3 2209
d 5 7490
d 4 5990
d 1 7531
d 1 23099
d 3 23284
d 1 4425
d 1 2752
d 3 18945
d 3 14634
d 5 8547
d 4 15400
d 3 14205
d 3 9308
d 1 8401
d 3 18500
d 3 21204
d 5 16480
d 3 13088
d 3 21569
d 1 2839
d 5 12872
d 5 11254
d 3 15610
d 3 5790
d 3 15442
d 3 15155
d 1 9929
d 3 18779
d 3 22902
d 3 14779
d 1 20947
d 1 6978
d 1 15013
d 4 23100
d 4 11699
d 5 9015
d 1 15010
d 3 1873
d 3 6745
d 1 3682
d 3 18258
d 1 6672
d 3 10695
d 1 8713
d 5 12751
d 4 4551
d 3 12488
d 1 20625
d 3 9693
d 4 7381
d 4 24569
d 5 23350
d 4 16472
d 5 22806
d 3 13158
d 3 24958
d 4 20830
d 1 21292
d 5 19131
d 5 10672
d 5 24996
d 3 2710
d 1 4631
d 5 16413
d 3 8684
d 3 2720
d 1 8315
d 1 18937
d 5 4936
d 5 6026
d 1 16361
d 1 7335
d 3 24165
d 1 16363
d 4 558
d 3 14959
d 1 22116
d 5 19494
d 1 12361
d 5 9318
d 3 16165
d 3 12510
d 4 20394
d 1 10162
d 3 6230
d 4 18311
d 3 1947
d 4 17398
d 1 16027
d 1 16029
d 1 16031
d 1 3543
d 4 18971
d 1 6444
d 4 13652
d 5 2855
d 4 18416
d 1 23416
d 3 12834
d 1 23491
d 4 2023
d 3 12688
d 3 21065
d 1 9394
d 3 17413
d 3 15811
d 1 12060
d 3 13428
d 1 22151
d 1 20621
d 4 4419
d 5 18649
d 5 2314
d 3 153
d 3 765
d 4 6075
d 3 13476
d 5 3855
d 5 3793
d 3 6321
d 3 22955
d 4 3917
d 3 4085
d 5 16873
d 5 13431
d 5 17944
d 1 11692
d 4 1858
d 1 20169
d 3 20996
d 3 6687
d 3 16624
d 3 14188
d 4 7431
d 3 529
d 3 14248
d 3 1383
d 3 7706
d 3 6244
d 3 2113
d 5 10500
d 3 29
d 4 10239
d 3 8131
d 3 8762
d 4 24195
d 4 13688
d 1 18080
d 1 7443
d 1 24953
d 1 14028
d 4 9835
d 1 22937
d 1 8632
d 3 23991
d 1 12354
d 1 12355
d 5 11285
d 1 4347
d 4 6480
d 3 19224
d 4 9350
d 1 20375
d 1 22373
d 3 3417
d 3 7787
d 1 9380
d 3 1242
d 3 5021
d 4 10034
d 4 20066
d 1 15151
d 4 4638
d 1 4058
d 5 18689
d 4 3628
d 3 18201
d 1 15991
d 3 6086
d 1 6403
d 3 12703
d 1 4494
d 1 7427
d 1 22764
d 1 10507
d 5 23803
d 1 17828
d 3 10392
d 3 16458
d 1 15750
d 3 19666
d 1 3469
d 1 1984
d 3 22013
d 4 4403
d 1 23295
d 1 3882
d 1 3883
d 4 7493
d 4 8345
d 3 17407
d 1 8165
d 3 2667
d 1 4650
d 1 15702
d 5 17187
d 4 3222
d 3 17637
d 1 18693
d 1 2411
d 3 8738
d 3 20556
d 1 7387
d 5 13627
d 3 10986
d 3 17776
d 1 16839
d 1 14145
d 3 15102
d 3 22016
d 4 5928
d 1 8576
d 5 21929
d 4 4222
d 4 12387
d 1 8895
d 1 10559
d 3 6693
d 5 9660
d 3 21542
d 1 5536
d 1 9882
d 1 9883
d 1 9884
d 1 9885
d 3 24149
d 1 19544
d 5 23474
d 1 10240
d 1 12660
d 3 16661
d 1 20925
d 4 18036
d 3 17170
d 3 11124
d 5 18442
d 1 15131
d 3 8087
d 3 21496
d 1 12730
d 3 13834
d 4 23492
d 5 11779
d 1 9236
d 4 22455
d 1 6355
d 3 9748
d 4 20960
d 5 21014
d 4 11661
d 1 13550
d 1 8082
d 1 13910
d 1 19986
d 1 17903
d 3 12918
d 1 16879
d 4 14817
d 1 11597
d 1 20348
d 1 4836
d 1 9356
d 1 11527
d 1 9220
d 3 8246
d 3 23365
d 1 14293
d 3 4111
d 1 16565
d 5 24827
d 3 4340
d 5 17857
d 3 15955
d 1 10656
d 5 21438
d 5 19253
d 5 10002
d 5 13566
d 3 16361
d 1 9063
d 5 17041
d 1 2483
d 5 20651
d 1 4511
d 5 698
d 3 5336
d 4 7475
d 3 6721
d 5 11606
d 3 7173
d 4 16369
d 1 24227
d 3 4516
d 3 14795
d 5 2500
d 1 21877
d 1 17290
d 5 19873
d 5 20189
d 3 5061
d 3 812
d 5 8967
d 1 11810
d 3 4568
d 3 19350
d 1 6151
d 3 13143
d 3 17890
d 1 4379
d 1 11988
d 5 4823
d 5 3702
d 1 18780
d 3 13778
d 3 12544
d 5 2406
d 5 7777
d 1 7812
d 3 22466
d 1 16544
d 1 2344
d 3 13033
d 3 7781
d 3 1841
d 1 8240
d 1 10613
d 5 2263
d 4 20899
d 1 3631
d 1 15101
d 4 5564
d 1 6953
d 3 9049
d 4 19779
d 3 16252
d 4 6002
d 3 8483
d 1 23855
d 4 20393
d 5 18675
d 3 8583
d 1 12580
d 5 23822
d 1 22726
d 3 14181
d 5 12469
d 3 10288
d 5 161
d 5 1615
d 3 15356
d 3 2446
d 1 5998
d 1 12963
d 1 10602
d 1 12670
d 1 1846
d 1 11398
d 3 16349
d 3 1055
d 1 3409
d 1 17096
d 1 19260
d 5 15480
d 1 14228
d 5 18591
d 3 22642
d 3 11556
d 3 20123
d 3 18951
d 3 10000
d 4 5115
d 3 6771
d 3 22359
d 3 5116
d 1 2847
d 1 13249
d 3 14345
d 4 18743
d 1 4296
d 1 11663
d 4 14693
d 5 10903
d 1 17981
d 1 17777
d 1 20399
d 1 21818
d 1 7857
d 5 24451
d 1 14754
d 1 4570
d 1 7199
d 1 7200
d 1 7201
d 4 11946
d 3 15022
d 4 23279
d 3 7507
d 1 23333
d 1 17769
d 3 13032
d 1 17918
d 1 16441
d 1 19026
d 1 1023
d 3 20347
d 3 23176
d 3 13017
d 3 17977
d 1 7698
d 3 7326
d 1 18789
d 5 12752
d 1 8550
d 3 18816
d 3 22743
d 4 24596
d 1 2401
d 1 2488
d 3 24074
d 5 6007
d 3 24075
d 3 24076
d 3 23744
d 3 20141
d 4 13028
d 3 22613
d 1 1746
d 1 13114
d 3 888
d 1 23970
d 1 19154
d 1 14379
d 5 18587
d 3 11523
d 4 5563
d 1 16032
d 1 23026
d 1 24024
d 1 13275
d 1 16397
d 1 24078
d 1 10709
d 3 6904
d 1 12320
d 1 12321
d 1 12322
d 1 20530
d 1 18795
d 3 15877
d 1 19236
d 1 23929
d 5 11188
d 3 24642
d 3 15046
d 1 12521
d 1 16949
d 3 6239
d 4 22138
d 4 20691
d 3 8029
d 3 8030
d 3 8031
d 3 8032
d 3 991
d 4 12630
d 1 9396
d 1 11624
d 1 16547
d 3 1090
d 3 7456
d 3 23566
d 5 14184
d 4 9245
d 3 15665
d 5 9355
d 1 7525
d 5 24359
d 1 2234
d 1 20619
d 1 20934
d 3 12689
d 5 7835
d 4 24277
d 1 15556
d 1 22523
d 1 20018
d 5 9540
d 1 24228
d 3 19401
d 3 15174
d 4 14582
d 3 3071
d 1 13367
d 3 12520
d 3 11125
d 4 11914
d 3 4438
d 1 18104
d 1 21857
d 1 10085
d 1 24801
d 3 11289
d 5 19564
d 1 7932
d 1 9719
d 1 10137
d 3 15694
d 3 2397
d 3 12301
d 1 13668
d 1 1227
d 3 15441
d 1 10675
d 5 7515
d 5 20370
d 1 24041
d 3 20178
d 5 14122
d 1 9878
d 1 15780
d 5 23513
d 3 19576
d 4 7163
d 5 8938
d 1 11479
d 1 24739
d 5 5485
d 1 22769
d 3 6069
d 3 18928
d 1 7368
d 5 8958
d 1 10655
d 3 18946
d 4 4607
d 1 20466
d 3 10453
d 1 17768
d 1 21863
d 1 16692
d 3 12453
d 3 7609
d 3 5337
d 1 23123
d 1 22057
d 3 13992
d 3 17430
d 5 10979
d 3 11767
d 3 22829
d 1 6316
d 1 21121
d 1 21122
d 1 21123
d 1 1777
d 1 6046
d 1 13789
d 3 5205
d 1 196
d 3 13616
d 1 18329
d 3 16898
d 1 4286
d 4 4701
d 3 1886
d 4 15695
d 1 14742
d 3 5530
d 5 11379
d 1 16538
d 3 10280
d 3 14443
d 1 12715
d 1 19571
d 3 14452
d 4 11670
d 4 2619
d 3 7291
d 1 21628
d 5 1824
d 1 2388
d 3 2713
d 3 11614
d 3 8083
d 1 11386
d 1 15198
d 3 3263
d 3 20255
d 1 9245
d 1 16175
d 4 16447
d 1 15868
d 3 18971
d 4 17033
d 3 18497
d 1 2476
d 3 22666
d 1 2682
d 4 7846
d 1 24426
d 1 22362
d 3 6547
d 1 4608
d 1 12356
d 1 1229
d 5 23529
d 1 5419
d 1 4676
d 3 18968
d 1 8059
d 1 15672
d 1 24143
d 1 10195
d 4 22664
d 1 2553
d 3 624
d 3 24862
d 3 19436
d 1 21390
d 3 3212
d 5 600
d 1 1534
d 3 14853
d 4 17668
d 1 14015
d 1 1483
d 1 21862
d 1 19163
d 1 24283
d 3 611
d 5 10938
d 4 21830
d 4 15893
d 4 6418
d 3 22916
d 3 13928
d 3 23137
d 5 10869
d 5 17093
d 3 844
d 1 7083
d 3 5165
d 3 163
d 3 17401
d 3 19865
d 3 19591
d 3 24484
d 1 8990
d 4 11068
d 1 14642
d 3 21715
d 3 21602
d 1 24425
d 3 22275
d 1 3795
d 1 13488
d 1 2991
d 3 7734
d 3 2788
d 3 16072
d 3 16830
d 1 310
d 1 6186
d 1 22565
d 1 19359
d 4 18221
d 5 20715
d 3 20587
d 3 19873
d 5 15768
d 4 1793
d 1 15534
d 1 16496
d 5 17469
d 3 15630
d 5 2067
d 5 2068
d 1 11399
d 1 20841
d 3 19767
d 1 11876
d 4 7195
d 3 8838
d 5 2156
d 4 24347
d 1 2786
d 3 7390
d 3 12693
d 3 519
d 1 20372
d 3 12916
d 5 11490
d 3 3727
d 1 14945
d 4 2230
d 1 8061
d 1 1037
d 4 12760
d 1 16166
d 5 7601
d 1 1396
d 4 15513
d 5 7894
d 1 10566
d 5 9654
d 1 17926
d 5 1075
d 1 13868
d 1 11425
d 1 23818
d 1 15710
d 3 4036
d 4 3848
d 1 7590
d 3 3950
d 3 8538
d 5 16947
d 5 2908
d 3 4810
d 3 16309
d 3 18066
d 3 4923
d 5 13955
d 5 5464
d 3 17508
d 3 24704
d 4 8683
d 1 6285
d 3 20687
d 3 19828
d 3 6147
d 1 6404
d 1 10778
d 3 21333
d 5 8130
d 4 22416
d 1 3190
d 1 3427
d 3 3426
d 5 22680
d 1 10509
d 4 6588
d 4 21692
d 3 11552
d 1 19503
d 1 11495
d 1 9891
d 3 19710
d 3 10954
d 3 5131
d 3 8923
d 3 23493
d 1 1114
d 1 15325
d 3 18408
d 3 19268
d 1 21311
d 3 15135
d 1 1179
d 1 12472
d 1 3581
d 4 15698
d 4 1441
d 3 21165
d 5 10191
d 3 138
d 4 24221
d 4 10586
d 3 3031
d 3 16103
d 3 3285
d 3 2281
d 3 23629
d 3 4285
d 1 24137
d 5 20885
d 1 2329
d 1 17144
d 3 12909
d 3 24598
d 3 20970
d 4 9479
d 3 18909
d 3 19509
d 3 24023
d 1 19725
d 4 2142
d 1 16501
d 3 23053
d 3 2877
d 1 12713
d 1 9540
d 3 2617
d 3 12880
d 3 15847
d 3 15260
d 3 12643
d 1 6990
d 3 13644
d 1 23652
d 3 16025
d 1 11583
d 5 4010
d 1 20217
d 3 9593
d 3 3724
d 1 1985
d 1 24419
d 3 15320
d 3 1368
d 5 10985
d 3 21570
d 1 18390
d 3 6807
d 1 4796
d 5 5126
d 3 21834
d 5 13605
d 3 15699
d 1 24870
d 5 11181
d 1 20413
d 5 1198
d 5 645
d 5 810
d 1 6333
d 5 2069
d 5 2070
d 4 15413
d 1 14290
d 3 18035
d 3 19165
d 5 6669
d 3 7678
d 1 17135
d 1 9904
d 3 8261
d 5 20525
d 3 4492
d 1 6385
d 3 18902
d 3 24717
d 1 18145
d 1 21131
d 1 21649
d 3 23136
d 1 21322
d 4 18602
d 4 18603
d 1 3777
d 1 3937
d 1 20318
d 1 6147
d 1 20850
d 1 7202
d 5 9895
d 5 115
d 3 2081
d 1 19190
d 5 18775
d 1 10766
d 1 2458
d 3 6959
d 1 7438
d 1 24852
d 4 1179
d 1 14446
d 1 20879
d 1 5481
d 1 10165
d 1 9890
d 3 3298
d 1 22169
d 4 18136
d 3 7233
d 1 10355
d 1 20475
d 3 22818
d 1 1109
d 5 116
d 1 20692
d 4 19299
d 1 7197
d 3 21417
d 1 14437
d 1 3457
d 1 21245
d 1 13272
d 1 5632
d 3 24721
d 5 6608
d 5 8491
d 4 12589
d 5 15055
d 4 23659
d 1 3620
d 1 21488
d 5 20315
d 5 18789
d 3 8296
d 1 10825
d 3 2041
d 5 12685
d 5 21682
d 1 13157
d 3 21087
d 3 11931
d 3 16825
d 3 16692
d 3 23936
d 1 9458
d 4 11566
d 1 12365
d 3 16088
d 4 2972
d 3 17060
d 1 22361
d 3 21677
d 1 1230
d 1 20808
d 3 24115
d 3 8309
d 3 5326
d 3 4734
d 1 19517
d 5 5694
d 4 12109
d 1 23471
d 3 24968
d 5 9252
d 3 8207
d 4 8751
d 3 15283
d 3 13493
d 5 4326
d 3 7511
d 3 20973
d 5 7159
d 4 4288
d 5 22489
d 3 4767
d 3 2170
d 4 16864
d 3 24080
d 3 19319
d 1 17435
d 5 17015
d 5 11289
d 1 10522
d 1 24421
d 1 12495
d 3 22261
d 1 6438
d 1 21483
d 3 15013
d 4 17726
d 1 12895
d 3 23718
d 3 19851
d 1 2110
d 4 19465
d 1 3688
d 3 9050
d 1 22800
d 4 1807
d 3 6193
d 3 11199
d 1 17170
d 4 11184
d 3 8472
d 1 7044
d 1 11311
d 3 20366
d 3 7884
d 5 10506
d 5 10507
d 1 18790
d 3 9404
d 3 6756
d 4 12315
d 1 1511
d 1 4724
d 5 11535
d 5 2612
d 1 3793
d 4 12443
d 4 7228
d 5 20774
d 1 21302
d 4 24127
d 1 8813
d 4 23774
d 1 1195
d 1 3548
d 3 8088
d 3 3801
d 1 12939
d 1 21140
d 3 16100
d 4 22826
d 3 5739
d 3 224
d 5 20050
d 5 8273
d 3 8437
d 1 21522
d 5 1796
d 4 19185
d 1 17812
d 1 1842
d 5 6201
d 1 2133
d 3 22397
d 1 19296
d 1 19671
d 3 16351
d 1 16706
d 4 2207
d 3 21885
d 1 1804
d 4 21525
d 5 17903
d 1 18023
d 3 7697
d 3 4105
d 1 17394
d 1 12323
d 3 17710
d 3 22478
d 5 10793
d 4 9023
d 4 15811
d 4 11393
d 1 3008
d 4 22442
d 5 10631
d 1 18653
d 3 12219
d 3 23655
d 1 4864
d 1 10835
d 1 11516
d 1 4703
d 5 1568
d 4 1786
d 1 22347
d 4 21900
d 1 16823
d 3 24597
d 3 11466
d 5 8730
d 3 21764
d 3 7807
d 3 7411
d 3 17424
d 3 5287
d 4 8668
d 3 1814
d 3 7908
d 3 8952
d 3 681
d 3 7759
d 4 20225
d 3 20158
d 5 512
d 5 13551
d 3 1253
d 1 5747
d 5 21579
d 1 6374
d 5 10949
d 1 16011
d 3 17794
d 4 15342
d 1 9983
d 5 15850
d 3 373
d 1 12198
d 1 16550
d 5 8284
d 1 14928
d 3 19342
d 4 23318
d 4 9604
d 1 7877
d 4 2362
d 3 11739
d 4 18037
d 1 11816
d 3 18870
d 5 3210
d 3 7992
d 4 23727
d 1 17107
d 5 20333
d 5 20448
d 5 22773
d 1 3423
d 3 15999
d 1 5501
d 1 15072
d 5 4889
d 5 4890
d 3 13527
d 1 23916
d 5 4579
d 4 22997
d 4 7621
d 5 10533
d 1 20686
d 3 12252
d 3 22424
d 3 5148
d 4 21550
d 3 3691
d 4 13551
d 5 2839
d 1 24123
d 5 12827
d 1 5140
d 3 5465
d 1 5244
d 3 7836
d 3 13941
d 4 2074
d 1 21474
d 1 6726
d 5 17332
d 1 24281
d 5 13286
d 1 3456
d 1 21124
d 4 5197
d 1 23389
d 1 23017
d 1 18422
d 1 12586
d 3 11208
d 5 5925
d 5 14185
d 3 11843
d 5 24516
d 4 23736
d 5 2745
d 3 19979
d 3 3902
d 1 21882
d 1 20504
d 1 17369
d 5 16108
d 5 5737
d 3 1974
d 4 24209
d 4 23133
d 1 9195
d 5 5554
d 4 21468
d 1 4927
d 1 2355
d 3 16816
d 3 15437
d 5 10151
d 4 20793
d 5 16906
d 5 16343
d 1 5531
d 1 12373
d 1 7017
d 3 15171
d 4 690
d 4 17854
d 4 9490
d 3 5079
d 3 1688
d 4 20186
d 4 1520
d 3 5570
d 3 7783
d 1 23764
d 4 11717
d 3 3863
d 5 15293
d 4 13682
d 1 14534
d 5 14671
d 1 16057
d 1 8457
d 4 9945
d 1 15781
d 4 10948
d 1 14592
d 5 4150
d 3 11500
d 1 12480
d 5 13124
d 1 6087
d 4 7350
d 3 24119
d 5 531
d 4 11671
d 1 6804
d 5 24615
d 3 19374
d 3 11858
d 4 4990
d 1 11553
d 1 19658
d 5 24101
d 4 23012
d 5 4019
d 1 18635
d 3 10250
d 4 17538
d 1 3533
d 3 13404
d 3 20106
d 5 6215
d 4 21499
d 5 10258
d 1 7596
d 3 19241
d 4 20007
d 3 13611
d 3 6226
d 4 9130
d 4 4851
d 5 1347
d 4 11347
d 1 18848
d 5 24655
d 1 16243
d 3 15647
d 5 7823
d 5 18108
d 3 16659
d 1 3064
d 5 18977
d 4 17802
d 4 12429
d 5 11269
d 1 1987
d 3 24756
d 4 21469
d 3 4714
d 4 24666
d 4 1543
d 5 21062
d 4 2908
d 4 23498
d 3 3427
d 1 1057
d 3 17482
d 3 20092
d 4 6352
d 4 19893
d 5 1394
d 1 22413
d 4 16781
d 3 3377
d 1 12080
d 1 9483
d 5 8335
d 5 6856
d 3 11844
d 5 5086
d 1 13669
d 3 19038
d 5 3913
d 5 18506
d 5 13606
d 5 17159
d 1 3243
d 4 15635
d 3 4688
d 4 21025
d 5 24825
d 5 16606
d 4 20873
d 4 10360
d 3 11221
d 4 2225
d 3 5224
d 5 4246
d 5 21583
d 5 6596
d 3 139
d 4 23261
d 5 10509
d 1 14504
d 4 5413
d 5 6850
d 3 12489
d 3 8047
d 3 14019
d 3 24140
d 5 16717
d 5 6331
d 4 5837
d 5 1581
d 1 11213
d 3 10289
d 5 13506
d 3 10254
d 5 11531
d 5 12554
d 3 16008
d 4 24213
d 5 5009
d 4 784
d 1 9793
d 5 1453
d 3 11964
d 1 14634
d 3 22181
d 1 11044
d 5 13613
d 3 9
d 5 19682
d 1 17692
d 3 8162
d 5 24111
d 5 6083
d 4 4054
d 3 23201
d 5 9446
d 5 2759
d 5 9606
d 3 8553
d 3 3340
d 5 8698
d 1 6025
d 1 10004
d 4 20319
d 5 7406
d 5 12596
d 3 23063
d 5 3639
d 3 20375
d 5 16968
d 3 10076
d 3 14454
d 1 3674
d 1 3675
d 4 11334
d 3 18162
d 1 22435
d 5 18831
d 1 6251
d 3 13420
d 4 24648
d 3 12898
d 5 10654
d 5 24936
d 3 24529
d 4 12165
d 4 2556
d 1 20518
d 4 22559
d 3 6198
d 1 23482
d 4 17236
d 4 7807
d 5 15232
d 1 2083
d 5 21401
d 5 811
d 1 9841
d 5 15040
d 4 7727
d 1 13964
d 1 13965
d 1 13971
d 5 6935
d 5 2645
d 4 3303
d 3 1218
d 4 21811
d 5 18888
d 5 11577
d 4 10971
d 3 14157
d 5 228
d 3 17925
d 1 16960
d 5 11917
d 5 9363
d 5 22111
d 5 14050
d 1 24004
d 1 23814
d 5 14617
d 4 13521
d 4 24038
d 4 7839
d 3 10708
d 4 19516
d 4 7061
d 4 19288
d 3 19829
d 1 24181
d 5 21907
d 4 8752
d 4 15492
d 5 3422
d 4 23060
d 3 7074
d 4 10587
d 3 23794
d 3 8415
d 5 14016
d 4 20728
d 3 14493
d 3 23907
d 1 16442
d 5 17167
d 3 2762
d 3 21469
d 5 19098
d 3 11092
d 3 19540
d 1 18924
d 5 6609
d 3 12258
d 5 11004
d 4 20247
d 3 13955
d 5 24273
d 4 1110
d 5 17476
d 5 4679
d 5 14956
d 5 1674
d 5 8316
d 5 10263
d 4 12912
d 5 21946
d 5 4234
d 5 6504
d 4 20187
d 4 3302
d 4 24310
d 3 13555
d 4 11895
d 1 7452
d 5 21683
d 3 19452
d 3 10001
d 5 3546
d 5 17243
d 1 19272
d 5 5948
d 4 10475
d 5 20780
d 3 4821
d 5 10542
d 4 1002
d 4 6116
d 5 6001
d 5 10066
d 1 1955
d 3 2532
d 4 23942
d 5 23480
d 5 3177
d 1 11142
d 5 20037
d 4 12438
d 1 21498
d 5 24417
d 4 19046
d 4 15879
d 5 18521
d 4 1335
d 3 1233
d 3 1235
d 3 1236
d 1 20411
d 1 14908
d 1 13322
d 3 14349
d 3 7482
d 1 2408
d 3 4945
d 4 19986
d 1 19151
d 4 5622
d 5 261
d 3 11389
d 1 12052
d 1 10567
d 5 6701
d 4 12042
d 1 8624
d 1 9188
d 4 19228
d 5 1870
d 1 9532
d 3 1599
d 5 9573
d 4 2596
d 1 9510
d 4 10427
d 5 12298
d 4 22314
d 4 22155
d 5 17896
d 1 22801
d 1 22130
d 5 11066
d 3 7400
d 5 17336
d 4 4156
d 3 4109
d 1 2926
d 3 5194
d 5 17976
d 1 20764
d 3 22665
d 5 22460
d 4 2795
d 1 16208
d 5 3652
d 3 16506
d 1 19731
d 5 14219
d 5 22555
d 4 8994
d 5 5346
d 5 23655
d 1 4222
d 5 10986
d 4 15658
d 3 2986
d 1 12481
d 5 23891
d 4 13094
d 1 319
d 1 22985
d 4 7818
d 3 23092
d 1 17646
d 1 12585
d 1 16536
d 4 19937
d 1 1045
d 1 9249
d 4 5593
d 3 4480
d 5 3615
d 5 17935
d 5 24141
d 1 17395
d 3 2052
d 4 2468
d 5 14823
d 4 17145
d 4 7347
d 1 16041
d 4 13374
d 3 9765
d 3 12182
d 4 2864
d 5 10868
d 3 12925
d 5 20491
d 5 24047
d 3 10718
d 5 9243
d 3 21455
d 3 21717
d 1 2462
d 4 2793
d 5 3379
d 4 20758
d 4 12068
d 1 21518
d 4 14064
d 1 17716
d 4 7924
d 5 18407
d 1 11192
d 4 16653
d 5 21729
d 3 1374
d 4 12447
d 5 907
d 4 23107
d 4 17295
d 5 971
d 5 18861
d 1 11628
d 5 18728
d 1 13373
d 3 18550
d 3 7562
d 1 16386
d 5 4903
d 3 16356
d 4 24447
d 5 16288
d 3 23216
d 5 20965
d 1 7730
d 4 20172
d 4 22740
d 4 11045
d 4 18735
d 3 16422
d 5 13006
d 3 23947
d 5 1570
d 1 1329
d 1 5198
d 3 14095
d 5 24419
d 3 7910
d 4 11051
d 3 5327
d 5 24086
d 4 23694
d 5 7394
d 4 3953
d 5 24229
d 4 8443
d 3 21495
d 1 11205
d 3 3679
d 1 9183
d 1 18212
d 1 22109
d 4 23611
d 1 895
d 4 19300
d 5 5472
d 5 24488
d 5 2974
d 3 7699
d 4 9301
d 4 23836
d 3 4702
d 4 23490
d 3 14063
d 5 15724
d 1 17951
d 3 11903
d 5 10299
d 4 24073
d 5 13615
d 1 15344
d 5 15690
d 1 23954
d 5 15977
d 3 13243
d 4 4348
d 4 3914
d 3 11824
d 5 21138
d 1 14436
d 4 22234
d 3 23778
d 3 1961
d 5 4558
d 4 12582
d 1 3370
d 5 23749
d 4 4396
d 1 3912
d 1 22165
d 5 4943
d 4 11477
d 3 7579
d 1 17136
d 1 10909
d 3 5817
d 3 16112
d 5 21955
d 1 21279
d 5 8553
d 3 1533
d 5 10743
d 5 2981
d 4 17077
d 1 11926
d 5 8612
d 1 14938
d 1 10537
d 5 20837
d 1 18573
d 5 12664
d 5 24511
d 5 11886
d 1 5008
d 1 4219
d 3 14520
d 5 8285
d 3 17015
d 5 18900
d 5 2677
d 3 17455
d 1 14139
d 1 8735
d 5 21761
d 4 17326
d 1 1192
d 4 17066
d 1 9714
d 3 17992
d 3 17993
d 3 17995
d 3 16110
d 4 22313
d 4 20311
d 5 18599
d 4 8598
d 3 2854
d 1 18171
d 4 6542
d 5 22774
d 4 129
d 1 20237
d 3 16985
d 4 5631
d 3 2721
d 3 21152
d 4 19284
d 1 1968
d 4 15968
d 3 23281
d 4 19278
d 5 17868
d 4 20980
d 4 20979
d 1 4396
d 3 22025
d 1 16821
d 4 8475
d 4 17285
d 5 12580
d 3 12247
d 4 14148
d 1 7463
d 4 18795
d 4 15452
d 1 21953
d 5 20738
d 5 9604
d 1 4080
d 1 22131
d 3 13832
d 4 1699
d 1 16515
d 1 17779
d 3 21432
d 3 14989
d 1 22811
d 4 5894
d 3 13396
d 1 4406
d 4 7923
d 1 12338
d 3 22971
d 3 18150
d 4 12971
d 1 22960
d 3 15705
d 1 9008
d 5 21696
d 5 18890
d 1 10769
d 1 13291
d 5 6993
d 1 20145
d 3 21505
d 3 16912
d 4 11206
d 3 7894
d 1 5741
d 1 17891
d 1 14240
d 1 3773
d 3 18427
d 3 17153
d 3 21461
d 1 1939
d 5 11000
d 1 15407
d 1 11471
d 1 15484
d 1 3817
d 5 7279
d 5 10924
d 3 21252
d 1 12275
d 5 22173
d 4 9441
d 4 13913
d 1 16862
d 1 22216
d 1 23076
d 5 2746
d 5 16002
d 5 10942
d 4 21793
d 4 5019
d 5 7677
d 5 16588
d 1 10976
d 4 22713
d 5 11200
d 1 24777
d 1 1176
d 5 21818
d 3 10389
d 1 7092
d 3 12873
d 3 4451
d 5 1056
d 3 10874
d 3 10248
d 4 11048
d 1 6973
d 5 9140
d 1 7649
d 3 10737
d 5 10268
d 5 10267
d 3 10663
d 5 1497
d 5 13408
d 5 21338
d 4 19483
d 3 19628
d 4 14982
d 1 5732
d 1 23575
d 3 19155
d 4 6553
d 1 10005
d 5 1730
d 3 21092
d 3 21093
d 1 1808
d 4 19000
d 3 11501
d 3 4209
d 1 2967
d 1 13404
d 1 1085
d 3 6543
d 3 3014
d 1 15573
d 1 1342
d 1 11931
d 1 6944
d 3 2085
d 1 2205
d 1 22648
d 5 19430
d 3 9989
d 3 22121
d 3 2880
d 4 21552
d 5 2846
d 4 20113
d 3 10332
d 3 19872
d 5 1157
d 5 9166
d 4 10794
d 1 10214
d 5 23772
d 5 13310
d 1 18478
d 4 11591
d 5 11820
d 1 4327
d 3 6841
d 4 16158
d 3 15469
d 3 10731
d 1 7916
d 1 7917
d 1 7918
d 1 7919
d 4 21461
d 5 21289
d 1 19655
d 3 815
d 1 14773
d 1 7287
d 1 20222
d 1 23131
d 3 16292
d 3 19904
d 3 16083
d 1 23315
d 3 9532
d 4 9899
d 4 8961
d 4 8553
d 3 7317
d 1 1903
d 1 22049
d 5 8610
d 1 11502
d 1 11433
d 1 7088
d 3 7419
d 1 3625
d 1 21542
d 3 15902
d 4 14047
d 4 15697
d 1 19155
d 3 13949
d 3 23217
d 1 10297
d 5 16083
d 3 9051
d 5 6649
d 4 13116
d 1 12260
d 3 759
d 3 6911
d 5 987
d 5 10524
d 3 15444
d 1 24971
d 3 18769
d 3 16741
d 3 3218
d 1 24018
d 5 1253
d 5 3047
d 3 15942
d 4 14122
d 5 9143
d 4 17202
d 3 2813
d 1 23207
d 5 16785
d 3 21968
d 3 1651
d 4 6513
d 3 24931
d 5 12015
d 3 833
d 5 20578
d 4 22501
d 1 23910
d 4 10582
d 5 4153
d 5 21699
d 1 6136
d 3 3635
d 3 4554
d 4 383
d 1 23203
d 4 20638
d 1 6218
d 1 13985
d 4 12658
d 1 12191
d 1 12192
d 5 15736
d 1 7047
d 1 12952
d 5 12473
d 4 19429
d 3 24135
d 3 5135
d 3 14733
d 3 4530
d 1 22700
d 3 17458
d 1 2346
d 3 7270
d 5 3805
d 4 3559
d 1 12979
d 3 19820
d 1 3895
d 1 7850
d 4 21558
d 1 16074
d 3 20974
d 1 24585
d 4 6959
d 4 10324
d 4 20558
d 1 17902
d 3 11972
d 1 5587
d 4 1498
d 3 20745
d 4 22592
d 4 6202
d 3 15919
d 5 447
d 4 13842
d 5 8626
d 1 17093
d 1 17094
d 3 5887
d 3 16235
d 1 5846
d 1 20421
d 3 10454
d 5 22557
d 3 4450
d 5 3068
d 4 12747
d 3 1941
d 4 6407
d 3 14581
d 4 23973
d 4 11425
d 4 21265
d 1 1269
d 3 13741
d 3 7
d 3 19264
d 4 20110
d 1 7206
d 3 2776
d 1 7207
d 1 14737
d 3 24751
d 5 8054
d 3 9265
d 5 11466
d 3 2599
d 1 12410
d 1 22615
d 3 15173
d 1 17585
d 1 21870
d 3 14421
d 5 2585
d 1 2725
d 3 21794
d 1 5856
d 4 11896
d 4 7082
d 1 17806
d 1 8554
d 1 8555
d 3 20775
d 3 13201
d 1 4556
d 4 1130
d 1 16946
d 3 5153
d 1 9208
d 4 9337
d 4 24759
d 3 14928
d 1 2765
d 5 11392
d 5 5892
d 5 9559
d 1 21189
d 5 23839
d 3 24875
d 1 14817
d 3 14663
d 1 13972
d 3 2156
d 3 8609
d 3 3869
d 3 18459
d 3 4946
d 3 19694
d 4 4648
d 1 17424
d 3 3572
d 1 17696
d 3 11428
d 3 22728
d 3 17444
d 1 20936
d 3 834
d 1 19577
d 1 14658
d 3 5270
d 4 2105
d 1 17148
d 1 23918
d 1 6296
d 5 18214
d 3 12589
d 4 24571
d 1 17500
d 4 2516
d 1 11115
d 1 6690
d 4 6164
d 3 5296
d 3 10364
d 3 10077
d 3 11929
d 1 23115
d 3 19541
d 3 7815
d 4 24154
d 5 24543
d 1 12923
d 5 8071
d 1 20595
d 5 15871
d 3 21396
d 1 20319
d 3 1117
d 4 20063
d 3 592
d 3 7372
d 3 7314
d 1 5087
d 4 24968
d 1 21902
d 3 6330
d 3 1818
d 1 7914
d 5 3645
d 3 13845
d 1 16219
d 3 19739
d 1 9213
d 5 14647
d 4 17570
d 4 13948
d 3 15558
d 1 9418
d 3 7804
d 3 22372
d 3 17996
d 1 2965
d 4 20419
d 3 1005
d 3 6626
d 1 24250
d 1 24394
d 1 1335
d 3 7802
d 3 23506
d 4 22625
d 1 19722
d 4 24938
d 1 13790
d 3 19844
d 3 24261
d 3 6581
d 3 22787
d 1 17095
d 3 14624
d 3 15463
d 3 2264
d 4 15641
d 1 11363
d 4 21299
d 1 5971
d 5 14032
d 1 14209
d 3 23457
d 3 4135
d 4 2685
d 4 18250
d 5 23711
d 3 23830
d 3 20344
d 3 21148
d 3 19575
d 3 19475
d 1 9500
d 5 23893
d 1 14746
d 5 23275
d 4 23310
d 1 14968
d 1 16217
d 1 23744
d 1 11253
d 1 24408
d 1 8478
d 1 11575
d 4 5528
d 4 13012
d 3 12536
d 3 4018
d 3 21374
d 3 5024
d 1 14001
d 1 23116
d 1 23117
d 4 21511
d 1 20733
d 3 18307
d 1 4515
d 4 15788
d 5 1047
d 1 16039
d 3 6123
d 1 4372
d 3 15894
d 1 6460
d 1 2904
d 3 19136
d 3 8258
d 1 8661
d 3 2428
d 3 2021
d 3 7146
d 5 12737
d 1 24319
d 5 9802
d 1 12773
d 3 7408
d 3 14370
d 1 23879
d 4 7815
d 4 18010
d 3 18791
d 1 12924
d 1 21815
d 1 582
d 1 18119
d 3 243
d 1 1435
d 1 14048
d 3 8199
d 1 7293
d 1 17202
d 1 16459
d 3 20925
d 1 22294
d 3 8931
d 1 16314
d 1 3622
d 5 14081
d 3 24786
d 4 1995
d 1 15455
d 1 20650
d 1 5149
d 1 20564
d 3 15019
d 3 15775
d 1 8207
d 1 17655
d 4 19989
d 1 8734
d 1 22097
d 3 20040
d 3 2151
d 1 9328
d 1 22927
d 3 22517
d 3 11030
d 3 23330
d 4 19448
d 1 18625
d 4 23948
d 3 8906
d 1 22376
d 1 4251
d 1 22031
d 3 15106
d 3 179
d 1 1217
d 3 3797
d 4 11725
d 5 11924
d 1 15878
d 1 11783
d 1 3310
d 5 23775
d 1 10012
d 1 7532
d 3 5884
d 1 24314
d 5 11770
d 5 18580
d 5 16176
d 5 15988
d 4 4031
d 1 12975
d 3 20947
d 5 21872
d 3 8909
d 1 3633
d 3 9438
d 1 18832
d 5 18507
d 3 10319
d 3 4129
d 3 17490
d 1 17823
d 5 22258
d 3 7879
d 5 9283
d 4 5663
d 3 10593
d 3 2497
d 3 2498
d 1 2167
d 1 3332
d 1 12452
d 3 9821
d 3 5769
d 1 21511
d 3 8265
d 5 5153
d 1 4314
d 1 11714
d 5 23228
d 5 5429
d 5 24954
d 5 19938
d 4 3553
d 5 14980
d 5 23043
d 1 1542
d 1 7954
d 4 3566
d 3 8110
d 1 8286
d 5 3904
d 3 449
d 3 17105
d 5 3711
d 5 23984
d 5 22037
d 4 23915
d 3 7129
d 3 11946
d 3 895
d 3 16975
d 4 19294
d 1 7046
d 3 21225
d 1 20579
d 1 20005
d 4 13840
d 5 20846
d 3 14705
d 3 15934
d 3 14582
d 3 23065
d 1 3120
d 1 8153
d 3 24854
d 1 1436
d 4 24333
d 3 19007
d 3 20648
d 1 10331
d 1 3917
d 1 10521
d 4 14581
d 3 12717
d 3 15882
d 3 11966
d 1 16080
d 3 19265
d 4 4570
d 3 10092
d 3 4942
d 3 2013
d 3 11375
d 1 15498
d 1 19159
d 5 3774
d 1 12193
d 3 3478
d 3 24282
d 1 15685
d 3 5382
d 3 7445
d 1 7896
d 1 8712
d 3 19635
d 3 798
d 1 9647
d 1 23390
d 4 21747
d 1 19798
d 1 9698
d 3 8731
d 3 20345
d 1 24320
d 1 7920
d 1 18009
d 1 13606
d 5 1141
d 5 5188
d 4 7405
d 5 4964
d 5 19832
d 3 11525
d 3 16709
d 3 4677
d 1 12589
d 1 3521
d 3 9282
d 1 6653
d 1 850
d 1 14562
d 1 16894
d 1 16945
d 3 1093
d 3 20037
d 3 10455
d 1 15843
d 1 5325
d 4 13288
d 1 7331
d 3 10171
d 5 13599
d 1 15765
d 3 16307
d 1 9975
d 3 6270
d 3 21305
d 3 21398
d 5 18704
d 1 1992
d 5 23497
d 3 21919
d 3 12768
d 1 3967
d 3 11267
d 3 19303
d 3 11606
d 3 7391
d 1 897
d 1 4754
d 1 7753
d 3 2950
d 1 19555
d 1 22305
d 4 376
d 3 13171
d 3 23507
d 1 6247
d 3 11285
d 3 10515
d 3 10267
d 1 5494
d 4 3968
d 1 13949
d 3 23314
d 4 13816
d 1 19126
d 3 10216
d 3 15676
d 4 16060
d 1 10403
d 4 6212
d 1 23576
d 1 5614
d 5 21802
d 4 12568
d 3 14476
d 3 10286
d 1 22810
d 3 15788
d 1 7576
d 3 8227
d 3 21382
d 3 1224
d 3 2518
d 4 24725
d 1 16280
d 5 7945
d 1 20916
d 5 6597
d 1 3177
d 3 15464
d 1 21377
d 3 22024
d 3 13668
d 1 4788
d 3 6549
d 1 17229
d 1 14818
d 5 1963
d 1 10797
d 1 13346
d 4 13125
d 3 13537
d 1 3202
d 3 22238
d 1 17959
d 1 17254
d 3 16051
d 1 3587
d 1 11679
d 3 17979
d 3 14615
d 1 19723
d 1 6219
d 1 8583
d 3 11305
d 1 8764
d 1 16620
d 4 5169
d 1 4693
d 5 7655
d 3 6407
d 1 17497
d 3 11284
d 5 4161
d 1 6504
d 1 6166
d 1 20028
d 1 20291
d 1 22425
d 1 18067
d 5 7614
d 3 16048
d 3 20597
d 3 15789
d 3 16015
d 1 14111
d 4 21416
d 3 5631
d 1 17551
d 5 4567
d 4 18456
d 3 6515
d 1 5910
d 1 12500
d 3 12199
d 1 22772
d 1 14277
d 3 10787
d 3 17402
d 5 9211
d 1 14208
d 1 23137
d 5 20583
d 1 3238
d 3 19031
d 1 21954
d 3 7989
d 3 10878
d 1 4770
d 3 1798
d 3 11990
d 3 23672
d 1 18857
d 1 18858
d 1 18859
d 1 18860
d 1 18861
d 1 3011
d 1 11366
d 1 18015
d 5 8647
d 3 11040
d 1 8028
d 1 17255
d 1 20138
d 1 14087
d 5 23158
d 3 12661
d 3 17096
d 3 4253
d 1 15592
d 1 14842
d 1 23796
d 1 12312
d 5 1560
d 3 18462
d 5 21153
d 1 24526
d 1 23802
d 5 9723
d 3 7900
d 1 23551
d 1 11254
d 1 13125
d 1 14903
d 4 12351
d 3 3000
d 3 13359
d 3 22740
d 1 22701
d 1 4527
d 3 5411
d 3 16669
d 3 6583
d 1 1218
d 1 21049
d 4 24800
d 3 7653
d 1 13127
d 3 10561
d 1 21246
d 4 20768
d 1 7565
d 1 10468
d 3 5985
d 4 7449
d 1 4961
d 5 17558
d 1 19805
d 3 19750
d 3 18230
d 3 3380
d 1 15418
d 3 330
d 3 22877
d 1 24778
d 1 8885
d 1 13914
d 1 4486
d 3 9563
d 3 13966
d 1 5558
d 3 21397
d 3 22463
d 1 3641
d 5 20401
d 1 4040
d 1 16825
d 3 4947
d 3 24932
d 3 23133
d 3 13917
d 3 13570
d 1 12566
d 1 15676
d 4 21489
d 3 21468
d 3 8551
d 3 13277
d 1 23917
d 1 16447
d 4 3248
d 1 13694
d 4 19160
d 1 3634
d 1 3371
d 3 21694
d 1 11713
d 3 20207
d 4 16367
d 1 23463
d 3 18071
d 3 4964
d 1 1927
d 1 12675
d 1 14650
d 1 5069
d 1 13960
d 1 20562
d 1 6038
d 5 22701
d 1 15376
d 1 1547
d 1 23070
d 1 23079
d 1 15234
d 4 16915
d 5 8650
d 3 20854
d 3 10181
d 3 19324
d 1 10770
d 1 22153
d 3 10595
d 1 15630
d 1 9754
d 3 20002
d 3 17491
d 1 18659
d 5 7219
d 1 20040
d 1 6309
d 1 8663
d 1 14946
d 3 4870
d 3 20761
d 1 1341
d 1 13164
d 1 24116
d 3 2806
d 1 444
d 1 1954
d 1 9180
d 5 8861
d 1 12389
d 3 15091
d 4 21686
d 3 8542
d 1 24959
d 1 16907
d 1 19456
d 3 3596
d 1 10519
d 3 22282
d 3 23213
d 5 2757
d 3 7525
d 3 11057
d 3 8537
d 3 18164
d 1 23377
d 5 19868
d 1 14368
d 1 19076
d 1 21531
d 3 19485
d 4 18881
d 3 6637
d 5 20461
d 3 822
d 5 2551
d 1 3164
d 3 6283
d 3 22766
d 4 15279
d 1 10223
d 4 23879
d 3 1189
d 3 4446
d 1 9064
d 1 20740
d 5 17722
d 1 16852
d 1 20008
d 3 2176
d 3 22998
d 5 23791
d 3 10643
d 1 19760
d 3 15885
d 3 16345
d 5 1526
d 3 11586
d 1 7803
d 3 5757
d 3 22403
d 1 24975
d 1 24976
d 3 2914
d 1 24925
d 3 15307
d 3 24339
d 1 9039
d 3 20546
d 3 20886
d 5 418
d 3 10393
d 1 4187
d 3 17100
d 4 7911
d 3 19903
d 3 20534
d 1 24433
d 1 1452
d 3 4773
d 1 13549
d 1 22767
d 1 24385
d 3 16819
d 3 13351
d 1 22046
d 5 24787
d 3 7746
d 1 3857
d 1 13376
d 1 22778
d 1 22829
d 3 8896
d 1 15766
d 1 6951
d 1 3001
d 4 6519
d 1 11261
d 1 24609
d 5 11781
d 3 5788
d 3 6246
d 3 7298
d 3 22234
d 3 6922
d 3 15108
d 3 19068
d 5 15776
d 4 9483
d 5 24510
d 3 18896
d 3 5365
d 3 13170
d 3 20550
d 3 19003
d 5 14987
d 1 20538
d 1 17992
d 1 21041
d 4 17338
d 3 14461
d 3 20282
d 1 22617
d 1 14114
d 5 4873
d 3 22258
d 4 3632
d 1 15471
d 3 1035
d 3 7791
d 1 10682
d 3 17232
d 1 17498
d 1 5036
d 3 21762
d 3 6259
d 1 10327
d 3 4835
d 3 11015
d 1 9833
d 3 15152
d 3 4273
d 1 16226
d 1 3861
d 1 21605
d 3 19774
d 3 15045
d 1 1012
d 1 17504
d 3 14183
d 1 15732
d 5 5945
d 5 17374
d 5 8529
d 3 23458
d 1 14654
d 3 4593
d 3 18714
d 3 3870
d 1 23119
d 4 12525
d 1 14196
d 3 2261
d 1 10340
d 4 11
d 3 18152
d 1 11506
d 1 22321
d 3 10998
d 3 10858
d 1 22328
d 3 21702
d 3 19934
d 1 8688
d 3 23329
d 1 10060
d 3 6729
d 1 10784
d 3 24022
d 3 7669
d 1 12944
d 4 21976
d 3 898
d 1 17960
d 3 15997
d 1 23911
d 3 3920
d 3 3219
d 1 13800
d 3 13005
d 4 6232
d 1 3527
d 3 16180
d 1 6753
d 5 6965
d 3 366
d 5 14942
d 1 20705
d 5 16528
d 4 10808
d 1 2927
d 3 8056
d 1 3696
d 4 3579
d 3 24479
d 4 5845
d 3 5871
d 1 16132
d 3 2369
d 1 15008
d 3 20858
d 3 5208
d 3 12877
d 1 15346
d 1 24280
d 3 19805
d 3 15243
d 5 12738
d 3 22503
d 5 23052
d 1 8528
d 3 24150
d 4 18004
d 1 13890
d 3 2519
d 3 19044
d 3 421
d 4 15751
d 1 5636
d 1 22149
d 3 3917
d 1 24246
d 3 2178
d 3 6580
d 5 7466
d 1 13922
d 1 3038
d 4 10411
d 1 20465
d 1 24328
d 1 18140
d 1 10781
d 3 10192
d 1 14652
d 4 15808
d 3 20480
d 3 19306
d 3 936
d 1 6822
d 5 8954
d 3 10174
d 3 22129
d 1 7829
d 3 13886
d 1 7754
d 1 2742
d 1 19458
d 3 6203
d 3 13360
d 1 8618
d 1 18929
d 3 15846
d 3 18830
d 3 11522
d 1 14109
d 4 1577
d 1 9631
d 1 6299
d 1 15153
d 3 1321
d 3 24298
d 1 5784
d 3 24121
d 1 11500
d 3 14679
d 1 17241
d 1 16796
d 4 10673
d 1 6195
d 1 6884
d 3 13915
d 4 2314
d 3 8179
d 1 10588
d 3 13484
d 5 21151
d 1 12209
d 3 21463
d 3 13365
d 3 8447
d 3 6861
d 3 23015
d 1 12995
d 1 2280
d 3 17796
d 4 11550
d 3 1955
d 3 16023
d 3 10767
d 3 4440
d 4 17529
d 1 21556
d 3 20399
d 4 19450
d 3 6917
d 1 20738
d 1 8812
d 1 6848
d 1 11893
d 3 6674
d 3 9183
d 4 9885
d 5 22431
d 5 18647
d 1 8216
d 1 5710
d 1 12219
d 3 23751
d 5 11036
d 3 7732
d 1 5561
d 1 16424
d 3 18063
d 1 11472
d 4 7406
d 3 20835
d 1 9465
d 1 22604
d 1 13074
d 3 1036
d 3 13861
d 3 18297
d 3 11513
d 3 22077
d 3 17957
d 1 2879
d 5 10621
d 1 19614
d 1 2296
d 3 9516
d 1 23297
d 3 7841
d 5 11058
d 3 17922
d 3 496
d 3 675
d 1 24301
d 3 18504
d 3 3023
d 5 14902
d 3 7524
d 1 9921
d 1 21021
d 5 7375
d 3 475
d 3 1956
d 1 6461
d 1 3772
d 3 5154
d 3 12760
d 3 9132
d 3 6064
d 1 8820
d 4 18282
d 1 9668
d 3 18825
d 3 20943
d 3 8643
d 1 24715
d 4 19709
d 1 8275
d 1 4291
d 1 23208
d 3 19299
d 3 9958
d 1 20673
d 1 7567
d 1 14078
d 1 4908
d 1 13602
d 5 24572
d 1 2855
d 4 4571
d 1 20345
d 5 12562
d 5 2171
d 3 24690
d 3 6738
d 4 3726
d 1 9926
d 1 10067
d 3 9082
d 1 21037
d 5 12347
d 1 20605
d 5 19086
d 3 13377
d 1 16805
d 3 11276
d 3 15372
d 4 275
d 3 12677
d 1 4484
d 3 7978
d 3 3163
d 3 9538
d 5 15802
d 1 1479
d 1 15473
d 3 5831
d 1 20942
d 3 3158
d 3 9753
d 1 17175
d 3 12874
d 3 16891
d 1 5619
d 5 13635
d 4 14450
d 1 19642
d 3 21069
d 3 6598
d 5 12095
d 1 20677
d 5 7612
d 3 19404
d 3 15160
d 5 3061
d 1 13024
d 1 24182
d 1 23414
d 3 21925
d 4 15740
d 1 6329
d 3 13544
d 1 12394
d 3 10617
d 1 22806
d 1 3114
d 1 15105
d 4 9095
d 1 2954
d 3 14796
d 1 17003
d 1 3208
d 5 16122
d 3 10766
d 4 5851
d 1 6523
d 1 15047
d 3 6223
d 3 11745
d 1 17808
d 1 18564
d 3 12922
d 3 20981
d 1 19401
d 1 8944
d 4 6521
d 4 19971
d 3 19848
d 3 22544
d 4 21637
d 5 7155
d 1 18325
d 3 11041
d 3 19083
d 1 18220
d 4 15610
d 3 21008
d 3 6233
d 1 4155
d 5 22656
d 3 20332
d 1 21297
d 4 20604
d 1 18060
d 1 20536
d 3 10795
d 4 11999
d 3 1108
d 1 6797
d 3 13586
d 5 11094
d 1 14502
d 3 10673
d 1 21727
d 5 696
d 3 15761
d 3 15763
d 1 9422
d 4 21453
d 4 22770
d 3 24989
d 3 11379
d 1 12967
d 3 15782
d 1 23578
d 1 3970
d 1 24652
d 3 20169
d 4 14732
d 1 15565
d 3 22057
d 5 21205
d 1 5556
d 4 17900
d 1 20055
d 1 14614
d 1 4183
d 3 22860
d 3 16034
d 4 22365
d 1 24576
d 1 17401
d 1 5620
d 4 5246
d 1 10606
d 1 9074
d 5 10115
d 1 14951
d 3 12279
d 5 662
d 3 9838
d 1 11104
d 4 8656
d 1 21259
d 3 14072
d 4 18057
d 1 9956
d 3 7447
d 1 7091
d 3 7666
d 3 15006
d 3 4711
d 4 6452
d 3 17203
d 4 443
d 3 12131
d 5 20847
d 3 7361
d 1 18057
d 3 11994
d 1 5802
d 3 19714
d 3 839
d 3 840
d 3 7876
d 3 23444
d 1 16065
d 1 1191
d 3 9497
d 5 8932
d 4 22272
d 1 7148
d 1 17987
d 1 15397
d 1 3322
d 1 9020
d 1 24452
d 1 11393
d 5 12134
d 3 8262
d 5 2700
d 3 21657
d 1 9181
d 1 22941
d 4 273
d 1 2582
d 3 19348
d 5 8991
d 1 12632
d 1 5324
d 5 10653
d 1 7078
d 3 6967
d 1 22063
d 1 4991
d 1 17375
d 1 13427
d 1 16489
d 3 6872
d 1 1307
d 3 6500
d 4 23699
d 1 21395
d 1 4280
d 3 11475
d 1 8908
d 1 13559
d 3 3837
d 1 18896
d 3 18949
d 1 19280
d 1 21288
d 1 23689
d 3 5804
d 3 16773
d 1 11554
d 1 7103
d 1 20310
d 5 7097
d 4 2295
d 1 630
d 3 5990
d 1 6363
d 1 15696
d 3 23366
d 5 19359
d 3 16186
d 1 14699
d 3 247
d 4 21130
d 3 2981
d 1 23936
d 1 22563
d 1 21216
d 1 9610
d 3 11987
d 5 7828
d 3 2123
d 3 11429
d 3 1887
d 3 17727
d 3 14320
d 1 23619
d 4 21837
d 1 5803
d 5 19950
d 3 11719
d 1 22672
d 3 10856
d 4 20181
d 1 18177
d 1 9925
d 3 14993
d 5 5682
d 4 6435
d 3 17767
d 5 5652
d 3 15779
d 3 14940
d 1 10582
d 1 10583
d 1 1524
d 3 9942
d 3 24370
d 3 14861
d 3 8526
d 5 10012
d 5 14874
d 3 5691
d 3 8156
d 1 24762
d 3 19773
d 1 3402
d 1 13579
d 3 10702
d 3 5023
d 1 24828
d 3 2411
d 1 14566
d 3 968
d 3 3119
d 3 18252
d 3 892
d 4 18791
d 1 8996
d 1 22768
d 1 5630
d 4 24781
d 3 11734
d 5 21154
d 1 8494
d 3 20688
d 4 3564
d 1 3180
d 3 11828
d 4 8363
d 1 10534
d 1 16990
d 3 1949
d 5 15271
d 1 12933
d 1 3689
d 1 8649
d 1 7251
d 5 6851
d 5 833
d 5 11869
d 3 17770
d 4 7713
d 1 17888
d 5 23475
d 1 16326
d 1 18320
d 3 20647
d 1 17995
d 1 15100
d 4 16390
d 3 23147
d 3 23148
d 1 3149
d 1 18862
d 4 3083
d 3 20256
d 1 7090
d 1 24590
d 3 17595
d 1 14874
d 1 15788
d 1 19257
d 3 19916
d 3 2825
d 1 23502
d 3 14462
d 1 14124
d 3 20783
d 3 11695
d 1 11805
d 3 5410
d 3 22920
d 3 2030
d 3 2031
d 3 2034
d 3 9376
d 3 24632
d 3 8559
d 5 1440
d 1 8865
d 3 20815
d 1 24112
d 4 4277
d 1 7093
d 3 15391
d 1 19834
d 1 1190
d 3 2304
d 4 15679
d 1 23229
d 3 14510
d 3 16091
d 3 8233
d 1 13671
d 3 9022
d 4 11735
d 4 199
d 1 17784
d 1 15600
d 1 1926
d 3 4761
d 1 19742
d 3 16719
d 1 12904
d 1 4360
d 1 13863
d 4 8033
d 3 12694
d 1 14745
d 3 11304
d 1 19111
d 5 15546
d 1 18322
d 3 7299
d 5 9998
d 1 3361
d 3 3986
d 1 3069
d 4 15030
d 3 532
d 3 20465
d 5 389
d 5 2384
d 3 8332
d 5 22144
d 3 11240
d 3 5857
d 1 19701
d 3 12287
d 1 23564
d 1 2905
d 1 18370
d 3 10371
d 3 13380
d 5 5565
d 1 16329
d 1 4656
d 3 17071
d 1 3175
d 1 6446
d 3 1685
d 5 17663
d 1 18335
d 1 20007
d 3 19345
d 1 23556
d 3 22866
d 3 7386
d 1 22977
d 3 10109
d 1 6469
d 5 12874
d 4 23321
d 3 9582
d 3 24798
d 1 16140
d 4 15864
d 3 4537
d 3 22443
d 1 3097
d 3 14009
d 1 2277
d 1 2564
d 4 18393
d 1 23415
d 3 11170
d 3 602
d 1 22060
d 4 9174
d 3 12881
d 5 19598
d 3 16696
d 3 2314
d 4 3992
d 3 5107
d 3 4435
d 1 19951
d 4 17781
d 1 16654
d 1 4688
d 1 7621
d 5 1413
d 1 12249
d 3 604
d 3 7468
d 1 8845
d 3 786
d 3 4958
d 3 133
d 1 8707
d 3 4656
d 1 19569
d 1 22110
d 1 3621
d 3 21943
d 3 6716
d 1 22218
d 1 23480
d 1 24713
d 3 24886
d 1 15920
d 1 14257
d 1 24401
d 5 8103
d 1 14458
d 1 12751
d 3 17504
d 1 4003
d 1 23593
d 1 24303
d 3 1909
d 3 20071
d 5 6332
d 5 18278
d 3 20258
d 3 5536
d 3 23317
d 3 716
d 1 21301
d 1 3118
